2026-05-12T13:29:20.174 [INFO] requestId:[                                    ] thread:[background-preinit       ] o.h.validator.internal.util.Version.<clinit>@21:
   HV000001: Hibernate Validator 8.0.1.Final 
2026-05-12T13:29:20.185 [DEBUG] requestId:[                                    ] thread:[background-preinit       ] o.h.v.i.xml.config.ValidationXmlParser.getValidationXmlInputStream@122:
   Trying to load META-INF/validation.xml for XML based Validator configuration. 
2026-05-12T13:29:20.187 [DEBUG] requestId:[                                    ] thread:[background-preinit       ] o.h.v.i.xml.config.ResourceLoaderHelper.getResettableInputStreamForPath@61:
   Trying to load META-INF/validation.xml via TCCL 
2026-05-12T13:29:20.189 [DEBUG] requestId:[                                    ] thread:[background-preinit       ] o.h.v.i.xml.config.ResourceLoaderHelper.getResettableInputStreamForPath@67:
   Trying to load META-INF/validation.xml via Hibernate Validator's class loader 
2026-05-12T13:29:20.189 [DEBUG] requestId:[                                    ] thread:[background-preinit       ] o.h.v.i.xml.config.ValidationXmlParser.getValidationXmlInputStream@129:
   No META-INF/validation.xml found. Using annotation based configuration only. 
2026-05-12T13:29:20.193 [DEBUG] requestId:[                                    ] thread:[background-preinit       ] o.h.v.i.e.resolver.TraversableResolvers.getDefault@61:
   Cannot find jakarta.persistence.Persistence on classpath. Assuming non JPA 2 environment. All properties will per default be traversable. 
2026-05-12T13:29:20.221 [DEBUG] requestId:[                                    ] thread:[background-preinit       ] o.h.v.m.ResourceBundleMessageInterpolator.buildExpressionFactory@175:
   Loaded expression factory via original TCCL 
2026-05-12T13:29:20.228 [INFO] requestId:[                                    ] thread:[main                     ] c.s.testHibernate.SimulatorApplication.logStarting@51:
   Starting SimulatorApplication using Java 21.0.3 with PID 24216 (C:\Users\Ezati.Maryam\IdeaProjects\IdeaProjectsReview\simulator\target\classes started by Ezati.Maryam in C:\Users\Ezati.Maryam\IdeaProjects\IdeaProjectsReview\simulator) 
2026-05-12T13:29:20.229 [INFO] requestId:[                                    ] thread:[main                     ] c.s.testHibernate.SimulatorApplication.logStartupProfileInfo@637:
   No active profile set, falling back to 1 default profile: "default" 
2026-05-12T13:29:20.364 [DEBUG] requestId:[                                    ] thread:[background-preinit       ] o.h.v.i.e.ValidatorFactoryConfigurationHelper.determinePropertyNodeNameProvider@355:
   HV000252: Using org.hibernate.validator.internal.engine.DefaultPropertyNodeNameProvider as property node name provider. 
2026-05-12T13:29:20.378 [DEBUG] requestId:[                                    ] thread:[background-preinit       ] o.h.v.i.e.ValidatorFactoryConfigurationHelper.logValidatorFactoryScopedConfiguration@447:
   HV000234: Using org.hibernate.validator.messageinterpolation.ResourceBundleMessageInterpolator as ValidatorFactory-scoped message interpolator. 
2026-05-12T13:29:20.381 [DEBUG] requestId:[                                    ] thread:[background-preinit       ] o.h.v.i.e.ValidatorFactoryConfigurationHelper.logValidatorFactoryScopedConfiguration@448:
   HV000234: Using org.hibernate.validator.internal.engine.resolver.TraverseAllTraversableResolver as ValidatorFactory-scoped traversable resolver. 
2026-05-12T13:29:20.382 [DEBUG] requestId:[                                    ] thread:[background-preinit       ] o.h.v.i.e.ValidatorFactoryConfigurationHelper.logValidatorFactoryScopedConfiguration@449:
   HV000234: Using org.hibernate.validator.internal.util.ExecutableParameterNameProvider as ValidatorFactory-scoped parameter name provider. 
2026-05-12T13:29:20.382 [DEBUG] requestId:[                                    ] thread:[background-preinit       ] o.h.v.i.e.ValidatorFactoryConfigurationHelper.logValidatorFactoryScopedConfiguration@450:
   HV000234: Using org.hibernate.validator.internal.engine.DefaultClockProvider as ValidatorFactory-scoped clock provider. 
2026-05-12T13:29:20.383 [DEBUG] requestId:[                                    ] thread:[background-preinit       ] o.h.v.i.e.ValidatorFactoryConfigurationHelper.logValidatorFactoryScopedConfiguration@451:
   HV000234: Using org.hibernate.validator.internal.engine.scripting.DefaultScriptEvaluatorFactory as ValidatorFactory-scoped script evaluator factory. 
2026-05-12T13:29:21.714 [INFO] requestId:[                                    ] thread:[main                     ] o.s.b.w.embedded.tomcat.TomcatWebServer.initialize@108:
   Tomcat initialized with port(s): 8092 (http) 
2026-05-12T13:29:21.723 [INFO] requestId:[                                    ] thread:[main                     ] o.apache.coyote.http11.Http11NioProtocol.log@173:
   Initializing ProtocolHandler ["http-nio-8092"] 
2026-05-12T13:29:21.726 [INFO] requestId:[                                    ] thread:[main                     ] o.apache.catalina.core.StandardService.log@173:
   Starting service [Tomcat] 
2026-05-12T13:29:21.726 [INFO] requestId:[                                    ] thread:[main                     ] org.apache.catalina.core.StandardEngine.log@173:
   Starting Servlet engine: [Apache Tomcat/10.1.13] 
2026-05-12T13:29:21.848 [INFO] requestId:[                                    ] thread:[main                     ] o.a.c.c.C.[Tomcat].[localhost].[/].log@173:
   Initializing Spring embedded WebApplicationContext 
2026-05-12T13:29:21.849 [INFO] requestId:[                                    ] thread:[main                     ] o.s.b.w.s.c.ServletWebServerApplicationContext.prepareWebApplicationContext@291:
   Root WebApplicationContext: initialization completed in 1553 ms 
2026-05-12T13:29:21.930 [DEBUG] requestId:[                                    ] thread:[main                     ] o.h.v.m.ResourceBundleMessageInterpolator.buildExpressionFactory@175:
   Loaded expression factory via original TCCL 
2026-05-12T13:29:21.933 [DEBUG] requestId:[                                    ] thread:[main                     ] o.h.v.i.engine.AbstractConfigurationImpl.messageInterpolator@176:
   Setting custom MessageInterpolator of type org.springframework.validation.beanvalidation.LocaleContextMessageInterpolator 
2026-05-12T13:29:21.934 [DEBUG] requestId:[                                    ] thread:[main                     ] o.h.v.i.engine.AbstractConfigurationImpl.constraintValidatorFactory@208:
   Setting custom ConstraintValidatorFactory of type org.springframework.validation.beanvalidation.SpringConstraintValidatorFactory 
2026-05-12T13:29:21.935 [DEBUG] requestId:[                                    ] thread:[main                     ] o.h.v.i.xml.config.ValidationXmlParser.getValidationXmlInputStream@122:
   Trying to load META-INF/validation.xml for XML based Validator configuration. 
2026-05-12T13:29:21.936 [DEBUG] requestId:[                                    ] thread:[main                     ] o.h.v.i.xml.config.ResourceLoaderHelper.getResettableInputStreamForPath@54:
   Trying to load META-INF/validation.xml via user class loader 
2026-05-12T13:29:21.936 [DEBUG] requestId:[                                    ] thread:[main                     ] o.h.v.i.xml.config.ResourceLoaderHelper.getResettableInputStreamForPath@61:
   Trying to load META-INF/validation.xml via TCCL 
2026-05-12T13:29:21.936 [DEBUG] requestId:[                                    ] thread:[main                     ] o.h.v.i.xml.config.ResourceLoaderHelper.getResettableInputStreamForPath@67:
   Trying to load META-INF/validation.xml via Hibernate Validator's class loader 
2026-05-12T13:29:21.937 [DEBUG] requestId:[                                    ] thread:[main                     ] o.h.v.i.xml.config.ValidationXmlParser.getValidationXmlInputStream@129:
   No META-INF/validation.xml found. Using annotation based configuration only. 
2026-05-12T13:29:21.937 [DEBUG] requestId:[                                    ] thread:[main                     ] o.h.v.i.e.resolver.TraversableResolvers.getDefault@61:
   Cannot find jakarta.persistence.Persistence on classpath. Assuming non JPA 2 environment. All properties will per default be traversable. 
2026-05-12T13:29:21.939 [DEBUG] requestId:[                                    ] thread:[main                     ] o.h.v.i.e.ValidatorFactoryConfigurationHelper.determinePropertyNodeNameProvider@355:
   HV000252: Using org.hibernate.validator.internal.engine.DefaultPropertyNodeNameProvider as property node name provider. 
2026-05-12T13:29:21.940 [DEBUG] requestId:[                                    ] thread:[main                     ] o.h.v.i.e.ValidatorFactoryConfigurationHelper.logValidatorFactoryScopedConfiguration@447:
   HV000234: Using org.springframework.validation.beanvalidation.LocaleContextMessageInterpolator as ValidatorFactory-scoped message interpolator. 
2026-05-12T13:29:21.941 [DEBUG] requestId:[                                    ] thread:[main                     ] o.h.v.i.e.ValidatorFactoryConfigurationHelper.logValidatorFactoryScopedConfiguration@448:
   HV000234: Using org.hibernate.validator.internal.engine.resolver.TraverseAllTraversableResolver as ValidatorFactory-scoped traversable resolver. 
2026-05-12T13:29:21.941 [DEBUG] requestId:[                                    ] thread:[main                     ] o.h.v.i.e.ValidatorFactoryConfigurationHelper.logValidatorFactoryScopedConfiguration@449:
   HV000234: Using org.hibernate.validator.internal.util.ExecutableParameterNameProvider as ValidatorFactory-scoped parameter name provider. 
2026-05-12T13:29:21.941 [DEBUG] requestId:[                                    ] thread:[main                     ] o.h.v.i.e.ValidatorFactoryConfigurationHelper.logValidatorFactoryScopedConfiguration@450:
   HV000234: Using org.hibernate.validator.internal.engine.DefaultClockProvider as ValidatorFactory-scoped clock provider. 
2026-05-12T13:29:21.941 [DEBUG] requestId:[                                    ] thread:[main                     ] o.h.v.i.e.ValidatorFactoryConfigurationHelper.logValidatorFactoryScopedConfiguration@451:
   HV000234: Using org.hibernate.validator.internal.engine.scripting.DefaultScriptEvaluatorFactory as ValidatorFactory-scoped script evaluator factory. 
2026-05-12T13:29:22.256 [DEBUG] requestId:[                                    ] thread:[main                     ] o.h.v.m.ResourceBundleMessageInterpolator.buildExpressionFactory@175:
   Loaded expression factory via original TCCL 
2026-05-12T13:29:22.258 [DEBUG] requestId:[                                    ] thread:[main                     ] o.h.v.i.engine.AbstractConfigurationImpl.messageInterpolator@176:
   Setting custom MessageInterpolator of type org.springframework.validation.beanvalidation.LocaleContextMessageInterpolator 
2026-05-12T13:29:22.258 [DEBUG] requestId:[                                    ] thread:[main                     ] o.h.v.i.engine.AbstractConfigurationImpl.constraintValidatorFactory@208:
   Setting custom ConstraintValidatorFactory of type org.springframework.validation.beanvalidation.SpringConstraintValidatorFactory 
2026-05-12T13:29:22.259 [DEBUG] requestId:[                                    ] thread:[main                     ] o.h.v.i.xml.config.ValidationXmlParser.getValidationXmlInputStream@122:
   Trying to load META-INF/validation.xml for XML based Validator configuration. 
2026-05-12T13:29:22.260 [DEBUG] requestId:[                                    ] thread:[main                     ] o.h.v.i.xml.config.ResourceLoaderHelper.getResettableInputStreamForPath@54:
   Trying to load META-INF/validation.xml via user class loader 
2026-05-12T13:29:22.260 [DEBUG] requestId:[                                    ] thread:[main                     ] o.h.v.i.xml.config.ResourceLoaderHelper.getResettableInputStreamForPath@61:
   Trying to load META-INF/validation.xml via TCCL 
2026-05-12T13:29:22.260 [DEBUG] requestId:[                                    ] thread:[main                     ] o.h.v.i.xml.config.ResourceLoaderHelper.getResettableInputStreamForPath@67:
   Trying to load META-INF/validation.xml via Hibernate Validator's class loader 
2026-05-12T13:29:22.261 [DEBUG] requestId:[                                    ] thread:[main                     ] o.h.v.i.xml.config.ValidationXmlParser.getValidationXmlInputStream@129:
   No META-INF/validation.xml found. Using annotation based configuration only. 
2026-05-12T13:29:22.262 [DEBUG] requestId:[                                    ] thread:[main                     ] o.h.v.i.e.resolver.TraversableResolvers.getDefault@61:
   Cannot find jakarta.persistence.Persistence on classpath. Assuming non JPA 2 environment. All properties will per default be traversable. 
2026-05-12T13:29:22.263 [DEBUG] requestId:[                                    ] thread:[main                     ] o.h.v.i.e.ValidatorFactoryConfigurationHelper.determinePropertyNodeNameProvider@355:
   HV000252: Using org.hibernate.validator.internal.engine.DefaultPropertyNodeNameProvider as property node name provider. 
2026-05-12T13:29:22.263 [DEBUG] requestId:[                                    ] thread:[main                     ] o.h.v.i.e.ValidatorFactoryConfigurationHelper.logValidatorFactoryScopedConfiguration@447:
   HV000234: Using org.springframework.validation.beanvalidation.LocaleContextMessageInterpolator as ValidatorFactory-scoped message interpolator. 
2026-05-12T13:29:22.264 [DEBUG] requestId:[                                    ] thread:[main                     ] o.h.v.i.e.ValidatorFactoryConfigurationHelper.logValidatorFactoryScopedConfiguration@448:
   HV000234: Using org.hibernate.validator.internal.engine.resolver.TraverseAllTraversableResolver as ValidatorFactory-scoped traversable resolver. 
2026-05-12T13:29:22.264 [DEBUG] requestId:[                                    ] thread:[main                     ] o.h.v.i.e.ValidatorFactoryConfigurationHelper.logValidatorFactoryScopedConfiguration@449:
   HV000234: Using org.hibernate.validator.internal.util.ExecutableParameterNameProvider as ValidatorFactory-scoped parameter name provider. 
2026-05-12T13:29:22.264 [DEBUG] requestId:[                                    ] thread:[main                     ] o.h.v.i.e.ValidatorFactoryConfigurationHelper.logValidatorFactoryScopedConfiguration@450:
   HV000234: Using org.hibernate.validator.internal.engine.DefaultClockProvider as ValidatorFactory-scoped clock provider. 
2026-05-12T13:29:22.265 [DEBUG] requestId:[                                    ] thread:[main                     ] o.h.v.i.e.ValidatorFactoryConfigurationHelper.logValidatorFactoryScopedConfiguration@451:
   HV000234: Using org.hibernate.validator.internal.engine.scripting.DefaultScriptEvaluatorFactory as ValidatorFactory-scoped script evaluator factory. 
2026-05-12T13:29:22.950 [INFO] requestId:[                                    ] thread:[main                     ] o.apache.coyote.http11.Http11NioProtocol.log@173:
   Starting ProtocolHandler ["http-nio-8092"] 
2026-05-12T13:29:22.972 [INFO] requestId:[                                    ] thread:[main                     ] o.s.b.w.embedded.tomcat.TomcatWebServer.start@220:
   Tomcat started on port(s): 8092 (http) with context path '' 
2026-05-12T13:29:22.983 [INFO] requestId:[                                    ] thread:[main                     ] c.s.testHibernate.SimulatorApplication.logStarted@57:
   Started SimulatorApplication in 3.491 seconds (process running for 4.272) 
2026-05-12T13:29:22.988 [INFO] requestId:[                                    ] thread:[scheduling-1             ] c.s.testHibernate.logging.LoggingAspect.logExecution@30:
   Entering com.saber.testHibernate.service.PriceSimulatorService.generatePrice with args=[] 
2026-05-12T13:29:23.076 [INFO] requestId:[                                    ] thread:[scheduling-1             ] o.a.k.clients.producer.ProducerConfig.logAll@376:
   ProducerConfig values: 
	acks = -1
	auto.include.jmx.reporter = true
	batch.size = 16384
	bootstrap.servers = [localhost:9092]
	buffer.memory = 33554432
	client.dns.lookup = use_all_dns_ips
	client.id = producer-1
	compression.type = none
	connections.max.idle.ms = 540000
	delivery.timeout.ms = 120000
	enable.idempotence = true
	interceptor.classes = []
	key.serializer = class org.apache.kafka.common.serialization.StringSerializer
	linger.ms = 0
	max.block.ms = 60000
	max.in.flight.requests.per.connection = 5
	max.request.size = 1048576
	metadata.max.age.ms = 300000
	metadata.max.idle.ms = 300000
	metric.reporters = []
	metrics.num.samples = 2
	metrics.recording.level = INFO
	metrics.sample.window.ms = 30000
	partitioner.adaptive.partitioning.enable = true
	partitioner.availability.timeout.ms = 0
	partitioner.class = null
	partitioner.ignore.keys = false
	receive.buffer.bytes = 32768
	reconnect.backoff.max.ms = 1000
	reconnect.backoff.ms = 50
	request.timeout.ms = 30000
	retries = 2147483647
	retry.backoff.ms = 100
	sasl.client.callback.handler.class = null
	sasl.jaas.config = null
	sasl.kerberos.kinit.cmd = /usr/bin/kinit
	sasl.kerberos.min.time.before.relogin = 60000
	sasl.kerberos.service.name = null
	sasl.kerberos.ticket.renew.jitter = 0.05
	sasl.kerberos.ticket.renew.window.factor = 0.8
	sasl.login.callback.handler.class = null
	sasl.login.class = null
	sasl.login.connect.timeout.ms = null
	sasl.login.read.timeout.ms = null
	sasl.login.refresh.buffer.seconds = 300
	sasl.login.refresh.min.period.seconds = 60
	sasl.login.refresh.window.factor = 0.8
	sasl.login.refresh.window.jitter = 0.05
	sasl.login.retry.backoff.max.ms = 10000
	sasl.login.retry.backoff.ms = 100
	sasl.mechanism = GSSAPI
	sasl.oauthbearer.clock.skew.seconds = 30
	sasl.oauthbearer.expected.audience = null
	sasl.oauthbearer.expected.issuer = null
	sasl.oauthbearer.jwks.endpoint.refresh.ms = 3600000
	sasl.oauthbearer.jwks.endpoint.retry.backoff.max.ms = 10000
	sasl.oauthbearer.jwks.endpoint.retry.backoff.ms = 100
	sasl.oauthbearer.jwks.endpoint.url = null
	sasl.oauthbearer.scope.claim.name = scope
	sasl.oauthbearer.sub.claim.name = sub
	sasl.oauthbearer.token.endpoint.url = null
	security.protocol = PLAINTEXT
	security.providers = null
	send.buffer.bytes = 131072
	socket.connection.setup.timeout.max.ms = 30000
	socket.connection.setup.timeout.ms = 10000
	ssl.cipher.suites = null
	ssl.enabled.protocols = [TLSv1.2, TLSv1.3]
	ssl.endpoint.identification.algorithm = https
	ssl.engine.factory.class = null
	ssl.key.password = null
	ssl.keymanager.algorithm = SunX509
	ssl.keystore.certificate.chain = null
	ssl.keystore.key = null
	ssl.keystore.location = null
	ssl.keystore.password = null
	ssl.keystore.type = JKS
	ssl.protocol = TLSv1.3
	ssl.provider = null
	ssl.secure.random.implementation = null
	ssl.trustmanager.algorithm = PKIX
	ssl.truststore.certificates = null
	ssl.truststore.location = null
	ssl.truststore.password = null
	ssl.truststore.type = JKS
	transaction.timeout.ms = 60000
	transactional.id = null
	value.serializer = class org.springframework.kafka.support.serializer.JsonSerializer
 
2026-05-12T13:29:23.110 [INFO] requestId:[                                    ] thread:[scheduling-1             ] o.a.kafka.clients.producer.KafkaProducer.configureTransactionState@596:
   [Producer clientId=producer-1] Instantiated an idempotent producer. 
2026-05-12T13:29:23.172 [INFO] requestId:[                                    ] thread:[scheduling-1             ] o.a.kafka.common.utils.AppInfoParser.<init>@119:
   Kafka version: 3.4.1 
2026-05-12T13:29:23.173 [INFO] requestId:[                                    ] thread:[scheduling-1             ] o.a.kafka.common.utils.AppInfoParser.<init>@120:
   Kafka commitId: 8a516edc2755df89 
2026-05-12T13:29:23.173 [INFO] requestId:[                                    ] thread:[scheduling-1             ] o.a.kafka.common.utils.AppInfoParser.<init>@121:
   Kafka startTimeMs: 1778579963170 
2026-05-12T13:29:23.598 [INFO] requestId:[                                    ] thread:[twork-thread | producer-1] org.apache.kafka.clients.Metadata.updateLatestMetadata@402:
   [Producer clientId=producer-1] Resetting the last seen epoch of partition prices-0 to 0 since the associated topicId changed from null to pGDjKoEaSTu1MdcJnAP-8A 
2026-05-12T13:29:23.600 [INFO] requestId:[                                    ] thread:[twork-thread | producer-1] org.apache.kafka.clients.Metadata.update@287:
   [Producer clientId=producer-1] Cluster ID: ukg2Ud2sQJ2jcnZaJ4E0RQ 
2026-05-12T13:29:23.601 [INFO] requestId:[                                    ] thread:[twork-thread | producer-1] o.a.k.c.p.internals.TransactionManager.setProducerIdAndEpoch@440:
   [Producer clientId=producer-1] ProducerId set to 76 with epoch 0 
2026-05-12T13:29:23.616 [INFO] requestId:[                                    ] thread:[scheduling-1             ] c.s.t.service.PriceSimulatorService.generatePrice@55:
   Price event sent | symbol=BTC price=61531.7709 topic=prices 
2026-05-12T13:29:23.617 [INFO] requestId:[                                    ] thread:[scheduling-1             ] c.s.testHibernate.logging.LoggingAspect.logExecution@41:
   Exiting com.saber.testHibernate.service.PriceSimulatorService.generatePrice | executionTime=629 ms 
2026-05-12T13:29:33.139 [INFO] requestId:[                                    ] thread:[http-nio-8092-exec-1     ] o.a.c.c.C.[Tomcat].[localhost].[/].log@173:
   Initializing Spring DispatcherServlet 'dispatcherServlet' 
2026-05-12T13:29:33.140 [INFO] requestId:[                                    ] thread:[http-nio-8092-exec-1     ] o.s.web.servlet.DispatcherServlet.initServletBean@532:
   Initializing Servlet 'dispatcherServlet' 
2026-05-12T13:29:33.142 [INFO] requestId:[                                    ] thread:[http-nio-8092-exec-1     ] o.s.web.servlet.DispatcherServlet.initServletBean@554:
   Completed initialization in 1 ms 
2026-05-12T13:30:22.982 [INFO] requestId:[                                    ] thread:[scheduling-1             ] c.s.testHibernate.logging.LoggingAspect.logExecution@30:
   Entering com.saber.testHibernate.service.PriceSimulatorService.generatePrice with args=[] 
2026-05-12T13:30:22.984 [INFO] requestId:[                                    ] thread:[scheduling-1             ] c.s.t.service.PriceSimulatorService.generatePrice@55:
   Price event sent | symbol=AAPL price=185.1881 topic=prices 
2026-05-12T13:30:22.984 [INFO] requestId:[                                    ] thread:[scheduling-1             ] c.s.testHibernate.logging.LoggingAspect.logExecution@41:
   Exiting com.saber.testHibernate.service.PriceSimulatorService.generatePrice | executionTime=2 ms 
2026-05-12T13:31:22.993 [INFO] requestId:[                                    ] thread:[scheduling-1             ] c.s.testHibernate.logging.LoggingAspect.logExecution@30:
   Entering com.saber.testHibernate.service.PriceSimulatorService.generatePrice with args=[] 
2026-05-12T13:31:22.997 [INFO] requestId:[                                    ] thread:[scheduling-1             ] c.s.t.service.PriceSimulatorService.generatePrice@55:
   Price event sent | symbol=GOOG price=144.4707 topic=prices 
2026-05-12T13:31:22.998 [INFO] requestId:[                                    ] thread:[scheduling-1             ] c.s.testHibernate.logging.LoggingAspect.logExecution@41:
   Exiting com.saber.testHibernate.service.PriceSimulatorService.generatePrice | executionTime=5 ms 
2026-05-12T13:32:22.993 [INFO] requestId:[                                    ] thread:[scheduling-1             ] c.s.testHibernate.logging.LoggingAspect.logExecution@30:
   Entering com.saber.testHibernate.service.PriceSimulatorService.generatePrice with args=[] 
2026-05-12T13:32:22.995 [INFO] requestId:[                                    ] thread:[scheduling-1             ] c.s.t.service.PriceSimulatorService.generatePrice@55:
   Price event sent | symbol=ETH price=2840.9987 topic=prices 
2026-05-12T13:32:22.995 [INFO] requestId:[                                    ] thread:[scheduling-1             ] c.s.testHibernate.logging.LoggingAspect.logExecution@41:
   Exiting com.saber.testHibernate.service.PriceSimulatorService.generatePrice | executionTime=2 ms 
2026-05-12T13:33:22.985 [INFO] requestId:[                                    ] thread:[scheduling-1             ] c.s.testHibernate.logging.LoggingAspect.logExecution@30:
   Entering com.saber.testHibernate.service.PriceSimulatorService.generatePrice with args=[] 
2026-05-12T13:33:22.988 [INFO] requestId:[                                    ] thread:[scheduling-1             ] c.s.t.service.PriceSimulatorService.generatePrice@55:
   Price event sent | symbol=BTC price=55496.7836 topic=prices 
2026-05-12T13:33:22.989 [INFO] requestId:[                                    ] thread:[scheduling-1             ] c.s.testHibernate.logging.LoggingAspect.logExecution@41:
   Exiting com.saber.testHibernate.service.PriceSimulatorService.generatePrice | executionTime=4 ms 
2026-05-12T13:34:22.990 [INFO] requestId:[                                    ] thread:[scheduling-1             ] c.s.testHibernate.logging.LoggingAspect.logExecution@30:
   Entering com.saber.testHibernate.service.PriceSimulatorService.generatePrice with args=[] 
2026-05-12T13:34:22.993 [INFO] requestId:[                                    ] thread:[scheduling-1             ] c.s.t.service.PriceSimulatorService.generatePrice@55:
   Price event sent | symbol=BTC price=60977.5291 topic=prices 
2026-05-12T13:34:22.994 [INFO] requestId:[                                    ] thread:[scheduling-1             ] c.s.testHibernate.logging.LoggingAspect.logExecution@41:
   Exiting com.saber.testHibernate.service.PriceSimulatorService.generatePrice | executionTime=4 ms 
2026-05-12T13:35:22.987 [INFO] requestId:[                                    ] thread:[scheduling-1             ] c.s.testHibernate.logging.LoggingAspect.logExecution@30:
   Entering com.saber.testHibernate.service.PriceSimulatorService.generatePrice with args=[] 
2026-05-12T13:35:22.989 [INFO] requestId:[                                    ] thread:[scheduling-1             ] c.s.t.service.PriceSimulatorService.generatePrice@55:
   Price event sent | symbol=AAPL price=176.0265 topic=prices 
2026-05-12T13:35:22.990 [INFO] requestId:[                                    ] thread:[scheduling-1             ] c.s.testHibernate.logging.LoggingAspect.logExecution@41:
   Exiting com.saber.testHibernate.service.PriceSimulatorService.generatePrice | executionTime=3 ms 
2026-05-12T13:35:31.370 [INFO] requestId:[                                    ] thread:[ngApplicationShutdownHook] o.a.kafka.clients.producer.KafkaProducer.close@1310:
   [Producer clientId=producer-1] Closing the Kafka producer with timeoutMillis = 30000 ms. 
2026-05-12T13:35:31.375 [INFO] requestId:[                                    ] thread:[ngApplicationShutdownHook] org.apache.kafka.common.metrics.Metrics.close@693:
   Metrics scheduler closed 
2026-05-12T13:35:31.375 [INFO] requestId:[                                    ] thread:[ngApplicationShutdownHook] org.apache.kafka.common.metrics.Metrics.close@697:
   Closing reporter org.apache.kafka.common.metrics.JmxReporter 
2026-05-12T13:35:31.376 [INFO] requestId:[                                    ] thread:[ngApplicationShutdownHook] org.apache.kafka.common.metrics.Metrics.close@703:
   Metrics reporters closed 
2026-05-12T13:35:31.377 [INFO] requestId:[                                    ] thread:[ngApplicationShutdownHook] o.a.kafka.common.utils.AppInfoParser.unregisterAppInfo@83:
   App info kafka.producer for producer-1 unregistered 
2026-05-12T15:31:37.334 [INFO] requestId:[                                    ] thread:[background-preinit       ] o.h.validator.internal.util.Version.<clinit>@21:
   HV000001: Hibernate Validator 8.0.1.Final 
2026-05-12T15:31:37.346 [DEBUG] requestId:[                                    ] thread:[background-preinit       ] o.h.v.i.xml.config.ValidationXmlParser.getValidationXmlInputStream@122:
   Trying to load META-INF/validation.xml for XML based Validator configuration. 
2026-05-12T15:31:37.348 [DEBUG] requestId:[                                    ] thread:[background-preinit       ] o.h.v.i.xml.config.ResourceLoaderHelper.getResettableInputStreamForPath@61:
   Trying to load META-INF/validation.xml via TCCL 
2026-05-12T15:31:37.348 [DEBUG] requestId:[                                    ] thread:[background-preinit       ] o.h.v.i.xml.config.ResourceLoaderHelper.getResettableInputStreamForPath@67:
   Trying to load META-INF/validation.xml via Hibernate Validator's class loader 
2026-05-12T15:31:37.349 [DEBUG] requestId:[                                    ] thread:[background-preinit       ] o.h.v.i.xml.config.ValidationXmlParser.getValidationXmlInputStream@129:
   No META-INF/validation.xml found. Using annotation based configuration only. 
2026-05-12T15:31:37.353 [DEBUG] requestId:[                                    ] thread:[background-preinit       ] o.h.v.i.e.resolver.TraversableResolvers.getDefault@61:
   Cannot find jakarta.persistence.Persistence on classpath. Assuming non JPA 2 environment. All properties will per default be traversable. 
2026-05-12T15:31:37.378 [INFO] requestId:[                                    ] thread:[main                     ] c.s.testHibernate.SimulatorApplication.logStarting@51:
   Starting SimulatorApplication using Java 21.0.3 with PID 19696 (C:\Users\Ezati.Maryam\IdeaProjects\IdeaProjectsReview\simulator\target\classes started by Ezati.Maryam in C:\Users\Ezati.Maryam\IdeaProjects\IdeaProjectsReview\simulator) 
2026-05-12T15:31:37.380 [INFO] requestId:[                                    ] thread:[main                     ] c.s.testHibernate.SimulatorApplication.logStartupProfileInfo@637:
   No active profile set, falling back to 1 default profile: "default" 
2026-05-12T15:31:37.385 [DEBUG] requestId:[                                    ] thread:[background-preinit       ] o.h.v.m.ResourceBundleMessageInterpolator.buildExpressionFactory@175:
   Loaded expression factory via original TCCL 
2026-05-12T15:31:37.502 [DEBUG] requestId:[                                    ] thread:[background-preinit       ] o.h.v.i.e.ValidatorFactoryConfigurationHelper.determinePropertyNodeNameProvider@355:
   HV000252: Using org.hibernate.validator.internal.engine.DefaultPropertyNodeNameProvider as property node name provider. 
2026-05-12T15:31:37.512 [DEBUG] requestId:[                                    ] thread:[background-preinit       ] o.h.v.i.e.ValidatorFactoryConfigurationHelper.logValidatorFactoryScopedConfiguration@447:
   HV000234: Using org.hibernate.validator.messageinterpolation.ResourceBundleMessageInterpolator as ValidatorFactory-scoped message interpolator. 
2026-05-12T15:31:37.513 [DEBUG] requestId:[                                    ] thread:[background-preinit       ] o.h.v.i.e.ValidatorFactoryConfigurationHelper.logValidatorFactoryScopedConfiguration@448:
   HV000234: Using org.hibernate.validator.internal.engine.resolver.TraverseAllTraversableResolver as ValidatorFactory-scoped traversable resolver. 
2026-05-12T15:31:37.514 [DEBUG] requestId:[                                    ] thread:[background-preinit       ] o.h.v.i.e.ValidatorFactoryConfigurationHelper.logValidatorFactoryScopedConfiguration@449:
   HV000234: Using org.hibernate.validator.internal.util.ExecutableParameterNameProvider as ValidatorFactory-scoped parameter name provider. 
2026-05-12T15:31:37.514 [DEBUG] requestId:[                                    ] thread:[background-preinit       ] o.h.v.i.e.ValidatorFactoryConfigurationHelper.logValidatorFactoryScopedConfiguration@450:
   HV000234: Using org.hibernate.validator.internal.engine.DefaultClockProvider as ValidatorFactory-scoped clock provider. 
2026-05-12T15:31:37.515 [DEBUG] requestId:[                                    ] thread:[background-preinit       ] o.h.v.i.e.ValidatorFactoryConfigurationHelper.logValidatorFactoryScopedConfiguration@451:
   HV000234: Using org.hibernate.validator.internal.engine.scripting.DefaultScriptEvaluatorFactory as ValidatorFactory-scoped script evaluator factory. 
2026-05-12T15:31:39.027 [INFO] requestId:[                                    ] thread:[main                     ] o.s.b.w.embedded.tomcat.TomcatWebServer.initialize@108:
   Tomcat initialized with port(s): 8092 (http) 
2026-05-12T15:31:39.038 [INFO] requestId:[                                    ] thread:[main                     ] o.apache.coyote.http11.Http11NioProtocol.log@173:
   Initializing ProtocolHandler ["http-nio-8092"] 
2026-05-12T15:31:39.040 [INFO] requestId:[                                    ] thread:[main                     ] o.apache.catalina.core.StandardService.log@173:
   Starting service [Tomcat] 
2026-05-12T15:31:39.041 [INFO] requestId:[                                    ] thread:[main                     ] org.apache.catalina.core.StandardEngine.log@173:
   Starting Servlet engine: [Apache Tomcat/10.1.13] 
2026-05-12T15:31:39.156 [INFO] requestId:[                                    ] thread:[main                     ] o.a.c.c.C.[Tomcat].[localhost].[/].log@173:
   Initializing Spring embedded WebApplicationContext 
2026-05-12T15:31:39.157 [INFO] requestId:[                                    ] thread:[main                     ] o.s.b.w.s.c.ServletWebServerApplicationContext.prepareWebApplicationContext@291:
   Root WebApplicationContext: initialization completed in 1712 ms 
2026-05-12T15:31:39.237 [DEBUG] requestId:[                                    ] thread:[main                     ] o.h.v.m.ResourceBundleMessageInterpolator.buildExpressionFactory@175:
   Loaded expression factory via original TCCL 
2026-05-12T15:31:39.239 [DEBUG] requestId:[                                    ] thread:[main                     ] o.h.v.i.engine.AbstractConfigurationImpl.messageInterpolator@176:
   Setting custom MessageInterpolator of type org.springframework.validation.beanvalidation.LocaleContextMessageInterpolator 
2026-05-12T15:31:39.240 [DEBUG] requestId:[                                    ] thread:[main                     ] o.h.v.i.engine.AbstractConfigurationImpl.constraintValidatorFactory@208:
   Setting custom ConstraintValidatorFactory of type org.springframework.validation.beanvalidation.SpringConstraintValidatorFactory 
2026-05-12T15:31:39.241 [DEBUG] requestId:[                                    ] thread:[main                     ] o.h.v.i.xml.config.ValidationXmlParser.getValidationXmlInputStream@122:
   Trying to load META-INF/validation.xml for XML based Validator configuration. 
2026-05-12T15:31:39.242 [DEBUG] requestId:[                                    ] thread:[main                     ] o.h.v.i.xml.config.ResourceLoaderHelper.getResettableInputStreamForPath@54:
   Trying to load META-INF/validation.xml via user class loader 
2026-05-12T15:31:39.242 [DEBUG] requestId:[                                    ] thread:[main                     ] o.h.v.i.xml.config.ResourceLoaderHelper.getResettableInputStreamForPath@61:
   Trying to load META-INF/validation.xml via TCCL 
2026-05-12T15:31:39.243 [DEBUG] requestId:[                                    ] thread:[main                     ] o.h.v.i.xml.config.ResourceLoaderHelper.getResettableInputStreamForPath@67:
   Trying to load META-INF/validation.xml via Hibernate Validator's class loader 
2026-05-12T15:31:39.244 [DEBUG] requestId:[                                    ] thread:[main                     ] o.h.v.i.xml.config.ValidationXmlParser.getValidationXmlInputStream@129:
   No META-INF/validation.xml found. Using annotation based configuration only. 
2026-05-12T15:31:39.247 [DEBUG] requestId:[                                    ] thread:[main                     ] o.h.v.i.e.resolver.TraversableResolvers.getDefault@61:
   Cannot find jakarta.persistence.Persistence on classpath. Assuming non JPA 2 environment. All properties will per default be traversable. 
2026-05-12T15:31:39.251 [DEBUG] requestId:[                                    ] thread:[main                     ] o.h.v.i.e.ValidatorFactoryConfigurationHelper.determinePropertyNodeNameProvider@355:
   HV000252: Using org.hibernate.validator.internal.engine.DefaultPropertyNodeNameProvider as property node name provider. 
2026-05-12T15:31:39.252 [DEBUG] requestId:[                                    ] thread:[main                     ] o.h.v.i.e.ValidatorFactoryConfigurationHelper.logValidatorFactoryScopedConfiguration@447:
   HV000234: Using org.springframework.validation.beanvalidation.LocaleContextMessageInterpolator as ValidatorFactory-scoped message interpolator. 
2026-05-12T15:31:39.252 [DEBUG] requestId:[                                    ] thread:[main                     ] o.h.v.i.e.ValidatorFactoryConfigurationHelper.logValidatorFactoryScopedConfiguration@448:
   HV000234: Using org.hibernate.validator.internal.engine.resolver.TraverseAllTraversableResolver as ValidatorFactory-scoped traversable resolver. 
2026-05-12T15:31:39.253 [DEBUG] requestId:[                                    ] thread:[main                     ] o.h.v.i.e.ValidatorFactoryConfigurationHelper.logValidatorFactoryScopedConfiguration@449:
   HV000234: Using org.hibernate.validator.internal.util.ExecutableParameterNameProvider as ValidatorFactory-scoped parameter name provider. 
2026-05-12T15:31:39.253 [DEBUG] requestId:[                                    ] thread:[main                     ] o.h.v.i.e.ValidatorFactoryConfigurationHelper.logValidatorFactoryScopedConfiguration@450:
   HV000234: Using org.hibernate.validator.internal.engine.DefaultClockProvider as ValidatorFactory-scoped clock provider. 
2026-05-12T15:31:39.253 [DEBUG] requestId:[                                    ] thread:[main                     ] o.h.v.i.e.ValidatorFactoryConfigurationHelper.logValidatorFactoryScopedConfiguration@451:
   HV000234: Using org.hibernate.validator.internal.engine.scripting.DefaultScriptEvaluatorFactory as ValidatorFactory-scoped script evaluator factory. 
2026-05-12T15:31:39.566 [DEBUG] requestId:[                                    ] thread:[main                     ] o.h.v.m.ResourceBundleMessageInterpolator.buildExpressionFactory@175:
   Loaded expression factory via original TCCL 
2026-05-12T15:31:39.569 [DEBUG] requestId:[                                    ] thread:[main                     ] o.h.v.i.engine.AbstractConfigurationImpl.messageInterpolator@176:
   Setting custom MessageInterpolator of type org.springframework.validation.beanvalidation.LocaleContextMessageInterpolator 
2026-05-12T15:31:39.569 [DEBUG] requestId:[                                    ] thread:[main                     ] o.h.v.i.engine.AbstractConfigurationImpl.constraintValidatorFactory@208:
   Setting custom ConstraintValidatorFactory of type org.springframework.validation.beanvalidation.SpringConstraintValidatorFactory 
2026-05-12T15:31:39.571 [DEBUG] requestId:[                                    ] thread:[main                     ] o.h.v.i.xml.config.ValidationXmlParser.getValidationXmlInputStream@122:
   Trying to load META-INF/validation.xml for XML based Validator configuration. 
2026-05-12T15:31:39.571 [DEBUG] requestId:[                                    ] thread:[main                     ] o.h.v.i.xml.config.ResourceLoaderHelper.getResettableInputStreamForPath@54:
   Trying to load META-INF/validation.xml via user class loader 
2026-05-12T15:31:39.572 [DEBUG] requestId:[                                    ] thread:[main                     ] o.h.v.i.xml.config.ResourceLoaderHelper.getResettableInputStreamForPath@61:
   Trying to load META-INF/validation.xml via TCCL 
2026-05-12T15:31:39.572 [DEBUG] requestId:[                                    ] thread:[main                     ] o.h.v.i.xml.config.ResourceLoaderHelper.getResettableInputStreamForPath@67:
   Trying to load META-INF/validation.xml via Hibernate Validator's class loader 
2026-05-12T15:31:39.573 [DEBUG] requestId:[                                    ] thread:[main                     ] o.h.v.i.xml.config.ValidationXmlParser.getValidationXmlInputStream@129:
   No META-INF/validation.xml found. Using annotation based configuration only. 
2026-05-12T15:31:39.574 [DEBUG] requestId:[                                    ] thread:[main                     ] o.h.v.i.e.resolver.TraversableResolvers.getDefault@61:
   Cannot find jakarta.persistence.Persistence on classpath. Assuming non JPA 2 environment. All properties will per default be traversable. 
2026-05-12T15:31:39.575 [DEBUG] requestId:[                                    ] thread:[main                     ] o.h.v.i.e.ValidatorFactoryConfigurationHelper.determinePropertyNodeNameProvider@355:
   HV000252: Using org.hibernate.validator.internal.engine.DefaultPropertyNodeNameProvider as property node name provider. 
2026-05-12T15:31:39.576 [DEBUG] requestId:[                                    ] thread:[main                     ] o.h.v.i.e.ValidatorFactoryConfigurationHelper.logValidatorFactoryScopedConfiguration@447:
   HV000234: Using org.springframework.validation.beanvalidation.LocaleContextMessageInterpolator as ValidatorFactory-scoped message interpolator. 
2026-05-12T15:31:39.576 [DEBUG] requestId:[                                    ] thread:[main                     ] o.h.v.i.e.ValidatorFactoryConfigurationHelper.logValidatorFactoryScopedConfiguration@448:
   HV000234: Using org.hibernate.validator.internal.engine.resolver.TraverseAllTraversableResolver as ValidatorFactory-scoped traversable resolver. 
2026-05-12T15:31:39.576 [DEBUG] requestId:[                                    ] thread:[main                     ] o.h.v.i.e.ValidatorFactoryConfigurationHelper.logValidatorFactoryScopedConfiguration@449:
   HV000234: Using org.hibernate.validator.internal.util.ExecutableParameterNameProvider as ValidatorFactory-scoped parameter name provider. 
2026-05-12T15:31:39.576 [DEBUG] requestId:[                                    ] thread:[main                     ] o.h.v.i.e.ValidatorFactoryConfigurationHelper.logValidatorFactoryScopedConfiguration@450:
   HV000234: Using org.hibernate.validator.internal.engine.DefaultClockProvider as ValidatorFactory-scoped clock provider. 
2026-05-12T15:31:39.577 [DEBUG] requestId:[                                    ] thread:[main                     ] o.h.v.i.e.ValidatorFactoryConfigurationHelper.logValidatorFactoryScopedConfiguration@451:
   HV000234: Using org.hibernate.validator.internal.engine.scripting.DefaultScriptEvaluatorFactory as ValidatorFactory-scoped script evaluator factory. 
2026-05-12T15:31:40.292 [INFO] requestId:[                                    ] thread:[main                     ] o.apache.coyote.http11.Http11NioProtocol.log@173:
   Starting ProtocolHandler ["http-nio-8092"] 
2026-05-12T15:31:40.317 [INFO] requestId:[                                    ] thread:[main                     ] o.s.b.w.embedded.tomcat.TomcatWebServer.start@220:
   Tomcat started on port(s): 8092 (http) with context path '' 
2026-05-12T15:31:40.332 [INFO] requestId:[                                    ] thread:[main                     ] c.s.testHibernate.SimulatorApplication.logStarted@57:
   Started SimulatorApplication in 3.77 seconds (process running for 4.6) 
2026-05-12T15:31:40.334 [INFO] requestId:[                                    ] thread:[scheduling-1             ] c.s.testHibernate.logging.LoggingAspect.logExecution@28:
   Entering com.saber.testHibernate.service.PriceSimulatorService.generatePrice with args=[] 
2026-05-12T15:31:40.436 [INFO] requestId:[                                    ] thread:[scheduling-1             ] o.a.k.clients.producer.ProducerConfig.logAll@376:
   ProducerConfig values: 
	acks = -1
	auto.include.jmx.reporter = true
	batch.size = 16384
	bootstrap.servers = [localhost:9092]
	buffer.memory = 33554432
	client.dns.lookup = use_all_dns_ips
	client.id = producer-1
	compression.type = none
	connections.max.idle.ms = 540000
	delivery.timeout.ms = 120000
	enable.idempotence = true
	interceptor.classes = []
	key.serializer = class org.apache.kafka.common.serialization.StringSerializer
	linger.ms = 0
	max.block.ms = 60000
	max.in.flight.requests.per.connection = 5
	max.request.size = 1048576
	metadata.max.age.ms = 300000
	metadata.max.idle.ms = 300000
	metric.reporters = []
	metrics.num.samples = 2
	metrics.recording.level = INFO
	metrics.sample.window.ms = 30000
	partitioner.adaptive.partitioning.enable = true
	partitioner.availability.timeout.ms = 0
	partitioner.class = null
	partitioner.ignore.keys = false
	receive.buffer.bytes = 32768
	reconnect.backoff.max.ms = 1000
	reconnect.backoff.ms = 50
	request.timeout.ms = 30000
	retries = 2147483647
	retry.backoff.ms = 100
	sasl.client.callback.handler.class = null
	sasl.jaas.config = null
	sasl.kerberos.kinit.cmd = /usr/bin/kinit
	sasl.kerberos.min.time.before.relogin = 60000
	sasl.kerberos.service.name = null
	sasl.kerberos.ticket.renew.jitter = 0.05
	sasl.kerberos.ticket.renew.window.factor = 0.8
	sasl.login.callback.handler.class = null
	sasl.login.class = null
	sasl.login.connect.timeout.ms = null
	sasl.login.read.timeout.ms = null
	sasl.login.refresh.buffer.seconds = 300
	sasl.login.refresh.min.period.seconds = 60
	sasl.login.refresh.window.factor = 0.8
	sasl.login.refresh.window.jitter = 0.05
	sasl.login.retry.backoff.max.ms = 10000
	sasl.login.retry.backoff.ms = 100
	sasl.mechanism = GSSAPI
	sasl.oauthbearer.clock.skew.seconds = 30
	sasl.oauthbearer.expected.audience = null
	sasl.oauthbearer.expected.issuer = null
	sasl.oauthbearer.jwks.endpoint.refresh.ms = 3600000
	sasl.oauthbearer.jwks.endpoint.retry.backoff.max.ms = 10000
	sasl.oauthbearer.jwks.endpoint.retry.backoff.ms = 100
	sasl.oauthbearer.jwks.endpoint.url = null
	sasl.oauthbearer.scope.claim.name = scope
	sasl.oauthbearer.sub.claim.name = sub
	sasl.oauthbearer.token.endpoint.url = null
	security.protocol = PLAINTEXT
	security.providers = null
	send.buffer.bytes = 131072
	socket.connection.setup.timeout.max.ms = 30000
	socket.connection.setup.timeout.ms = 10000
	ssl.cipher.suites = null
	ssl.enabled.protocols = [TLSv1.2, TLSv1.3]
	ssl.endpoint.identification.algorithm = https
	ssl.engine.factory.class = null
	ssl.key.password = null
	ssl.keymanager.algorithm = SunX509
	ssl.keystore.certificate.chain = null
	ssl.keystore.key = null
	ssl.keystore.location = null
	ssl.keystore.password = null
	ssl.keystore.type = JKS
	ssl.protocol = TLSv1.3
	ssl.provider = null
	ssl.secure.random.implementation = null
	ssl.trustmanager.algorithm = PKIX
	ssl.truststore.certificates = null
	ssl.truststore.location = null
	ssl.truststore.password = null
	ssl.truststore.type = JKS
	transaction.timeout.ms = 60000
	transactional.id = null
	value.serializer = class org.springframework.kafka.support.serializer.JsonSerializer
 
2026-05-12T15:31:40.477 [INFO] requestId:[                                    ] thread:[scheduling-1             ] o.a.kafka.clients.producer.KafkaProducer.configureTransactionState@596:
   [Producer clientId=producer-1] Instantiated an idempotent producer. 
2026-05-12T15:31:40.531 [INFO] requestId:[                                    ] thread:[scheduling-1             ] o.a.kafka.common.utils.AppInfoParser.<init>@119:
   Kafka version: 3.4.1 
2026-05-12T15:31:40.531 [INFO] requestId:[                                    ] thread:[scheduling-1             ] o.a.kafka.common.utils.AppInfoParser.<init>@120:
   Kafka commitId: 8a516edc2755df89 
2026-05-12T15:31:40.532 [INFO] requestId:[                                    ] thread:[scheduling-1             ] o.a.kafka.common.utils.AppInfoParser.<init>@121:
   Kafka startTimeMs: 1778587300529 
2026-05-12T15:31:40.932 [INFO] requestId:[                                    ] thread:[twork-thread | producer-1] org.apache.kafka.clients.Metadata.updateLatestMetadata@402:
   [Producer clientId=producer-1] Resetting the last seen epoch of partition prices-0 to 0 since the associated topicId changed from null to pGDjKoEaSTu1MdcJnAP-8A 
2026-05-12T15:31:40.934 [INFO] requestId:[                                    ] thread:[twork-thread | producer-1] org.apache.kafka.clients.Metadata.update@287:
   [Producer clientId=producer-1] Cluster ID: ukg2Ud2sQJ2jcnZaJ4E0RQ 
2026-05-12T15:31:40.936 [INFO] requestId:[                                    ] thread:[twork-thread | producer-1] o.a.k.c.p.internals.TransactionManager.setProducerIdAndEpoch@440:
   [Producer clientId=producer-1] ProducerId set to 78 with epoch 0 
2026-05-12T15:31:40.955 [INFO] requestId:[                                    ] thread:[scheduling-1             ] c.s.t.service.PriceSimulatorService.generatePrice@55:
   Price event sent | symbol=BTC price=63588.2630 topic=prices 
2026-05-12T15:31:40.956 [INFO] requestId:[                                    ] thread:[scheduling-1             ] c.s.testHibernate.logging.LoggingAspect.logExecution@33:
   Exiting com.saber.testHibernate.service.PriceSimulatorService.generatePrice | executionTime=622 ms 
2026-05-12T15:32:00.335 [INFO] requestId:[                                    ] thread:[http-nio-8092-exec-1     ] o.a.c.c.C.[Tomcat].[localhost].[/].log@173:
   Initializing Spring DispatcherServlet 'dispatcherServlet' 
2026-05-12T15:32:00.336 [INFO] requestId:[                                    ] thread:[http-nio-8092-exec-1     ] o.s.web.servlet.DispatcherServlet.initServletBean@532:
   Initializing Servlet 'dispatcherServlet' 
2026-05-12T15:32:00.338 [INFO] requestId:[                                    ] thread:[http-nio-8092-exec-1     ] o.s.web.servlet.DispatcherServlet.initServletBean@554:
   Completed initialization in 1 ms 
2026-05-12T15:32:40.337 [INFO] requestId:[                                    ] thread:[scheduling-1             ] c.s.testHibernate.logging.LoggingAspect.logExecution@28:
   Entering com.saber.testHibernate.service.PriceSimulatorService.generatePrice with args=[] 
2026-05-12T15:32:40.340 [INFO] requestId:[                                    ] thread:[scheduling-1             ] c.s.t.service.PriceSimulatorService.generatePrice@55:
   Price event sent | symbol=BTC price=60046.3127 topic=prices 
2026-05-12T15:32:40.341 [INFO] requestId:[                                    ] thread:[scheduling-1             ] c.s.testHibernate.logging.LoggingAspect.logExecution@33:
   Exiting com.saber.testHibernate.service.PriceSimulatorService.generatePrice | executionTime=4 ms 
2026-05-12T15:32:47.752 [INFO] requestId:[                                    ] thread:[ngApplicationShutdownHook] o.a.kafka.clients.producer.KafkaProducer.close@1310:
   [Producer clientId=producer-1] Closing the Kafka producer with timeoutMillis = 30000 ms. 
2026-05-12T15:32:47.758 [INFO] requestId:[                                    ] thread:[ngApplicationShutdownHook] org.apache.kafka.common.metrics.Metrics.close@693:
   Metrics scheduler closed 
2026-05-12T15:32:47.759 [INFO] requestId:[                                    ] thread:[ngApplicationShutdownHook] org.apache.kafka.common.metrics.Metrics.close@697:
   Closing reporter org.apache.kafka.common.metrics.JmxReporter 
2026-05-12T15:32:47.760 [INFO] requestId:[                                    ] thread:[ngApplicationShutdownHook] org.apache.kafka.common.metrics.Metrics.close@703:
   Metrics reporters closed 
2026-05-12T15:32:47.761 [INFO] requestId:[                                    ] thread:[ngApplicationShutdownHook] o.a.kafka.common.utils.AppInfoParser.unregisterAppInfo@83:
   App info kafka.producer for producer-1 unregistered 
2026-05-12T15:33:32.004 [INFO] requestId:[                                    ] thread:[background-preinit       ] o.h.validator.internal.util.Version.<clinit>@21:
   HV000001: Hibernate Validator 8.0.1.Final 
2026-05-12T15:33:32.014 [DEBUG] requestId:[                                    ] thread:[background-preinit       ] o.h.v.i.xml.config.ValidationXmlParser.getValidationXmlInputStream@122:
   Trying to load META-INF/validation.xml for XML based Validator configuration. 
2026-05-12T15:33:32.015 [DEBUG] requestId:[                                    ] thread:[background-preinit       ] o.h.v.i.xml.config.ResourceLoaderHelper.getResettableInputStreamForPath@61:
   Trying to load META-INF/validation.xml via TCCL 
2026-05-12T15:33:32.016 [DEBUG] requestId:[                                    ] thread:[background-preinit       ] o.h.v.i.xml.config.ResourceLoaderHelper.getResettableInputStreamForPath@67:
   Trying to load META-INF/validation.xml via Hibernate Validator's class loader 
2026-05-12T15:33:32.017 [DEBUG] requestId:[                                    ] thread:[background-preinit       ] o.h.v.i.xml.config.ValidationXmlParser.getValidationXmlInputStream@129:
   No META-INF/validation.xml found. Using annotation based configuration only. 
2026-05-12T15:33:32.021 [DEBUG] requestId:[                                    ] thread:[background-preinit       ] o.h.v.i.e.resolver.TraversableResolvers.getDefault@61:
   Cannot find jakarta.persistence.Persistence on classpath. Assuming non JPA 2 environment. All properties will per default be traversable. 
2026-05-12T15:33:32.046 [INFO] requestId:[                                    ] thread:[main                     ] c.s.testHibernate.SimulatorApplication.logStarting@51:
   Starting SimulatorApplication using Java 21.0.3 with PID 17156 (C:\Users\Ezati.Maryam\IdeaProjects\IdeaProjectsReview\simulator\target\classes started by Ezati.Maryam in C:\Users\Ezati.Maryam\IdeaProjects\IdeaProjectsReview\simulator) 
2026-05-12T15:33:32.047 [INFO] requestId:[                                    ] thread:[main                     ] c.s.testHibernate.SimulatorApplication.logStartupProfileInfo@637:
   No active profile set, falling back to 1 default profile: "default" 
2026-05-12T15:33:32.049 [DEBUG] requestId:[                                    ] thread:[background-preinit       ] o.h.v.m.ResourceBundleMessageInterpolator.buildExpressionFactory@175:
   Loaded expression factory via original TCCL 
2026-05-12T15:33:32.168 [DEBUG] requestId:[                                    ] thread:[background-preinit       ] o.h.v.i.e.ValidatorFactoryConfigurationHelper.determinePropertyNodeNameProvider@355:
   HV000252: Using org.hibernate.validator.internal.engine.DefaultPropertyNodeNameProvider as property node name provider. 
2026-05-12T15:33:32.175 [DEBUG] requestId:[                                    ] thread:[background-preinit       ] o.h.v.i.e.ValidatorFactoryConfigurationHelper.logValidatorFactoryScopedConfiguration@447:
   HV000234: Using org.hibernate.validator.messageinterpolation.ResourceBundleMessageInterpolator as ValidatorFactory-scoped message interpolator. 
2026-05-12T15:33:32.175 [DEBUG] requestId:[                                    ] thread:[background-preinit       ] o.h.v.i.e.ValidatorFactoryConfigurationHelper.logValidatorFactoryScopedConfiguration@448:
   HV000234: Using org.hibernate.validator.internal.engine.resolver.TraverseAllTraversableResolver as ValidatorFactory-scoped traversable resolver. 
2026-05-12T15:33:32.176 [DEBUG] requestId:[                                    ] thread:[background-preinit       ] o.h.v.i.e.ValidatorFactoryConfigurationHelper.logValidatorFactoryScopedConfiguration@449:
   HV000234: Using org.hibernate.validator.internal.util.ExecutableParameterNameProvider as ValidatorFactory-scoped parameter name provider. 
2026-05-12T15:33:32.176 [DEBUG] requestId:[                                    ] thread:[background-preinit       ] o.h.v.i.e.ValidatorFactoryConfigurationHelper.logValidatorFactoryScopedConfiguration@450:
   HV000234: Using org.hibernate.validator.internal.engine.DefaultClockProvider as ValidatorFactory-scoped clock provider. 
2026-05-12T15:33:32.176 [DEBUG] requestId:[                                    ] thread:[background-preinit       ] o.h.v.i.e.ValidatorFactoryConfigurationHelper.logValidatorFactoryScopedConfiguration@451:
   HV000234: Using org.hibernate.validator.internal.engine.scripting.DefaultScriptEvaluatorFactory as ValidatorFactory-scoped script evaluator factory. 
2026-05-12T15:33:33.478 [INFO] requestId:[                                    ] thread:[main                     ] o.s.b.w.embedded.tomcat.TomcatWebServer.initialize@108:
   Tomcat initialized with port(s): 8092 (http) 
2026-05-12T15:33:33.487 [INFO] requestId:[                                    ] thread:[main                     ] o.apache.coyote.http11.Http11NioProtocol.log@173:
   Initializing ProtocolHandler ["http-nio-8092"] 
2026-05-12T15:33:33.490 [INFO] requestId:[                                    ] thread:[main                     ] o.apache.catalina.core.StandardService.log@173:
   Starting service [Tomcat] 
2026-05-12T15:33:33.490 [INFO] requestId:[                                    ] thread:[main                     ] org.apache.catalina.core.StandardEngine.log@173:
   Starting Servlet engine: [Apache Tomcat/10.1.13] 
2026-05-12T15:33:33.600 [INFO] requestId:[                                    ] thread:[main                     ] o.a.c.c.C.[Tomcat].[localhost].[/].log@173:
   Initializing Spring embedded WebApplicationContext 
2026-05-12T15:33:33.601 [INFO] requestId:[                                    ] thread:[main                     ] o.s.b.w.s.c.ServletWebServerApplicationContext.prepareWebApplicationContext@291:
   Root WebApplicationContext: initialization completed in 1490 ms 
2026-05-12T15:33:33.668 [DEBUG] requestId:[                                    ] thread:[main                     ] o.h.v.m.ResourceBundleMessageInterpolator.buildExpressionFactory@175:
   Loaded expression factory via original TCCL 
2026-05-12T15:33:33.671 [DEBUG] requestId:[                                    ] thread:[main                     ] o.h.v.i.engine.AbstractConfigurationImpl.messageInterpolator@176:
   Setting custom MessageInterpolator of type org.springframework.validation.beanvalidation.LocaleContextMessageInterpolator 
2026-05-12T15:33:33.672 [DEBUG] requestId:[                                    ] thread:[main                     ] o.h.v.i.engine.AbstractConfigurationImpl.constraintValidatorFactory@208:
   Setting custom ConstraintValidatorFactory of type org.springframework.validation.beanvalidation.SpringConstraintValidatorFactory 
2026-05-12T15:33:33.673 [DEBUG] requestId:[                                    ] thread:[main                     ] o.h.v.i.xml.config.ValidationXmlParser.getValidationXmlInputStream@122:
   Trying to load META-INF/validation.xml for XML based Validator configuration. 
2026-05-12T15:33:33.674 [DEBUG] requestId:[                                    ] thread:[main                     ] o.h.v.i.xml.config.ResourceLoaderHelper.getResettableInputStreamForPath@54:
   Trying to load META-INF/validation.xml via user class loader 
2026-05-12T15:33:33.674 [DEBUG] requestId:[                                    ] thread:[main                     ] o.h.v.i.xml.config.ResourceLoaderHelper.getResettableInputStreamForPath@61:
   Trying to load META-INF/validation.xml via TCCL 
2026-05-12T15:33:33.675 [DEBUG] requestId:[                                    ] thread:[main                     ] o.h.v.i.xml.config.ResourceLoaderHelper.getResettableInputStreamForPath@67:
   Trying to load META-INF/validation.xml via Hibernate Validator's class loader 
2026-05-12T15:33:33.675 [DEBUG] requestId:[                                    ] thread:[main                     ] o.h.v.i.xml.config.ValidationXmlParser.getValidationXmlInputStream@129:
   No META-INF/validation.xml found. Using annotation based configuration only. 
2026-05-12T15:33:33.676 [DEBUG] requestId:[                                    ] thread:[main                     ] o.h.v.i.e.resolver.TraversableResolvers.getDefault@61:
   Cannot find jakarta.persistence.Persistence on classpath. Assuming non JPA 2 environment. All properties will per default be traversable. 
2026-05-12T15:33:33.677 [DEBUG] requestId:[                                    ] thread:[main                     ] o.h.v.i.e.ValidatorFactoryConfigurationHelper.determinePropertyNodeNameProvider@355:
   HV000252: Using org.hibernate.validator.internal.engine.DefaultPropertyNodeNameProvider as property node name provider. 
2026-05-12T15:33:33.678 [DEBUG] requestId:[                                    ] thread:[main                     ] o.h.v.i.e.ValidatorFactoryConfigurationHelper.logValidatorFactoryScopedConfiguration@447:
   HV000234: Using org.springframework.validation.beanvalidation.LocaleContextMessageInterpolator as ValidatorFactory-scoped message interpolator. 
2026-05-12T15:33:33.678 [DEBUG] requestId:[                                    ] thread:[main                     ] o.h.v.i.e.ValidatorFactoryConfigurationHelper.logValidatorFactoryScopedConfiguration@448:
   HV000234: Using org.hibernate.validator.internal.engine.resolver.TraverseAllTraversableResolver as ValidatorFactory-scoped traversable resolver. 
2026-05-12T15:33:33.678 [DEBUG] requestId:[                                    ] thread:[main                     ] o.h.v.i.e.ValidatorFactoryConfigurationHelper.logValidatorFactoryScopedConfiguration@449:
   HV000234: Using org.hibernate.validator.internal.util.ExecutableParameterNameProvider as ValidatorFactory-scoped parameter name provider. 
2026-05-12T15:33:33.679 [DEBUG] requestId:[                                    ] thread:[main                     ] o.h.v.i.e.ValidatorFactoryConfigurationHelper.logValidatorFactoryScopedConfiguration@450:
   HV000234: Using org.hibernate.validator.internal.engine.DefaultClockProvider as ValidatorFactory-scoped clock provider. 
2026-05-12T15:33:33.679 [DEBUG] requestId:[                                    ] thread:[main                     ] o.h.v.i.e.ValidatorFactoryConfigurationHelper.logValidatorFactoryScopedConfiguration@451:
   HV000234: Using org.hibernate.validator.internal.engine.scripting.DefaultScriptEvaluatorFactory as ValidatorFactory-scoped script evaluator factory. 
2026-05-12T15:33:34.017 [DEBUG] requestId:[                                    ] thread:[main                     ] o.h.v.m.ResourceBundleMessageInterpolator.buildExpressionFactory@175:
   Loaded expression factory via original TCCL 
2026-05-12T15:33:34.020 [DEBUG] requestId:[                                    ] thread:[main                     ] o.h.v.i.engine.AbstractConfigurationImpl.messageInterpolator@176:
   Setting custom MessageInterpolator of type org.springframework.validation.beanvalidation.LocaleContextMessageInterpolator 
2026-05-12T15:33:34.020 [DEBUG] requestId:[                                    ] thread:[main                     ] o.h.v.i.engine.AbstractConfigurationImpl.constraintValidatorFactory@208:
   Setting custom ConstraintValidatorFactory of type org.springframework.validation.beanvalidation.SpringConstraintValidatorFactory 
2026-05-12T15:33:34.021 [DEBUG] requestId:[                                    ] thread:[main                     ] o.h.v.i.xml.config.ValidationXmlParser.getValidationXmlInputStream@122:
   Trying to load META-INF/validation.xml for XML based Validator configuration. 
2026-05-12T15:33:34.022 [DEBUG] requestId:[                                    ] thread:[main                     ] o.h.v.i.xml.config.ResourceLoaderHelper.getResettableInputStreamForPath@54:
   Trying to load META-INF/validation.xml via user class loader 
2026-05-12T15:33:34.022 [DEBUG] requestId:[                                    ] thread:[main                     ] o.h.v.i.xml.config.ResourceLoaderHelper.getResettableInputStreamForPath@61:
   Trying to load META-INF/validation.xml via TCCL 
2026-05-12T15:33:34.022 [DEBUG] requestId:[                                    ] thread:[main                     ] o.h.v.i.xml.config.ResourceLoaderHelper.getResettableInputStreamForPath@67:
   Trying to load META-INF/validation.xml via Hibernate Validator's class loader 
2026-05-12T15:33:34.023 [DEBUG] requestId:[                                    ] thread:[main                     ] o.h.v.i.xml.config.ValidationXmlParser.getValidationXmlInputStream@129:
   No META-INF/validation.xml found. Using annotation based configuration only. 
2026-05-12T15:33:34.024 [DEBUG] requestId:[                                    ] thread:[main                     ] o.h.v.i.e.resolver.TraversableResolvers.getDefault@61:
   Cannot find jakarta.persistence.Persistence on classpath. Assuming non JPA 2 environment. All properties will per default be traversable. 
2026-05-12T15:33:34.025 [DEBUG] requestId:[                                    ] thread:[main                     ] o.h.v.i.e.ValidatorFactoryConfigurationHelper.determinePropertyNodeNameProvider@355:
   HV000252: Using org.hibernate.validator.internal.engine.DefaultPropertyNodeNameProvider as property node name provider. 
2026-05-12T15:33:34.026 [DEBUG] requestId:[                                    ] thread:[main                     ] o.h.v.i.e.ValidatorFactoryConfigurationHelper.logValidatorFactoryScopedConfiguration@447:
   HV000234: Using org.springframework.validation.beanvalidation.LocaleContextMessageInterpolator as ValidatorFactory-scoped message interpolator. 
2026-05-12T15:33:34.026 [DEBUG] requestId:[                                    ] thread:[main                     ] o.h.v.i.e.ValidatorFactoryConfigurationHelper.logValidatorFactoryScopedConfiguration@448:
   HV000234: Using org.hibernate.validator.internal.engine.resolver.TraverseAllTraversableResolver as ValidatorFactory-scoped traversable resolver. 
2026-05-12T15:33:34.027 [DEBUG] requestId:[                                    ] thread:[main                     ] o.h.v.i.e.ValidatorFactoryConfigurationHelper.logValidatorFactoryScopedConfiguration@449:
   HV000234: Using org.hibernate.validator.internal.util.ExecutableParameterNameProvider as ValidatorFactory-scoped parameter name provider. 
2026-05-12T15:33:34.027 [DEBUG] requestId:[                                    ] thread:[main                     ] o.h.v.i.e.ValidatorFactoryConfigurationHelper.logValidatorFactoryScopedConfiguration@450:
   HV000234: Using org.hibernate.validator.internal.engine.DefaultClockProvider as ValidatorFactory-scoped clock provider. 
2026-05-12T15:33:34.027 [DEBUG] requestId:[                                    ] thread:[main                     ] o.h.v.i.e.ValidatorFactoryConfigurationHelper.logValidatorFactoryScopedConfiguration@451:
   HV000234: Using org.hibernate.validator.internal.engine.scripting.DefaultScriptEvaluatorFactory as ValidatorFactory-scoped script evaluator factory. 
2026-05-12T15:33:34.615 [INFO] requestId:[                                    ] thread:[main                     ] o.apache.coyote.http11.Http11NioProtocol.log@173:
   Starting ProtocolHandler ["http-nio-8092"] 
2026-05-12T15:33:34.637 [INFO] requestId:[                                    ] thread:[main                     ] o.s.b.w.embedded.tomcat.TomcatWebServer.start@220:
   Tomcat started on port(s): 8092 (http) with context path '' 
2026-05-12T15:33:34.654 [INFO] requestId:[                                    ] thread:[main                     ] c.s.testHibernate.SimulatorApplication.logStarted@57:
   Started SimulatorApplication in 3.273 seconds (process running for 4.039) 
2026-05-12T15:33:34.658 [INFO] requestId:[                                    ] thread:[scheduling-1             ] c.s.testHibernate.logging.LoggingAspect.logExecution@28:
   Entering com.saber.testHibernate.service.PriceSimulatorService.generatePrice with args=[] 
2026-05-12T15:33:34.739 [INFO] requestId:[                                    ] thread:[scheduling-1             ] o.a.k.clients.producer.ProducerConfig.logAll@376:
   ProducerConfig values: 
	acks = -1
	auto.include.jmx.reporter = true
	batch.size = 16384
	bootstrap.servers = [localhost:9092]
	buffer.memory = 33554432
	client.dns.lookup = use_all_dns_ips
	client.id = producer-1
	compression.type = none
	connections.max.idle.ms = 540000
	delivery.timeout.ms = 120000
	enable.idempotence = true
	interceptor.classes = []
	key.serializer = class org.apache.kafka.common.serialization.StringSerializer
	linger.ms = 0
	max.block.ms = 60000
	max.in.flight.requests.per.connection = 5
	max.request.size = 1048576
	metadata.max.age.ms = 300000
	metadata.max.idle.ms = 300000
	metric.reporters = []
	metrics.num.samples = 2
	metrics.recording.level = INFO
	metrics.sample.window.ms = 30000
	partitioner.adaptive.partitioning.enable = true
	partitioner.availability.timeout.ms = 0
	partitioner.class = null
	partitioner.ignore.keys = false
	receive.buffer.bytes = 32768
	reconnect.backoff.max.ms = 1000
	reconnect.backoff.ms = 50
	request.timeout.ms = 30000
	retries = 2147483647
	retry.backoff.ms = 100
	sasl.client.callback.handler.class = null
	sasl.jaas.config = null
	sasl.kerberos.kinit.cmd = /usr/bin/kinit
	sasl.kerberos.min.time.before.relogin = 60000
	sasl.kerberos.service.name = null
	sasl.kerberos.ticket.renew.jitter = 0.05
	sasl.kerberos.ticket.renew.window.factor = 0.8
	sasl.login.callback.handler.class = null
	sasl.login.class = null
	sasl.login.connect.timeout.ms = null
	sasl.login.read.timeout.ms = null
	sasl.login.refresh.buffer.seconds = 300
	sasl.login.refresh.min.period.seconds = 60
	sasl.login.refresh.window.factor = 0.8
	sasl.login.refresh.window.jitter = 0.05
	sasl.login.retry.backoff.max.ms = 10000
	sasl.login.retry.backoff.ms = 100
	sasl.mechanism = GSSAPI
	sasl.oauthbearer.clock.skew.seconds = 30
	sasl.oauthbearer.expected.audience = null
	sasl.oauthbearer.expected.issuer = null
	sasl.oauthbearer.jwks.endpoint.refresh.ms = 3600000
	sasl.oauthbearer.jwks.endpoint.retry.backoff.max.ms = 10000
	sasl.oauthbearer.jwks.endpoint.retry.backoff.ms = 100
	sasl.oauthbearer.jwks.endpoint.url = null
	sasl.oauthbearer.scope.claim.name = scope
	sasl.oauthbearer.sub.claim.name = sub
	sasl.oauthbearer.token.endpoint.url = null
	security.protocol = PLAINTEXT
	security.providers = null
	send.buffer.bytes = 131072
	socket.connection.setup.timeout.max.ms = 30000
	socket.connection.setup.timeout.ms = 10000
	ssl.cipher.suites = null
	ssl.enabled.protocols = [TLSv1.2, TLSv1.3]
	ssl.endpoint.identification.algorithm = https
	ssl.engine.factory.class = null
	ssl.key.password = null
	ssl.keymanager.algorithm = SunX509
	ssl.keystore.certificate.chain = null
	ssl.keystore.key = null
	ssl.keystore.location = null
	ssl.keystore.password = null
	ssl.keystore.type = JKS
	ssl.protocol = TLSv1.3
	ssl.provider = null
	ssl.secure.random.implementation = null
	ssl.trustmanager.algorithm = PKIX
	ssl.truststore.certificates = null
	ssl.truststore.location = null
	ssl.truststore.password = null
	ssl.truststore.type = JKS
	transaction.timeout.ms = 60000
	transactional.id = null
	value.serializer = class org.springframework.kafka.support.serializer.JsonSerializer
 
2026-05-12T15:33:34.771 [INFO] requestId:[                                    ] thread:[scheduling-1             ] o.a.kafka.clients.producer.KafkaProducer.configureTransactionState@596:
   [Producer clientId=producer-1] Instantiated an idempotent producer. 
2026-05-12T15:33:34.825 [INFO] requestId:[                                    ] thread:[scheduling-1             ] o.a.kafka.common.utils.AppInfoParser.<init>@119:
   Kafka version: 3.4.1 
2026-05-12T15:33:34.825 [INFO] requestId:[                                    ] thread:[scheduling-1             ] o.a.kafka.common.utils.AppInfoParser.<init>@120:
   Kafka commitId: 8a516edc2755df89 
2026-05-12T15:33:34.826 [INFO] requestId:[                                    ] thread:[scheduling-1             ] o.a.kafka.common.utils.AppInfoParser.<init>@121:
   Kafka startTimeMs: 1778587414823 
2026-05-12T15:33:35.264 [INFO] requestId:[                                    ] thread:[twork-thread | producer-1] org.apache.kafka.clients.Metadata.updateLatestMetadata@402:
   [Producer clientId=producer-1] Resetting the last seen epoch of partition prices-0 to 0 since the associated topicId changed from null to pGDjKoEaSTu1MdcJnAP-8A 
2026-05-12T15:33:35.267 [INFO] requestId:[                                    ] thread:[twork-thread | producer-1] org.apache.kafka.clients.Metadata.update@287:
   [Producer clientId=producer-1] Cluster ID: ukg2Ud2sQJ2jcnZaJ4E0RQ 
2026-05-12T15:33:35.269 [INFO] requestId:[                                    ] thread:[twork-thread | producer-1] o.a.k.c.p.internals.TransactionManager.setProducerIdAndEpoch@440:
   [Producer clientId=producer-1] ProducerId set to 80 with epoch 0 
2026-05-12T15:33:35.286 [INFO] requestId:[                                    ] thread:[scheduling-1             ] c.s.t.service.PriceSimulatorService.generatePrice@55:
   Price event sent | symbol=AAPL price=178.2324 topic=prices 
2026-05-12T15:33:35.286 [INFO] requestId:[                                    ] thread:[scheduling-1             ] c.s.testHibernate.logging.LoggingAspect.logExecution@33:
   Exiting com.saber.testHibernate.service.PriceSimulatorService.generatePrice | executionTime=628 ms 
2026-05-12T15:33:41.705 [INFO] requestId:[                                    ] thread:[http-nio-8092-exec-1     ] o.a.c.c.C.[Tomcat].[localhost].[/].log@173:
   Initializing Spring DispatcherServlet 'dispatcherServlet' 
2026-05-12T15:33:41.705 [INFO] requestId:[                                    ] thread:[http-nio-8092-exec-1     ] o.s.web.servlet.DispatcherServlet.initServletBean@532:
   Initializing Servlet 'dispatcherServlet' 
2026-05-12T15:33:41.707 [INFO] requestId:[                                    ] thread:[http-nio-8092-exec-1     ] o.s.web.servlet.DispatcherServlet.initServletBean@554:
   Completed initialization in 1 ms 
2026-05-12T15:33:47.505 [INFO] requestId:[                                    ] thread:[ngApplicationShutdownHook] o.a.kafka.clients.producer.KafkaProducer.close@1310:
   [Producer clientId=producer-1] Closing the Kafka producer with timeoutMillis = 30000 ms. 
2026-05-12T15:33:47.511 [INFO] requestId:[                                    ] thread:[ngApplicationShutdownHook] org.apache.kafka.common.metrics.Metrics.close@693:
   Metrics scheduler closed 
2026-05-12T15:33:47.512 [INFO] requestId:[                                    ] thread:[ngApplicationShutdownHook] org.apache.kafka.common.metrics.Metrics.close@697:
   Closing reporter org.apache.kafka.common.metrics.JmxReporter 
2026-05-12T15:33:47.512 [INFO] requestId:[                                    ] thread:[ngApplicationShutdownHook] org.apache.kafka.common.metrics.Metrics.close@703:
   Metrics reporters closed 
2026-05-12T15:33:47.513 [INFO] requestId:[                                    ] thread:[ngApplicationShutdownHook] o.a.kafka.common.utils.AppInfoParser.unregisterAppInfo@83:
   App info kafka.producer for producer-1 unregistered 
2026-05-12T16:39:48.759 [INFO] requestId:[                                    ] thread:[background-preinit       ] o.h.validator.internal.util.Version.<clinit>@21:
   HV000001: Hibernate Validator 8.0.1.Final 
2026-05-12T16:39:48.775 [DEBUG] requestId:[                                    ] thread:[background-preinit       ] o.h.v.i.xml.config.ValidationXmlParser.getValidationXmlInputStream@122:
   Trying to load META-INF/validation.xml for XML based Validator configuration. 
2026-05-12T16:39:48.776 [DEBUG] requestId:[                                    ] thread:[background-preinit       ] o.h.v.i.xml.config.ResourceLoaderHelper.getResettableInputStreamForPath@61:
   Trying to load META-INF/validation.xml via TCCL 
2026-05-12T16:39:48.777 [DEBUG] requestId:[                                    ] thread:[background-preinit       ] o.h.v.i.xml.config.ResourceLoaderHelper.getResettableInputStreamForPath@67:
   Trying to load META-INF/validation.xml via Hibernate Validator's class loader 
2026-05-12T16:39:48.778 [DEBUG] requestId:[                                    ] thread:[background-preinit       ] o.h.v.i.xml.config.ValidationXmlParser.getValidationXmlInputStream@129:
   No META-INF/validation.xml found. Using annotation based configuration only. 
2026-05-12T16:39:48.782 [DEBUG] requestId:[                                    ] thread:[background-preinit       ] o.h.v.i.e.resolver.TraversableResolvers.getDefault@61:
   Cannot find jakarta.persistence.Persistence on classpath. Assuming non JPA 2 environment. All properties will per default be traversable. 
2026-05-12T16:39:48.803 [INFO] requestId:[                                    ] thread:[main                     ] c.s.testHibernate.SimulatorApplication.logStarting@51:
   Starting SimulatorApplication using Java 21.0.3 with PID 10128 (C:\Users\Ezati.Maryam\IdeaProjects\IdeaProjectsReview\simulator\target\classes started by Ezati.Maryam in C:\Users\Ezati.Maryam\IdeaProjects\IdeaProjectsReview\simulator) 
2026-05-12T16:39:48.805 [INFO] requestId:[                                    ] thread:[main                     ] c.s.testHibernate.SimulatorApplication.logStartupProfileInfo@637:
   No active profile set, falling back to 1 default profile: "default" 
2026-05-12T16:39:48.815 [DEBUG] requestId:[                                    ] thread:[background-preinit       ] o.h.v.m.ResourceBundleMessageInterpolator.buildExpressionFactory@175:
   Loaded expression factory via original TCCL 
2026-05-12T16:39:48.952 [DEBUG] requestId:[                                    ] thread:[background-preinit       ] o.h.v.i.e.ValidatorFactoryConfigurationHelper.determinePropertyNodeNameProvider@355:
   HV000252: Using org.hibernate.validator.internal.engine.DefaultPropertyNodeNameProvider as property node name provider. 
2026-05-12T16:39:48.958 [DEBUG] requestId:[                                    ] thread:[background-preinit       ] o.h.v.i.e.ValidatorFactoryConfigurationHelper.logValidatorFactoryScopedConfiguration@447:
   HV000234: Using org.hibernate.validator.messageinterpolation.ResourceBundleMessageInterpolator as ValidatorFactory-scoped message interpolator. 
2026-05-12T16:39:48.959 [DEBUG] requestId:[                                    ] thread:[background-preinit       ] o.h.v.i.e.ValidatorFactoryConfigurationHelper.logValidatorFactoryScopedConfiguration@448:
   HV000234: Using org.hibernate.validator.internal.engine.resolver.TraverseAllTraversableResolver as ValidatorFactory-scoped traversable resolver. 
2026-05-12T16:39:48.959 [DEBUG] requestId:[                                    ] thread:[background-preinit       ] o.h.v.i.e.ValidatorFactoryConfigurationHelper.logValidatorFactoryScopedConfiguration@449:
   HV000234: Using org.hibernate.validator.internal.util.ExecutableParameterNameProvider as ValidatorFactory-scoped parameter name provider. 
2026-05-12T16:39:48.959 [DEBUG] requestId:[                                    ] thread:[background-preinit       ] o.h.v.i.e.ValidatorFactoryConfigurationHelper.logValidatorFactoryScopedConfiguration@450:
   HV000234: Using org.hibernate.validator.internal.engine.DefaultClockProvider as ValidatorFactory-scoped clock provider. 
2026-05-12T16:39:48.960 [DEBUG] requestId:[                                    ] thread:[background-preinit       ] o.h.v.i.e.ValidatorFactoryConfigurationHelper.logValidatorFactoryScopedConfiguration@451:
   HV000234: Using org.hibernate.validator.internal.engine.scripting.DefaultScriptEvaluatorFactory as ValidatorFactory-scoped script evaluator factory. 
2026-05-12T16:39:50.516 [INFO] requestId:[                                    ] thread:[main                     ] o.s.b.w.embedded.tomcat.TomcatWebServer.initialize@108:
   Tomcat initialized with port(s): 8092 (http) 
2026-05-12T16:39:50.532 [INFO] requestId:[                                    ] thread:[main                     ] o.apache.coyote.http11.Http11NioProtocol.log@173:
   Initializing ProtocolHandler ["http-nio-8092"] 
2026-05-12T16:39:50.535 [INFO] requestId:[                                    ] thread:[main                     ] o.apache.catalina.core.StandardService.log@173:
   Starting service [Tomcat] 
2026-05-12T16:39:50.536 [INFO] requestId:[                                    ] thread:[main                     ] org.apache.catalina.core.StandardEngine.log@173:
   Starting Servlet engine: [Apache Tomcat/10.1.13] 
2026-05-12T16:39:50.666 [INFO] requestId:[                                    ] thread:[main                     ] o.a.c.c.C.[Tomcat].[localhost].[/].log@173:
   Initializing Spring embedded WebApplicationContext 
2026-05-12T16:39:50.667 [INFO] requestId:[                                    ] thread:[main                     ] o.s.b.w.s.c.ServletWebServerApplicationContext.prepareWebApplicationContext@291:
   Root WebApplicationContext: initialization completed in 1796 ms 
2026-05-12T16:39:50.757 [DEBUG] requestId:[                                    ] thread:[main                     ] o.h.v.m.ResourceBundleMessageInterpolator.buildExpressionFactory@175:
   Loaded expression factory via original TCCL 
2026-05-12T16:39:50.759 [DEBUG] requestId:[                                    ] thread:[main                     ] o.h.v.i.engine.AbstractConfigurationImpl.messageInterpolator@176:
   Setting custom MessageInterpolator of type org.springframework.validation.beanvalidation.LocaleContextMessageInterpolator 
2026-05-12T16:39:50.760 [DEBUG] requestId:[                                    ] thread:[main                     ] o.h.v.i.engine.AbstractConfigurationImpl.constraintValidatorFactory@208:
   Setting custom ConstraintValidatorFactory of type org.springframework.validation.beanvalidation.SpringConstraintValidatorFactory 
2026-05-12T16:39:50.761 [DEBUG] requestId:[                                    ] thread:[main                     ] o.h.v.i.xml.config.ValidationXmlParser.getValidationXmlInputStream@122:
   Trying to load META-INF/validation.xml for XML based Validator configuration. 
2026-05-12T16:39:50.762 [DEBUG] requestId:[                                    ] thread:[main                     ] o.h.v.i.xml.config.ResourceLoaderHelper.getResettableInputStreamForPath@54:
   Trying to load META-INF/validation.xml via user class loader 
2026-05-12T16:39:50.762 [DEBUG] requestId:[                                    ] thread:[main                     ] o.h.v.i.xml.config.ResourceLoaderHelper.getResettableInputStreamForPath@61:
   Trying to load META-INF/validation.xml via TCCL 
2026-05-12T16:39:50.762 [DEBUG] requestId:[                                    ] thread:[main                     ] o.h.v.i.xml.config.ResourceLoaderHelper.getResettableInputStreamForPath@67:
   Trying to load META-INF/validation.xml via Hibernate Validator's class loader 
2026-05-12T16:39:50.763 [DEBUG] requestId:[                                    ] thread:[main                     ] o.h.v.i.xml.config.ValidationXmlParser.getValidationXmlInputStream@129:
   No META-INF/validation.xml found. Using annotation based configuration only. 
2026-05-12T16:39:50.763 [DEBUG] requestId:[                                    ] thread:[main                     ] o.h.v.i.e.resolver.TraversableResolvers.getDefault@61:
   Cannot find jakarta.persistence.Persistence on classpath. Assuming non JPA 2 environment. All properties will per default be traversable. 
2026-05-12T16:39:50.766 [DEBUG] requestId:[                                    ] thread:[main                     ] o.h.v.i.e.ValidatorFactoryConfigurationHelper.determinePropertyNodeNameProvider@355:
   HV000252: Using org.hibernate.validator.internal.engine.DefaultPropertyNodeNameProvider as property node name provider. 
2026-05-12T16:39:50.767 [DEBUG] requestId:[                                    ] thread:[main                     ] o.h.v.i.e.ValidatorFactoryConfigurationHelper.logValidatorFactoryScopedConfiguration@447:
   HV000234: Using org.springframework.validation.beanvalidation.LocaleContextMessageInterpolator as ValidatorFactory-scoped message interpolator. 
2026-05-12T16:39:50.767 [DEBUG] requestId:[                                    ] thread:[main                     ] o.h.v.i.e.ValidatorFactoryConfigurationHelper.logValidatorFactoryScopedConfiguration@448:
   HV000234: Using org.hibernate.validator.internal.engine.resolver.TraverseAllTraversableResolver as ValidatorFactory-scoped traversable resolver. 
2026-05-12T16:39:50.767 [DEBUG] requestId:[                                    ] thread:[main                     ] o.h.v.i.e.ValidatorFactoryConfigurationHelper.logValidatorFactoryScopedConfiguration@449:
   HV000234: Using org.hibernate.validator.internal.util.ExecutableParameterNameProvider as ValidatorFactory-scoped parameter name provider. 
2026-05-12T16:39:50.767 [DEBUG] requestId:[                                    ] thread:[main                     ] o.h.v.i.e.ValidatorFactoryConfigurationHelper.logValidatorFactoryScopedConfiguration@450:
   HV000234: Using org.hibernate.validator.internal.engine.DefaultClockProvider as ValidatorFactory-scoped clock provider. 
2026-05-12T16:39:50.767 [DEBUG] requestId:[                                    ] thread:[main                     ] o.h.v.i.e.ValidatorFactoryConfigurationHelper.logValidatorFactoryScopedConfiguration@451:
   HV000234: Using org.hibernate.validator.internal.engine.scripting.DefaultScriptEvaluatorFactory as ValidatorFactory-scoped script evaluator factory. 
2026-05-12T16:39:51.145 [DEBUG] requestId:[                                    ] thread:[main                     ] o.h.v.m.ResourceBundleMessageInterpolator.buildExpressionFactory@175:
   Loaded expression factory via original TCCL 
2026-05-12T16:39:51.147 [DEBUG] requestId:[                                    ] thread:[main                     ] o.h.v.i.engine.AbstractConfigurationImpl.messageInterpolator@176:
   Setting custom MessageInterpolator of type org.springframework.validation.beanvalidation.LocaleContextMessageInterpolator 
2026-05-12T16:39:51.147 [DEBUG] requestId:[                                    ] thread:[main                     ] o.h.v.i.engine.AbstractConfigurationImpl.constraintValidatorFactory@208:
   Setting custom ConstraintValidatorFactory of type org.springframework.validation.beanvalidation.SpringConstraintValidatorFactory 
2026-05-12T16:39:51.148 [DEBUG] requestId:[                                    ] thread:[main                     ] o.h.v.i.xml.config.ValidationXmlParser.getValidationXmlInputStream@122:
   Trying to load META-INF/validation.xml for XML based Validator configuration. 
2026-05-12T16:39:51.149 [DEBUG] requestId:[                                    ] thread:[main                     ] o.h.v.i.xml.config.ResourceLoaderHelper.getResettableInputStreamForPath@54:
   Trying to load META-INF/validation.xml via user class loader 
2026-05-12T16:39:51.149 [DEBUG] requestId:[                                    ] thread:[main                     ] o.h.v.i.xml.config.ResourceLoaderHelper.getResettableInputStreamForPath@61:
   Trying to load META-INF/validation.xml via TCCL 
2026-05-12T16:39:51.150 [DEBUG] requestId:[                                    ] thread:[main                     ] o.h.v.i.xml.config.ResourceLoaderHelper.getResettableInputStreamForPath@67:
   Trying to load META-INF/validation.xml via Hibernate Validator's class loader 
2026-05-12T16:39:51.150 [DEBUG] requestId:[                                    ] thread:[main                     ] o.h.v.i.xml.config.ValidationXmlParser.getValidationXmlInputStream@129:
   No META-INF/validation.xml found. Using annotation based configuration only. 
2026-05-12T16:39:51.151 [DEBUG] requestId:[                                    ] thread:[main                     ] o.h.v.i.e.resolver.TraversableResolvers.getDefault@61:
   Cannot find jakarta.persistence.Persistence on classpath. Assuming non JPA 2 environment. All properties will per default be traversable. 
2026-05-12T16:39:51.153 [DEBUG] requestId:[                                    ] thread:[main                     ] o.h.v.i.e.ValidatorFactoryConfigurationHelper.determinePropertyNodeNameProvider@355:
   HV000252: Using org.hibernate.validator.internal.engine.DefaultPropertyNodeNameProvider as property node name provider. 
2026-05-12T16:39:51.154 [DEBUG] requestId:[                                    ] thread:[main                     ] o.h.v.i.e.ValidatorFactoryConfigurationHelper.logValidatorFactoryScopedConfiguration@447:
   HV000234: Using org.springframework.validation.beanvalidation.LocaleContextMessageInterpolator as ValidatorFactory-scoped message interpolator. 
2026-05-12T16:39:51.155 [DEBUG] requestId:[                                    ] thread:[main                     ] o.h.v.i.e.ValidatorFactoryConfigurationHelper.logValidatorFactoryScopedConfiguration@448:
   HV000234: Using org.hibernate.validator.internal.engine.resolver.TraverseAllTraversableResolver as ValidatorFactory-scoped traversable resolver. 
2026-05-12T16:39:51.155 [DEBUG] requestId:[                                    ] thread:[main                     ] o.h.v.i.e.ValidatorFactoryConfigurationHelper.logValidatorFactoryScopedConfiguration@449:
   HV000234: Using org.hibernate.validator.internal.util.ExecutableParameterNameProvider as ValidatorFactory-scoped parameter name provider. 
2026-05-12T16:39:51.156 [DEBUG] requestId:[                                    ] thread:[main                     ] o.h.v.i.e.ValidatorFactoryConfigurationHelper.logValidatorFactoryScopedConfiguration@450:
   HV000234: Using org.hibernate.validator.internal.engine.DefaultClockProvider as ValidatorFactory-scoped clock provider. 
2026-05-12T16:39:51.156 [DEBUG] requestId:[                                    ] thread:[main                     ] o.h.v.i.e.ValidatorFactoryConfigurationHelper.logValidatorFactoryScopedConfiguration@451:
   HV000234: Using org.hibernate.validator.internal.engine.scripting.DefaultScriptEvaluatorFactory as ValidatorFactory-scoped script evaluator factory. 
2026-05-12T16:39:51.843 [INFO] requestId:[                                    ] thread:[main                     ] o.apache.coyote.http11.Http11NioProtocol.log@173:
   Starting ProtocolHandler ["http-nio-8092"] 
2026-05-12T16:39:51.869 [INFO] requestId:[                                    ] thread:[main                     ] o.s.b.w.embedded.tomcat.TomcatWebServer.start@220:
   Tomcat started on port(s): 8092 (http) with context path '' 
2026-05-12T16:39:51.881 [INFO] requestId:[                                    ] thread:[main                     ] c.s.testHibernate.SimulatorApplication.logStarted@57:
   Started SimulatorApplication in 3.959 seconds (process running for 5.029) 
2026-05-12T16:39:51.884 [INFO] requestId:[                                    ] thread:[scheduling-1             ] c.s.testHibernate.logging.LoggingAspect.logExecution@28:
   Entering com.saber.testHibernate.service.PriceSimulatorService.generatePrice with args=[] 
2026-05-12T16:39:52.025 [INFO] requestId:[                                    ] thread:[scheduling-1             ] o.a.k.clients.producer.ProducerConfig.logAll@376:
   ProducerConfig values: 
	acks = -1
	auto.include.jmx.reporter = true
	batch.size = 16384
	bootstrap.servers = [localhost:9092]
	buffer.memory = 33554432
	client.dns.lookup = use_all_dns_ips
	client.id = producer-1
	compression.type = none
	connections.max.idle.ms = 540000
	delivery.timeout.ms = 120000
	enable.idempotence = true
	interceptor.classes = []
	key.serializer = class org.apache.kafka.common.serialization.StringSerializer
	linger.ms = 0
	max.block.ms = 60000
	max.in.flight.requests.per.connection = 5
	max.request.size = 1048576
	metadata.max.age.ms = 300000
	metadata.max.idle.ms = 300000
	metric.reporters = []
	metrics.num.samples = 2
	metrics.recording.level = INFO
	metrics.sample.window.ms = 30000
	partitioner.adaptive.partitioning.enable = true
	partitioner.availability.timeout.ms = 0
	partitioner.class = null
	partitioner.ignore.keys = false
	receive.buffer.bytes = 32768
	reconnect.backoff.max.ms = 1000
	reconnect.backoff.ms = 50
	request.timeout.ms = 30000
	retries = 2147483647
	retry.backoff.ms = 100
	sasl.client.callback.handler.class = null
	sasl.jaas.config = null
	sasl.kerberos.kinit.cmd = /usr/bin/kinit
	sasl.kerberos.min.time.before.relogin = 60000
	sasl.kerberos.service.name = null
	sasl.kerberos.ticket.renew.jitter = 0.05
	sasl.kerberos.ticket.renew.window.factor = 0.8
	sasl.login.callback.handler.class = null
	sasl.login.class = null
	sasl.login.connect.timeout.ms = null
	sasl.login.read.timeout.ms = null
	sasl.login.refresh.buffer.seconds = 300
	sasl.login.refresh.min.period.seconds = 60
	sasl.login.refresh.window.factor = 0.8
	sasl.login.refresh.window.jitter = 0.05
	sasl.login.retry.backoff.max.ms = 10000
	sasl.login.retry.backoff.ms = 100
	sasl.mechanism = GSSAPI
	sasl.oauthbearer.clock.skew.seconds = 30
	sasl.oauthbearer.expected.audience = null
	sasl.oauthbearer.expected.issuer = null
	sasl.oauthbearer.jwks.endpoint.refresh.ms = 3600000
	sasl.oauthbearer.jwks.endpoint.retry.backoff.max.ms = 10000
	sasl.oauthbearer.jwks.endpoint.retry.backoff.ms = 100
	sasl.oauthbearer.jwks.endpoint.url = null
	sasl.oauthbearer.scope.claim.name = scope
	sasl.oauthbearer.sub.claim.name = sub
	sasl.oauthbearer.token.endpoint.url = null
	security.protocol = PLAINTEXT
	security.providers = null
	send.buffer.bytes = 131072
	socket.connection.setup.timeout.max.ms = 30000
	socket.connection.setup.timeout.ms = 10000
	ssl.cipher.suites = null
	ssl.enabled.protocols = [TLSv1.2, TLSv1.3]
	ssl.endpoint.identification.algorithm = https
	ssl.engine.factory.class = null
	ssl.key.password = null
	ssl.keymanager.algorithm = SunX509
	ssl.keystore.certificate.chain = null
	ssl.keystore.key = null
	ssl.keystore.location = null
	ssl.keystore.password = null
	ssl.keystore.type = JKS
	ssl.protocol = TLSv1.3
	ssl.provider = null
	ssl.secure.random.implementation = null
	ssl.trustmanager.algorithm = PKIX
	ssl.truststore.certificates = null
	ssl.truststore.location = null
	ssl.truststore.password = null
	ssl.truststore.type = JKS
	transaction.timeout.ms = 60000
	transactional.id = null
	value.serializer = class org.springframework.kafka.support.serializer.JsonSerializer
 
2026-05-12T16:39:52.081 [INFO] requestId:[                                    ] thread:[scheduling-1             ] o.a.kafka.clients.producer.KafkaProducer.configureTransactionState@596:
   [Producer clientId=producer-1] Instantiated an idempotent producer. 
2026-05-12T16:39:52.171 [INFO] requestId:[                                    ] thread:[scheduling-1             ] o.a.kafka.common.utils.AppInfoParser.<init>@119:
   Kafka version: 3.4.1 
2026-05-12T16:39:52.172 [INFO] requestId:[                                    ] thread:[scheduling-1             ] o.a.kafka.common.utils.AppInfoParser.<init>@120:
   Kafka commitId: 8a516edc2755df89 
2026-05-12T16:39:52.173 [INFO] requestId:[                                    ] thread:[scheduling-1             ] o.a.kafka.common.utils.AppInfoParser.<init>@121:
   Kafka startTimeMs: 1778591392168 
2026-05-12T16:39:52.884 [INFO] requestId:[                                    ] thread:[twork-thread | producer-1] org.apache.kafka.clients.Metadata.updateLatestMetadata@402:
   [Producer clientId=producer-1] Resetting the last seen epoch of partition prices-0 to 0 since the associated topicId changed from null to pGDjKoEaSTu1MdcJnAP-8A 
2026-05-12T16:39:52.886 [INFO] requestId:[                                    ] thread:[twork-thread | producer-1] org.apache.kafka.clients.Metadata.update@287:
   [Producer clientId=producer-1] Cluster ID: ukg2Ud2sQJ2jcnZaJ4E0RQ 
2026-05-12T16:39:52.889 [INFO] requestId:[                                    ] thread:[twork-thread | producer-1] o.a.k.c.p.internals.TransactionManager.setProducerIdAndEpoch@440:
   [Producer clientId=producer-1] ProducerId set to 84 with epoch 0 
2026-05-12T16:39:52.913 [INFO] requestId:[                                    ] thread:[scheduling-1             ] c.s.t.service.PriceSimulatorService.generatePrice@55:
   Price event sent | symbol=GOOG price=142.1176 topic=prices 
2026-05-12T16:39:52.914 [INFO] requestId:[                                    ] thread:[scheduling-1             ] c.s.testHibernate.logging.LoggingAspect.logExecution@33:
   Exiting com.saber.testHibernate.service.PriceSimulatorService.generatePrice | executionTime=1030 ms 
2026-05-12T16:40:51.888 [INFO] requestId:[                                    ] thread:[scheduling-1             ] c.s.testHibernate.logging.LoggingAspect.logExecution@28:
   Entering com.saber.testHibernate.service.PriceSimulatorService.generatePrice with args=[] 
2026-05-12T16:40:51.892 [INFO] requestId:[                                    ] thread:[scheduling-1             ] c.s.t.service.PriceSimulatorService.generatePrice@55:
   Price event sent | symbol=ETH price=2874.7008 topic=prices 
2026-05-12T16:40:51.893 [INFO] requestId:[                                    ] thread:[scheduling-1             ] c.s.testHibernate.logging.LoggingAspect.logExecution@33:
   Exiting com.saber.testHibernate.service.PriceSimulatorService.generatePrice | executionTime=5 ms 
2026-05-12T16:41:51.891 [INFO] requestId:[                                    ] thread:[scheduling-1             ] c.s.testHibernate.logging.LoggingAspect.logExecution@28:
   Entering com.saber.testHibernate.service.PriceSimulatorService.generatePrice with args=[] 
2026-05-12T16:41:51.894 [INFO] requestId:[                                    ] thread:[scheduling-1             ] c.s.t.service.PriceSimulatorService.generatePrice@55:
   Price event sent | symbol=ETH price=2691.8009 topic=prices 
2026-05-12T16:41:51.895 [INFO] requestId:[                                    ] thread:[scheduling-1             ] c.s.testHibernate.logging.LoggingAspect.logExecution@33:
   Exiting com.saber.testHibernate.service.PriceSimulatorService.generatePrice | executionTime=4 ms 
2026-05-12T16:42:39.414 [INFO] requestId:[                                    ] thread:[http-nio-8092-exec-1     ] o.a.c.c.C.[Tomcat].[localhost].[/].log@173:
   Initializing Spring DispatcherServlet 'dispatcherServlet' 
2026-05-12T16:42:39.415 [INFO] requestId:[                                    ] thread:[http-nio-8092-exec-1     ] o.s.web.servlet.DispatcherServlet.initServletBean@532:
   Initializing Servlet 'dispatcherServlet' 
2026-05-12T16:42:39.416 [INFO] requestId:[                                    ] thread:[http-nio-8092-exec-1     ] o.s.web.servlet.DispatcherServlet.initServletBean@554:
   Completed initialization in 1 ms 
2026-05-12T16:42:51.893 [INFO] requestId:[                                    ] thread:[scheduling-1             ] c.s.testHibernate.logging.LoggingAspect.logExecution@28:
   Entering com.saber.testHibernate.service.PriceSimulatorService.generatePrice with args=[] 
2026-05-12T16:42:51.895 [INFO] requestId:[                                    ] thread:[scheduling-1             ] c.s.t.service.PriceSimulatorService.generatePrice@55:
   Price event sent | symbol=AAPL price=192.1867 topic=prices 
2026-05-12T16:42:51.895 [INFO] requestId:[                                    ] thread:[scheduling-1             ] c.s.testHibernate.logging.LoggingAspect.logExecution@33:
   Exiting com.saber.testHibernate.service.PriceSimulatorService.generatePrice | executionTime=2 ms 
2026-05-12T16:43:51.895 [INFO] requestId:[                                    ] thread:[scheduling-1             ] c.s.testHibernate.logging.LoggingAspect.logExecution@28:
   Entering com.saber.testHibernate.service.PriceSimulatorService.generatePrice with args=[] 
2026-05-12T16:43:51.897 [INFO] requestId:[                                    ] thread:[scheduling-1             ] c.s.t.service.PriceSimulatorService.generatePrice@55:
   Price event sent | symbol=ETH price=2810.0694 topic=prices 
2026-05-12T16:43:51.897 [INFO] requestId:[                                    ] thread:[scheduling-1             ] c.s.testHibernate.logging.LoggingAspect.logExecution@33:
   Exiting com.saber.testHibernate.service.PriceSimulatorService.generatePrice | executionTime=3 ms 
2026-05-12T16:44:51.890 [INFO] requestId:[                                    ] thread:[scheduling-1             ] c.s.testHibernate.logging.LoggingAspect.logExecution@28:
   Entering com.saber.testHibernate.service.PriceSimulatorService.generatePrice with args=[] 
2026-05-12T16:44:51.893 [INFO] requestId:[                                    ] thread:[scheduling-1             ] c.s.t.service.PriceSimulatorService.generatePrice@55:
   Price event sent | symbol=BTC price=59744.3881 topic=prices 
2026-05-12T16:44:51.893 [INFO] requestId:[                                    ] thread:[scheduling-1             ] c.s.testHibernate.logging.LoggingAspect.logExecution@33:
   Exiting com.saber.testHibernate.service.PriceSimulatorService.generatePrice | executionTime=3 ms 
2026-05-12T16:45:51.896 [INFO] requestId:[                                    ] thread:[scheduling-1             ] c.s.testHibernate.logging.LoggingAspect.logExecution@28:
   Entering com.saber.testHibernate.service.PriceSimulatorService.generatePrice with args=[] 
2026-05-12T16:45:51.899 [INFO] requestId:[                                    ] thread:[scheduling-1             ] c.s.t.service.PriceSimulatorService.generatePrice@55:
   Price event sent | symbol=BTC price=56290.4002 topic=prices 
2026-05-12T16:45:51.899 [INFO] requestId:[                                    ] thread:[scheduling-1             ] c.s.testHibernate.logging.LoggingAspect.logExecution@33:
   Exiting com.saber.testHibernate.service.PriceSimulatorService.generatePrice | executionTime=3 ms 
2026-05-12T16:46:51.885 [INFO] requestId:[                                    ] thread:[scheduling-1             ] c.s.testHibernate.logging.LoggingAspect.logExecution@28:
   Entering com.saber.testHibernate.service.PriceSimulatorService.generatePrice with args=[] 
2026-05-12T16:46:51.887 [INFO] requestId:[                                    ] thread:[scheduling-1             ] c.s.t.service.PriceSimulatorService.generatePrice@55:
   Price event sent | symbol=ETH price=2652.6029 topic=prices 
2026-05-12T16:46:51.888 [INFO] requestId:[                                    ] thread:[scheduling-1             ] c.s.testHibernate.logging.LoggingAspect.logExecution@33:
   Exiting com.saber.testHibernate.service.PriceSimulatorService.generatePrice | executionTime=3 ms 
2026-05-12T16:47:51.890 [INFO] requestId:[                                    ] thread:[scheduling-1             ] c.s.testHibernate.logging.LoggingAspect.logExecution@28:
   Entering com.saber.testHibernate.service.PriceSimulatorService.generatePrice with args=[] 
2026-05-12T16:47:51.892 [INFO] requestId:[                                    ] thread:[scheduling-1             ] c.s.t.service.PriceSimulatorService.generatePrice@55:
   Price event sent | symbol=BTC price=57085.2743 topic=prices 
2026-05-12T16:47:51.892 [INFO] requestId:[                                    ] thread:[scheduling-1             ] c.s.testHibernate.logging.LoggingAspect.logExecution@33:
   Exiting com.saber.testHibernate.service.PriceSimulatorService.generatePrice | executionTime=2 ms 
2026-05-12T16:48:51.883 [INFO] requestId:[                                    ] thread:[scheduling-1             ] c.s.testHibernate.logging.LoggingAspect.logExecution@28:
   Entering com.saber.testHibernate.service.PriceSimulatorService.generatePrice with args=[] 
2026-05-12T16:48:51.887 [INFO] requestId:[                                    ] thread:[scheduling-1             ] c.s.t.service.PriceSimulatorService.generatePrice@55:
   Price event sent | symbol=BTC price=60699.6697 topic=prices 
2026-05-12T16:48:51.888 [INFO] requestId:[                                    ] thread:[scheduling-1             ] c.s.testHibernate.logging.LoggingAspect.logExecution@33:
   Exiting com.saber.testHibernate.service.PriceSimulatorService.generatePrice | executionTime=5 ms 
2026-05-12T16:49:21.903 [INFO] requestId:[                                    ] thread:[twork-thread | producer-1] org.apache.kafka.clients.NetworkClient.handleDisconnections@937:
   [Producer clientId=producer-1] Node -1 disconnected. 
2026-05-12T16:49:51.886 [INFO] requestId:[                                    ] thread:[scheduling-1             ] c.s.testHibernate.logging.LoggingAspect.logExecution@28:
   Entering com.saber.testHibernate.service.PriceSimulatorService.generatePrice with args=[] 
2026-05-12T16:49:51.889 [INFO] requestId:[                                    ] thread:[scheduling-1             ] c.s.t.service.PriceSimulatorService.generatePrice@55:
   Price event sent | symbol=GOOG price=155.5252 topic=prices 
2026-05-12T16:49:51.889 [INFO] requestId:[                                    ] thread:[scheduling-1             ] c.s.testHibernate.logging.LoggingAspect.logExecution@33:
   Exiting com.saber.testHibernate.service.PriceSimulatorService.generatePrice | executionTime=3 ms 
2026-05-12T16:50:51.894 [INFO] requestId:[                                    ] thread:[scheduling-1             ] c.s.testHibernate.logging.LoggingAspect.logExecution@28:
   Entering com.saber.testHibernate.service.PriceSimulatorService.generatePrice with args=[] 
2026-05-12T16:50:51.897 [INFO] requestId:[                                    ] thread:[scheduling-1             ] c.s.t.service.PriceSimulatorService.generatePrice@55:
   Price event sent | symbol=GOOG price=157.9280 topic=prices 
2026-05-12T16:50:51.897 [INFO] requestId:[                                    ] thread:[scheduling-1             ] c.s.testHibernate.logging.LoggingAspect.logExecution@33:
   Exiting com.saber.testHibernate.service.PriceSimulatorService.generatePrice | executionTime=3 ms 
2026-05-12T16:51:51.886 [INFO] requestId:[                                    ] thread:[scheduling-1             ] c.s.testHibernate.logging.LoggingAspect.logExecution@28:
   Entering com.saber.testHibernate.service.PriceSimulatorService.generatePrice with args=[] 
2026-05-12T16:51:51.890 [INFO] requestId:[                                    ] thread:[scheduling-1             ] c.s.t.service.PriceSimulatorService.generatePrice@55:
   Price event sent | symbol=AAPL price=177.1731 topic=prices 
2026-05-12T16:51:51.890 [INFO] requestId:[                                    ] thread:[scheduling-1             ] c.s.testHibernate.logging.LoggingAspect.logExecution@33:
   Exiting com.saber.testHibernate.service.PriceSimulatorService.generatePrice | executionTime=4 ms 
2026-05-12T16:52:51.884 [INFO] requestId:[                                    ] thread:[scheduling-1             ] c.s.testHibernate.logging.LoggingAspect.logExecution@28:
   Entering com.saber.testHibernate.service.PriceSimulatorService.generatePrice with args=[] 
2026-05-12T16:52:51.886 [INFO] requestId:[                                    ] thread:[scheduling-1             ] c.s.t.service.PriceSimulatorService.generatePrice@55:
   Price event sent | symbol=ETH price=2821.0172 topic=prices 
2026-05-12T16:52:51.886 [INFO] requestId:[                                    ] thread:[scheduling-1             ] c.s.testHibernate.logging.LoggingAspect.logExecution@33:
   Exiting com.saber.testHibernate.service.PriceSimulatorService.generatePrice | executionTime=2 ms 
2026-05-12T16:53:51.900 [INFO] requestId:[                                    ] thread:[scheduling-1             ] c.s.testHibernate.logging.LoggingAspect.logExecution@28:
   Entering com.saber.testHibernate.service.PriceSimulatorService.generatePrice with args=[] 
2026-05-12T16:53:51.902 [INFO] requestId:[                                    ] thread:[scheduling-1             ] c.s.t.service.PriceSimulatorService.generatePrice@55:
   Price event sent | symbol=GOOG price=165.5029 topic=prices 
2026-05-12T16:53:51.902 [INFO] requestId:[                                    ] thread:[scheduling-1             ] c.s.testHibernate.logging.LoggingAspect.logExecution@33:
   Exiting com.saber.testHibernate.service.PriceSimulatorService.generatePrice | executionTime=2 ms 
2026-05-12T16:54:51.900 [INFO] requestId:[                                    ] thread:[scheduling-1             ] c.s.testHibernate.logging.LoggingAspect.logExecution@28:
   Entering com.saber.testHibernate.service.PriceSimulatorService.generatePrice with args=[] 
2026-05-12T16:54:51.902 [INFO] requestId:[                                    ] thread:[scheduling-1             ] c.s.t.service.PriceSimulatorService.generatePrice@55:
   Price event sent | symbol=BTC price=56429.5495 topic=prices 
2026-05-12T16:54:51.902 [INFO] requestId:[                                    ] thread:[scheduling-1             ] c.s.testHibernate.logging.LoggingAspect.logExecution@33:
   Exiting com.saber.testHibernate.service.PriceSimulatorService.generatePrice | executionTime=2 ms 
2026-05-12T16:55:51.887 [INFO] requestId:[                                    ] thread:[scheduling-1             ] c.s.testHibernate.logging.LoggingAspect.logExecution@28:
   Entering com.saber.testHibernate.service.PriceSimulatorService.generatePrice with args=[] 
2026-05-12T16:55:51.890 [INFO] requestId:[                                    ] thread:[scheduling-1             ] c.s.t.service.PriceSimulatorService.generatePrice@55:
   Price event sent | symbol=GOOG price=152.3608 topic=prices 
2026-05-12T16:55:51.890 [INFO] requestId:[                                    ] thread:[scheduling-1             ] c.s.testHibernate.logging.LoggingAspect.logExecution@33:
   Exiting com.saber.testHibernate.service.PriceSimulatorService.generatePrice | executionTime=3 ms 
2026-05-12T16:56:51.894 [INFO] requestId:[                                    ] thread:[scheduling-1             ] c.s.testHibernate.logging.LoggingAspect.logExecution@28:
   Entering com.saber.testHibernate.service.PriceSimulatorService.generatePrice with args=[] 
2026-05-12T16:56:51.896 [INFO] requestId:[                                    ] thread:[scheduling-1             ] c.s.t.service.PriceSimulatorService.generatePrice@55:
   Price event sent | symbol=GOOG price=157.8260 topic=prices 
2026-05-12T16:56:51.896 [INFO] requestId:[                                    ] thread:[scheduling-1             ] c.s.testHibernate.logging.LoggingAspect.logExecution@33:
   Exiting com.saber.testHibernate.service.PriceSimulatorService.generatePrice | executionTime=2 ms 
2026-05-12T16:57:51.900 [INFO] requestId:[                                    ] thread:[scheduling-1             ] c.s.testHibernate.logging.LoggingAspect.logExecution@28:
   Entering com.saber.testHibernate.service.PriceSimulatorService.generatePrice with args=[] 
2026-05-12T16:57:51.904 [INFO] requestId:[                                    ] thread:[scheduling-1             ] c.s.t.service.PriceSimulatorService.generatePrice@55:
   Price event sent | symbol=ETH price=2540.2559 topic=prices 
2026-05-12T16:57:51.904 [INFO] requestId:[                                    ] thread:[scheduling-1             ] c.s.testHibernate.logging.LoggingAspect.logExecution@33:
   Exiting com.saber.testHibernate.service.PriceSimulatorService.generatePrice | executionTime=4 ms 
2026-05-12T16:58:51.898 [INFO] requestId:[                                    ] thread:[scheduling-1             ] c.s.testHibernate.logging.LoggingAspect.logExecution@28:
   Entering com.saber.testHibernate.service.PriceSimulatorService.generatePrice with args=[] 
2026-05-12T16:58:51.900 [INFO] requestId:[                                    ] thread:[scheduling-1             ] c.s.t.service.PriceSimulatorService.generatePrice@55:
   Price event sent | symbol=ETH price=2540.6987 topic=prices 
2026-05-12T16:58:51.901 [INFO] requestId:[                                    ] thread:[scheduling-1             ] c.s.testHibernate.logging.LoggingAspect.logExecution@33:
   Exiting com.saber.testHibernate.service.PriceSimulatorService.generatePrice | executionTime=3 ms 
2026-05-12T16:59:51.893 [INFO] requestId:[                                    ] thread:[scheduling-1             ] c.s.testHibernate.logging.LoggingAspect.logExecution@28:
   Entering com.saber.testHibernate.service.PriceSimulatorService.generatePrice with args=[] 
2026-05-12T16:59:51.897 [INFO] requestId:[                                    ] thread:[scheduling-1             ] c.s.t.service.PriceSimulatorService.generatePrice@55:
   Price event sent | symbol=GOOG price=170.2378 topic=prices 
2026-05-12T16:59:51.898 [INFO] requestId:[                                    ] thread:[scheduling-1             ] c.s.testHibernate.logging.LoggingAspect.logExecution@33:
   Exiting com.saber.testHibernate.service.PriceSimulatorService.generatePrice | executionTime=4 ms 
2026-05-12T17:00:51.898 [INFO] requestId:[                                    ] thread:[scheduling-1             ] c.s.testHibernate.logging.LoggingAspect.logExecution@28:
   Entering com.saber.testHibernate.service.PriceSimulatorService.generatePrice with args=[] 
2026-05-12T17:00:51.901 [INFO] requestId:[                                    ] thread:[scheduling-1             ] c.s.t.service.PriceSimulatorService.generatePrice@55:
   Price event sent | symbol=GOOG price=174.8844 topic=prices 
2026-05-12T17:00:51.902 [INFO] requestId:[                                    ] thread:[scheduling-1             ] c.s.testHibernate.logging.LoggingAspect.logExecution@33:
   Exiting com.saber.testHibernate.service.PriceSimulatorService.generatePrice | executionTime=4 ms 
2026-05-12T17:01:51.894 [INFO] requestId:[                                    ] thread:[scheduling-1             ] c.s.testHibernate.logging.LoggingAspect.logExecution@28:
   Entering com.saber.testHibernate.service.PriceSimulatorService.generatePrice with args=[] 
2026-05-12T17:01:51.897 [INFO] requestId:[                                    ] thread:[scheduling-1             ] c.s.t.service.PriceSimulatorService.generatePrice@55:
   Price event sent | symbol=BTC price=51064.1856 topic=prices 
2026-05-12T17:01:51.898 [INFO] requestId:[                                    ] thread:[scheduling-1             ] c.s.testHibernate.logging.LoggingAspect.logExecution@33:
   Exiting com.saber.testHibernate.service.PriceSimulatorService.generatePrice | executionTime=4 ms 
2026-05-12T17:02:51.896 [INFO] requestId:[                                    ] thread:[scheduling-1             ] c.s.testHibernate.logging.LoggingAspect.logExecution@28:
   Entering com.saber.testHibernate.service.PriceSimulatorService.generatePrice with args=[] 
2026-05-12T17:02:51.899 [INFO] requestId:[                                    ] thread:[scheduling-1             ] c.s.t.service.PriceSimulatorService.generatePrice@55:
   Price event sent | symbol=GOOG price=166.5145 topic=prices 
2026-05-12T17:02:51.899 [INFO] requestId:[                                    ] thread:[scheduling-1             ] c.s.testHibernate.logging.LoggingAspect.logExecution@33:
   Exiting com.saber.testHibernate.service.PriceSimulatorService.generatePrice | executionTime=3 ms 
2026-05-12T17:03:51.903 [INFO] requestId:[                                    ] thread:[scheduling-1             ] c.s.testHibernate.logging.LoggingAspect.logExecution@28:
   Entering com.saber.testHibernate.service.PriceSimulatorService.generatePrice with args=[] 
2026-05-12T17:03:51.907 [INFO] requestId:[                                    ] thread:[scheduling-1             ] c.s.t.service.PriceSimulatorService.generatePrice@55:
   Price event sent | symbol=AAPL price=191.9682 topic=prices 
2026-05-12T17:03:51.908 [INFO] requestId:[                                    ] thread:[scheduling-1             ] c.s.testHibernate.logging.LoggingAspect.logExecution@33:
   Exiting com.saber.testHibernate.service.PriceSimulatorService.generatePrice | executionTime=5 ms 
2026-05-12T17:04:51.895 [INFO] requestId:[                                    ] thread:[scheduling-1             ] c.s.testHibernate.logging.LoggingAspect.logExecution@28:
   Entering com.saber.testHibernate.service.PriceSimulatorService.generatePrice with args=[] 
2026-05-12T17:04:51.899 [INFO] requestId:[                                    ] thread:[scheduling-1             ] c.s.t.service.PriceSimulatorService.generatePrice@55:
   Price event sent | symbol=ETH price=2546.2854 topic=prices 
2026-05-12T17:04:51.900 [INFO] requestId:[                                    ] thread:[scheduling-1             ] c.s.testHibernate.logging.LoggingAspect.logExecution@33:
   Exiting com.saber.testHibernate.service.PriceSimulatorService.generatePrice | executionTime=5 ms 
2026-05-12T17:05:51.894 [INFO] requestId:[                                    ] thread:[scheduling-1             ] c.s.testHibernate.logging.LoggingAspect.logExecution@28:
   Entering com.saber.testHibernate.service.PriceSimulatorService.generatePrice with args=[] 
2026-05-12T17:05:51.896 [INFO] requestId:[                                    ] thread:[scheduling-1             ] c.s.t.service.PriceSimulatorService.generatePrice@55:
   Price event sent | symbol=BTC price=55658.5040 topic=prices 
2026-05-12T17:05:51.896 [INFO] requestId:[                                    ] thread:[scheduling-1             ] c.s.testHibernate.logging.LoggingAspect.logExecution@33:
   Exiting com.saber.testHibernate.service.PriceSimulatorService.generatePrice | executionTime=2 ms 
2026-05-12T17:06:51.899 [INFO] requestId:[                                    ] thread:[scheduling-1             ] c.s.testHibernate.logging.LoggingAspect.logExecution@28:
   Entering com.saber.testHibernate.service.PriceSimulatorService.generatePrice with args=[] 
2026-05-12T17:06:51.901 [INFO] requestId:[                                    ] thread:[scheduling-1             ] c.s.t.service.PriceSimulatorService.generatePrice@55:
   Price event sent | symbol=AAPL price=185.6673 topic=prices 
2026-05-12T17:06:51.901 [INFO] requestId:[                                    ] thread:[scheduling-1             ] c.s.testHibernate.logging.LoggingAspect.logExecution@33:
   Exiting com.saber.testHibernate.service.PriceSimulatorService.generatePrice | executionTime=2 ms 
2026-05-12T17:07:51.905 [INFO] requestId:[                                    ] thread:[scheduling-1             ] c.s.testHibernate.logging.LoggingAspect.logExecution@28:
   Entering com.saber.testHibernate.service.PriceSimulatorService.generatePrice with args=[] 
2026-05-12T17:07:51.908 [INFO] requestId:[                                    ] thread:[scheduling-1             ] c.s.t.service.PriceSimulatorService.generatePrice@55:
   Price event sent | symbol=GOOG price=174.5018 topic=prices 
2026-05-12T17:07:51.909 [INFO] requestId:[                                    ] thread:[scheduling-1             ] c.s.testHibernate.logging.LoggingAspect.logExecution@33:
   Exiting com.saber.testHibernate.service.PriceSimulatorService.generatePrice | executionTime=4 ms 
2026-05-12T17:08:51.896 [INFO] requestId:[                                    ] thread:[scheduling-1             ] c.s.testHibernate.logging.LoggingAspect.logExecution@28:
   Entering com.saber.testHibernate.service.PriceSimulatorService.generatePrice with args=[] 
2026-05-12T17:08:51.898 [INFO] requestId:[                                    ] thread:[scheduling-1             ] c.s.t.service.PriceSimulatorService.generatePrice@55:
   Price event sent | symbol=AAPL price=185.8794 topic=prices 
2026-05-12T17:08:51.898 [INFO] requestId:[                                    ] thread:[scheduling-1             ] c.s.testHibernate.logging.LoggingAspect.logExecution@33:
   Exiting com.saber.testHibernate.service.PriceSimulatorService.generatePrice | executionTime=2 ms 
2026-05-12T17:09:51.900 [INFO] requestId:[                                    ] thread:[scheduling-1             ] c.s.testHibernate.logging.LoggingAspect.logExecution@28:
   Entering com.saber.testHibernate.service.PriceSimulatorService.generatePrice with args=[] 
2026-05-12T17:09:51.904 [INFO] requestId:[                                    ] thread:[scheduling-1             ] c.s.t.service.PriceSimulatorService.generatePrice@55:
   Price event sent | symbol=ETH price=2764.6873 topic=prices 
2026-05-12T17:09:51.904 [INFO] requestId:[                                    ] thread:[scheduling-1             ] c.s.testHibernate.logging.LoggingAspect.logExecution@33:
   Exiting com.saber.testHibernate.service.PriceSimulatorService.generatePrice | executionTime=4 ms 
2026-05-12T17:10:51.907 [INFO] requestId:[                                    ] thread:[scheduling-1             ] c.s.testHibernate.logging.LoggingAspect.logExecution@28:
   Entering com.saber.testHibernate.service.PriceSimulatorService.generatePrice with args=[] 
2026-05-12T17:10:51.911 [INFO] requestId:[                                    ] thread:[scheduling-1             ] c.s.t.service.PriceSimulatorService.generatePrice@55:
   Price event sent | symbol=GOOG price=189.6853 topic=prices 
2026-05-12T17:10:51.911 [INFO] requestId:[                                    ] thread:[scheduling-1             ] c.s.testHibernate.logging.LoggingAspect.logExecution@33:
   Exiting com.saber.testHibernate.service.PriceSimulatorService.generatePrice | executionTime=4 ms 
2026-05-12T17:11:51.906 [INFO] requestId:[                                    ] thread:[scheduling-1             ] c.s.testHibernate.logging.LoggingAspect.logExecution@28:
   Entering com.saber.testHibernate.service.PriceSimulatorService.generatePrice with args=[] 
2026-05-12T17:11:51.909 [INFO] requestId:[                                    ] thread:[scheduling-1             ] c.s.t.service.PriceSimulatorService.generatePrice@55:
   Price event sent | symbol=AAPL price=184.6472 topic=prices 
2026-05-12T17:11:51.910 [INFO] requestId:[                                    ] thread:[scheduling-1             ] c.s.testHibernate.logging.LoggingAspect.logExecution@33:
   Exiting com.saber.testHibernate.service.PriceSimulatorService.generatePrice | executionTime=4 ms 
2026-05-12T17:12:51.907 [INFO] requestId:[                                    ] thread:[scheduling-1             ] c.s.testHibernate.logging.LoggingAspect.logExecution@28:
   Entering com.saber.testHibernate.service.PriceSimulatorService.generatePrice with args=[] 
2026-05-12T17:12:51.909 [INFO] requestId:[                                    ] thread:[scheduling-1             ] c.s.t.service.PriceSimulatorService.generatePrice@55:
   Price event sent | symbol=GOOG price=176.6190 topic=prices 
2026-05-12T17:12:51.910 [INFO] requestId:[                                    ] thread:[scheduling-1             ] c.s.testHibernate.logging.LoggingAspect.logExecution@33:
   Exiting com.saber.testHibernate.service.PriceSimulatorService.generatePrice | executionTime=3 ms 
2026-05-12T17:13:51.899 [INFO] requestId:[                                    ] thread:[scheduling-1             ] c.s.testHibernate.logging.LoggingAspect.logExecution@28:
   Entering com.saber.testHibernate.service.PriceSimulatorService.generatePrice with args=[] 
2026-05-12T17:13:51.901 [INFO] requestId:[                                    ] thread:[scheduling-1             ] c.s.t.service.PriceSimulatorService.generatePrice@55:
   Price event sent | symbol=AAPL price=193.4696 topic=prices 
2026-05-12T17:13:51.901 [INFO] requestId:[                                    ] thread:[scheduling-1             ] c.s.testHibernate.logging.LoggingAspect.logExecution@33:
   Exiting com.saber.testHibernate.service.PriceSimulatorService.generatePrice | executionTime=2 ms 
2026-05-12T17:14:51.907 [INFO] requestId:[                                    ] thread:[scheduling-1             ] c.s.testHibernate.logging.LoggingAspect.logExecution@28:
   Entering com.saber.testHibernate.service.PriceSimulatorService.generatePrice with args=[] 
2026-05-12T17:14:51.909 [INFO] requestId:[                                    ] thread:[scheduling-1             ] c.s.t.service.PriceSimulatorService.generatePrice@55:
   Price event sent | symbol=AAPL price=176.6308 topic=prices 
2026-05-12T17:14:51.910 [INFO] requestId:[                                    ] thread:[scheduling-1             ] c.s.testHibernate.logging.LoggingAspect.logExecution@33:
   Exiting com.saber.testHibernate.service.PriceSimulatorService.generatePrice | executionTime=3 ms 
2026-05-12T17:15:51.909 [INFO] requestId:[                                    ] thread:[scheduling-1             ] c.s.testHibernate.logging.LoggingAspect.logExecution@28:
   Entering com.saber.testHibernate.service.PriceSimulatorService.generatePrice with args=[] 
2026-05-12T17:15:51.913 [INFO] requestId:[                                    ] thread:[scheduling-1             ] c.s.t.service.PriceSimulatorService.generatePrice@55:
   Price event sent | symbol=AAPL price=167.4066 topic=prices 
2026-05-12T17:15:51.914 [INFO] requestId:[                                    ] thread:[scheduling-1             ] c.s.testHibernate.logging.LoggingAspect.logExecution@33:
   Exiting com.saber.testHibernate.service.PriceSimulatorService.generatePrice | executionTime=5 ms 
2026-05-12T17:16:51.900 [INFO] requestId:[                                    ] thread:[scheduling-1             ] c.s.testHibernate.logging.LoggingAspect.logExecution@28:
   Entering com.saber.testHibernate.service.PriceSimulatorService.generatePrice with args=[] 
2026-05-12T17:16:51.904 [INFO] requestId:[                                    ] thread:[scheduling-1             ] c.s.t.service.PriceSimulatorService.generatePrice@55:
   Price event sent | symbol=BTC price=59476.5566 topic=prices 
2026-05-12T17:16:51.904 [INFO] requestId:[                                    ] thread:[scheduling-1             ] c.s.testHibernate.logging.LoggingAspect.logExecution@33:
   Exiting com.saber.testHibernate.service.PriceSimulatorService.generatePrice | executionTime=4 ms 
2026-05-12T17:17:51.901 [INFO] requestId:[                                    ] thread:[scheduling-1             ] c.s.testHibernate.logging.LoggingAspect.logExecution@28:
   Entering com.saber.testHibernate.service.PriceSimulatorService.generatePrice with args=[] 
2026-05-12T17:17:51.903 [INFO] requestId:[                                    ] thread:[scheduling-1             ] c.s.t.service.PriceSimulatorService.generatePrice@55:
   Price event sent | symbol=GOOG price=182.2674 topic=prices 
2026-05-12T17:17:51.903 [INFO] requestId:[                                    ] thread:[scheduling-1             ] c.s.testHibernate.logging.LoggingAspect.logExecution@33:
   Exiting com.saber.testHibernate.service.PriceSimulatorService.generatePrice | executionTime=2 ms 
2026-05-12T17:18:51.898 [INFO] requestId:[                                    ] thread:[scheduling-1             ] c.s.testHibernate.logging.LoggingAspect.logExecution@28:
   Entering com.saber.testHibernate.service.PriceSimulatorService.generatePrice with args=[] 
2026-05-12T17:18:51.901 [INFO] requestId:[                                    ] thread:[scheduling-1             ] c.s.t.service.PriceSimulatorService.generatePrice@55:
   Price event sent | symbol=ETH price=2598.6440 topic=prices 
2026-05-12T17:18:51.901 [INFO] requestId:[                                    ] thread:[scheduling-1             ] c.s.testHibernate.logging.LoggingAspect.logExecution@33:
   Exiting com.saber.testHibernate.service.PriceSimulatorService.generatePrice | executionTime=3 ms 
2026-05-12T17:19:51.906 [INFO] requestId:[                                    ] thread:[scheduling-1             ] c.s.testHibernate.logging.LoggingAspect.logExecution@28:
   Entering com.saber.testHibernate.service.PriceSimulatorService.generatePrice with args=[] 
2026-05-12T17:19:51.909 [INFO] requestId:[                                    ] thread:[scheduling-1             ] c.s.t.service.PriceSimulatorService.generatePrice@55:
   Price event sent | symbol=BTC price=56960.6739 topic=prices 
2026-05-12T17:19:51.909 [INFO] requestId:[                                    ] thread:[scheduling-1             ] c.s.testHibernate.logging.LoggingAspect.logExecution@33:
   Exiting com.saber.testHibernate.service.PriceSimulatorService.generatePrice | executionTime=3 ms 
2026-05-12T17:20:51.911 [INFO] requestId:[                                    ] thread:[scheduling-1             ] c.s.testHibernate.logging.LoggingAspect.logExecution@28:
   Entering com.saber.testHibernate.service.PriceSimulatorService.generatePrice with args=[] 
2026-05-12T17:20:51.913 [INFO] requestId:[                                    ] thread:[scheduling-1             ] c.s.t.service.PriceSimulatorService.generatePrice@55:
   Price event sent | symbol=ETH price=2514.9388 topic=prices 
2026-05-12T17:20:51.914 [INFO] requestId:[                                    ] thread:[scheduling-1             ] c.s.testHibernate.logging.LoggingAspect.logExecution@33:
   Exiting com.saber.testHibernate.service.PriceSimulatorService.generatePrice | executionTime=4 ms 
2026-05-12T17:21:51.899 [INFO] requestId:[                                    ] thread:[scheduling-1             ] c.s.testHibernate.logging.LoggingAspect.logExecution@28:
   Entering com.saber.testHibernate.service.PriceSimulatorService.generatePrice with args=[] 
2026-05-12T17:21:51.903 [INFO] requestId:[                                    ] thread:[scheduling-1             ] c.s.t.service.PriceSimulatorService.generatePrice@55:
   Price event sent | symbol=AAPL price=154.9254 topic=prices 
2026-05-12T17:21:51.903 [INFO] requestId:[                                    ] thread:[scheduling-1             ] c.s.testHibernate.logging.LoggingAspect.logExecution@33:
   Exiting com.saber.testHibernate.service.PriceSimulatorService.generatePrice | executionTime=4 ms 
2026-05-12T17:22:51.903 [INFO] requestId:[                                    ] thread:[scheduling-1             ] c.s.testHibernate.logging.LoggingAspect.logExecution@28:
   Entering com.saber.testHibernate.service.PriceSimulatorService.generatePrice with args=[] 
2026-05-12T17:22:51.905 [INFO] requestId:[                                    ] thread:[scheduling-1             ] c.s.t.service.PriceSimulatorService.generatePrice@55:
   Price event sent | symbol=ETH price=2618.0853 topic=prices 
2026-05-12T17:22:51.905 [INFO] requestId:[                                    ] thread:[scheduling-1             ] c.s.testHibernate.logging.LoggingAspect.logExecution@33:
   Exiting com.saber.testHibernate.service.PriceSimulatorService.generatePrice | executionTime=2 ms 
2026-05-12T17:23:51.911 [INFO] requestId:[                                    ] thread:[scheduling-1             ] c.s.testHibernate.logging.LoggingAspect.logExecution@28:
   Entering com.saber.testHibernate.service.PriceSimulatorService.generatePrice with args=[] 
2026-05-12T17:23:51.915 [INFO] requestId:[                                    ] thread:[scheduling-1             ] c.s.t.service.PriceSimulatorService.generatePrice@55:
   Price event sent | symbol=BTC price=52511.6752 topic=prices 
2026-05-12T17:23:51.915 [INFO] requestId:[                                    ] thread:[scheduling-1             ] c.s.testHibernate.logging.LoggingAspect.logExecution@33:
   Exiting com.saber.testHibernate.service.PriceSimulatorService.generatePrice | executionTime=4 ms 
2026-05-12T17:24:51.901 [INFO] requestId:[                                    ] thread:[scheduling-1             ] c.s.testHibernate.logging.LoggingAspect.logExecution@28:
   Entering com.saber.testHibernate.service.PriceSimulatorService.generatePrice with args=[] 
2026-05-12T17:24:51.903 [INFO] requestId:[                                    ] thread:[scheduling-1             ] c.s.t.service.PriceSimulatorService.generatePrice@55:
   Price event sent | symbol=AAPL price=157.8364 topic=prices 
2026-05-12T17:24:51.904 [INFO] requestId:[                                    ] thread:[scheduling-1             ] c.s.testHibernate.logging.LoggingAspect.logExecution@33:
   Exiting com.saber.testHibernate.service.PriceSimulatorService.generatePrice | executionTime=3 ms 
2026-05-12T17:25:51.912 [INFO] requestId:[                                    ] thread:[scheduling-1             ] c.s.testHibernate.logging.LoggingAspect.logExecution@28:
   Entering com.saber.testHibernate.service.PriceSimulatorService.generatePrice with args=[] 
2026-05-12T17:25:51.914 [INFO] requestId:[                                    ] thread:[scheduling-1             ] c.s.t.service.PriceSimulatorService.generatePrice@55:
   Price event sent | symbol=GOOG price=167.5746 topic=prices 
2026-05-12T17:25:51.914 [INFO] requestId:[                                    ] thread:[scheduling-1             ] c.s.testHibernate.logging.LoggingAspect.logExecution@33:
   Exiting com.saber.testHibernate.service.PriceSimulatorService.generatePrice | executionTime=2 ms 
2026-05-12T17:26:51.903 [INFO] requestId:[                                    ] thread:[scheduling-1             ] c.s.testHibernate.logging.LoggingAspect.logExecution@28:
   Entering com.saber.testHibernate.service.PriceSimulatorService.generatePrice with args=[] 
2026-05-12T17:26:51.907 [INFO] requestId:[                                    ] thread:[scheduling-1             ] c.s.t.service.PriceSimulatorService.generatePrice@55:
   Price event sent | symbol=GOOG price=165.1169 topic=prices 
2026-05-12T17:26:51.907 [INFO] requestId:[                                    ] thread:[scheduling-1             ] c.s.testHibernate.logging.LoggingAspect.logExecution@33:
   Exiting com.saber.testHibernate.service.PriceSimulatorService.generatePrice | executionTime=4 ms 
2026-05-12T17:27:51.911 [INFO] requestId:[                                    ] thread:[scheduling-1             ] c.s.testHibernate.logging.LoggingAspect.logExecution@28:
   Entering com.saber.testHibernate.service.PriceSimulatorService.generatePrice with args=[] 
2026-05-12T17:27:51.915 [INFO] requestId:[                                    ] thread:[scheduling-1             ] c.s.t.service.PriceSimulatorService.generatePrice@55:
   Price event sent | symbol=ETH price=2388.1273 topic=prices 
2026-05-12T17:27:51.915 [INFO] requestId:[                                    ] thread:[scheduling-1             ] c.s.testHibernate.logging.LoggingAspect.logExecution@33:
   Exiting com.saber.testHibernate.service.PriceSimulatorService.generatePrice | executionTime=4 ms 
2026-05-12T17:28:51.909 [INFO] requestId:[                                    ] thread:[scheduling-1             ] c.s.testHibernate.logging.LoggingAspect.logExecution@28:
   Entering com.saber.testHibernate.service.PriceSimulatorService.generatePrice with args=[] 
2026-05-12T17:28:51.911 [INFO] requestId:[                                    ] thread:[scheduling-1             ] c.s.t.service.PriceSimulatorService.generatePrice@55:
   Price event sent | symbol=AAPL price=142.8074 topic=prices 
2026-05-12T17:28:51.911 [INFO] requestId:[                                    ] thread:[scheduling-1             ] c.s.testHibernate.logging.LoggingAspect.logExecution@33:
   Exiting com.saber.testHibernate.service.PriceSimulatorService.generatePrice | executionTime=2 ms 
2026-05-12T17:29:51.909 [INFO] requestId:[                                    ] thread:[scheduling-1             ] c.s.testHibernate.logging.LoggingAspect.logExecution@28:
   Entering com.saber.testHibernate.service.PriceSimulatorService.generatePrice with args=[] 
2026-05-12T17:29:51.912 [INFO] requestId:[                                    ] thread:[scheduling-1             ] c.s.t.service.PriceSimulatorService.generatePrice@55:
   Price event sent | symbol=ETH price=2490.3993 topic=prices 
2026-05-12T17:29:51.913 [INFO] requestId:[                                    ] thread:[scheduling-1             ] c.s.testHibernate.logging.LoggingAspect.logExecution@33:
   Exiting com.saber.testHibernate.service.PriceSimulatorService.generatePrice | executionTime=4 ms 
2026-05-12T17:30:51.915 [INFO] requestId:[                                    ] thread:[scheduling-1             ] c.s.testHibernate.logging.LoggingAspect.logExecution@28:
   Entering com.saber.testHibernate.service.PriceSimulatorService.generatePrice with args=[] 
2026-05-12T17:30:51.919 [INFO] requestId:[                                    ] thread:[scheduling-1             ] c.s.t.service.PriceSimulatorService.generatePrice@55:
   Price event sent | symbol=AAPL price=149.9086 topic=prices 
2026-05-12T17:30:51.919 [INFO] requestId:[                                    ] thread:[scheduling-1             ] c.s.testHibernate.logging.LoggingAspect.logExecution@33:
   Exiting com.saber.testHibernate.service.PriceSimulatorService.generatePrice | executionTime=4 ms 
2026-05-12T17:31:51.915 [INFO] requestId:[                                    ] thread:[scheduling-1             ] c.s.testHibernate.logging.LoggingAspect.logExecution@28:
   Entering com.saber.testHibernate.service.PriceSimulatorService.generatePrice with args=[] 
2026-05-12T17:31:51.917 [INFO] requestId:[                                    ] thread:[scheduling-1             ] c.s.t.service.PriceSimulatorService.generatePrice@55:
   Price event sent | symbol=ETH price=2351.5008 topic=prices 
2026-05-12T17:31:51.918 [INFO] requestId:[                                    ] thread:[scheduling-1             ] c.s.testHibernate.logging.LoggingAspect.logExecution@33:
   Exiting com.saber.testHibernate.service.PriceSimulatorService.generatePrice | executionTime=3 ms 
2026-05-12T17:32:51.914 [INFO] requestId:[                                    ] thread:[scheduling-1             ] c.s.testHibernate.logging.LoggingAspect.logExecution@28:
   Entering com.saber.testHibernate.service.PriceSimulatorService.generatePrice with args=[] 
2026-05-12T17:32:51.916 [INFO] requestId:[                                    ] thread:[scheduling-1             ] c.s.t.service.PriceSimulatorService.generatePrice@55:
   Price event sent | symbol=ETH price=2137.7015 topic=prices 
2026-05-12T17:32:51.917 [INFO] requestId:[                                    ] thread:[scheduling-1             ] c.s.testHibernate.logging.LoggingAspect.logExecution@33:
   Exiting com.saber.testHibernate.service.PriceSimulatorService.generatePrice | executionTime=3 ms 
2026-05-12T17:33:51.902 [INFO] requestId:[                                    ] thread:[scheduling-1             ] c.s.testHibernate.logging.LoggingAspect.logExecution@28:
   Entering com.saber.testHibernate.service.PriceSimulatorService.generatePrice with args=[] 
2026-05-12T17:33:51.904 [INFO] requestId:[                                    ] thread:[scheduling-1             ] c.s.t.service.PriceSimulatorService.generatePrice@55:
   Price event sent | symbol=AAPL price=163.4359 topic=prices 
2026-05-12T17:33:51.904 [INFO] requestId:[                                    ] thread:[scheduling-1             ] c.s.testHibernate.logging.LoggingAspect.logExecution@33:
   Exiting com.saber.testHibernate.service.PriceSimulatorService.generatePrice | executionTime=2 ms 
2026-05-12T17:34:51.906 [INFO] requestId:[                                    ] thread:[scheduling-1             ] c.s.testHibernate.logging.LoggingAspect.logExecution@28:
   Entering com.saber.testHibernate.service.PriceSimulatorService.generatePrice with args=[] 
2026-05-12T17:34:51.908 [INFO] requestId:[                                    ] thread:[scheduling-1             ] c.s.t.service.PriceSimulatorService.generatePrice@55:
   Price event sent | symbol=ETH price=2254.1107 topic=prices 
2026-05-12T17:34:51.909 [INFO] requestId:[                                    ] thread:[scheduling-1             ] c.s.testHibernate.logging.LoggingAspect.logExecution@33:
   Exiting com.saber.testHibernate.service.PriceSimulatorService.generatePrice | executionTime=3 ms 
2026-05-12T17:35:51.911 [INFO] requestId:[                                    ] thread:[scheduling-1             ] c.s.testHibernate.logging.LoggingAspect.logExecution@28:
   Entering com.saber.testHibernate.service.PriceSimulatorService.generatePrice with args=[] 
2026-05-12T17:35:51.913 [INFO] requestId:[                                    ] thread:[scheduling-1             ] c.s.t.service.PriceSimulatorService.generatePrice@55:
   Price event sent | symbol=GOOG price=155.6550 topic=prices 
2026-05-12T17:35:51.914 [INFO] requestId:[                                    ] thread:[scheduling-1             ] c.s.testHibernate.logging.LoggingAspect.logExecution@33:
   Exiting com.saber.testHibernate.service.PriceSimulatorService.generatePrice | executionTime=3 ms 
2026-05-12T17:36:51.916 [INFO] requestId:[                                    ] thread:[scheduling-1             ] c.s.testHibernate.logging.LoggingAspect.logExecution@28:
   Entering com.saber.testHibernate.service.PriceSimulatorService.generatePrice with args=[] 
2026-05-12T17:36:51.919 [INFO] requestId:[                                    ] thread:[scheduling-1             ] c.s.t.service.PriceSimulatorService.generatePrice@55:
   Price event sent | symbol=BTC price=55249.0742 topic=prices 
2026-05-12T17:36:51.920 [INFO] requestId:[                                    ] thread:[scheduling-1             ] c.s.testHibernate.logging.LoggingAspect.logExecution@33:
   Exiting com.saber.testHibernate.service.PriceSimulatorService.generatePrice | executionTime=4 ms 
2026-05-12T17:37:51.907 [INFO] requestId:[                                    ] thread:[scheduling-1             ] c.s.testHibernate.logging.LoggingAspect.logExecution@28:
   Entering com.saber.testHibernate.service.PriceSimulatorService.generatePrice with args=[] 
2026-05-12T17:37:51.909 [INFO] requestId:[                                    ] thread:[scheduling-1             ] c.s.t.service.PriceSimulatorService.generatePrice@55:
   Price event sent | symbol=GOOG price=153.4050 topic=prices 
2026-05-12T17:37:51.909 [INFO] requestId:[                                    ] thread:[scheduling-1             ] c.s.testHibernate.logging.LoggingAspect.logExecution@33:
   Exiting com.saber.testHibernate.service.PriceSimulatorService.generatePrice | executionTime=2 ms 
2026-05-12T17:38:51.919 [INFO] requestId:[                                    ] thread:[scheduling-1             ] c.s.testHibernate.logging.LoggingAspect.logExecution@28:
   Entering com.saber.testHibernate.service.PriceSimulatorService.generatePrice with args=[] 
2026-05-12T17:38:51.922 [INFO] requestId:[                                    ] thread:[scheduling-1             ] c.s.t.service.PriceSimulatorService.generatePrice@55:
   Price event sent | symbol=AAPL price=148.2704 topic=prices 
2026-05-12T17:38:51.922 [INFO] requestId:[                                    ] thread:[scheduling-1             ] c.s.testHibernate.logging.LoggingAspect.logExecution@33:
   Exiting com.saber.testHibernate.service.PriceSimulatorService.generatePrice | executionTime=3 ms 
2026-05-12T17:39:51.907 [INFO] requestId:[                                    ] thread:[scheduling-1             ] c.s.testHibernate.logging.LoggingAspect.logExecution@28:
   Entering com.saber.testHibernate.service.PriceSimulatorService.generatePrice with args=[] 
2026-05-12T17:39:51.910 [INFO] requestId:[                                    ] thread:[scheduling-1             ] c.s.t.service.PriceSimulatorService.generatePrice@55:
   Price event sent | symbol=GOOG price=160.6249 topic=prices 
2026-05-12T17:39:51.910 [INFO] requestId:[                                    ] thread:[scheduling-1             ] c.s.testHibernate.logging.LoggingAspect.logExecution@33:
   Exiting com.saber.testHibernate.service.PriceSimulatorService.generatePrice | executionTime=3 ms 
2026-05-12T17:40:51.913 [INFO] requestId:[                                    ] thread:[scheduling-1             ] c.s.testHibernate.logging.LoggingAspect.logExecution@28:
   Entering com.saber.testHibernate.service.PriceSimulatorService.generatePrice with args=[] 
2026-05-12T17:40:51.915 [INFO] requestId:[                                    ] thread:[scheduling-1             ] c.s.t.service.PriceSimulatorService.generatePrice@55:
   Price event sent | symbol=ETH price=2387.8238 topic=prices 
2026-05-12T17:40:51.916 [INFO] requestId:[                                    ] thread:[scheduling-1             ] c.s.testHibernate.logging.LoggingAspect.logExecution@33:
   Exiting com.saber.testHibernate.service.PriceSimulatorService.generatePrice | executionTime=3 ms 
2026-05-12T17:41:51.921 [INFO] requestId:[                                    ] thread:[scheduling-1             ] c.s.testHibernate.logging.LoggingAspect.logExecution@28:
   Entering com.saber.testHibernate.service.PriceSimulatorService.generatePrice with args=[] 
2026-05-12T17:41:51.925 [INFO] requestId:[                                    ] thread:[scheduling-1             ] c.s.t.service.PriceSimulatorService.generatePrice@55:
   Price event sent | symbol=AAPL price=156.7768 topic=prices 
2026-05-12T17:41:51.926 [INFO] requestId:[                                    ] thread:[scheduling-1             ] c.s.testHibernate.logging.LoggingAspect.logExecution@33:
   Exiting com.saber.testHibernate.service.PriceSimulatorService.generatePrice | executionTime=5 ms 
2026-05-12T17:42:51.910 [INFO] requestId:[                                    ] thread:[scheduling-1             ] c.s.testHibernate.logging.LoggingAspect.logExecution@28:
   Entering com.saber.testHibernate.service.PriceSimulatorService.generatePrice with args=[] 
2026-05-12T17:42:51.923 [INFO] requestId:[                                    ] thread:[scheduling-1             ] c.s.t.service.PriceSimulatorService.generatePrice@55:
   Price event sent | symbol=AAPL price=145.2225 topic=prices 
2026-05-12T17:42:51.925 [INFO] requestId:[                                    ] thread:[scheduling-1             ] c.s.testHibernate.logging.LoggingAspect.logExecution@33:
   Exiting com.saber.testHibernate.service.PriceSimulatorService.generatePrice | executionTime=15 ms 
2026-05-12T17:43:51.907 [INFO] requestId:[                                    ] thread:[scheduling-1             ] c.s.testHibernate.logging.LoggingAspect.logExecution@28:
   Entering com.saber.testHibernate.service.PriceSimulatorService.generatePrice with args=[] 
2026-05-12T17:43:51.911 [INFO] requestId:[                                    ] thread:[scheduling-1             ] c.s.t.service.PriceSimulatorService.generatePrice@55:
   Price event sent | symbol=ETH price=2423.6971 topic=prices 
2026-05-12T17:43:51.912 [INFO] requestId:[                                    ] thread:[scheduling-1             ] c.s.testHibernate.logging.LoggingAspect.logExecution@33:
   Exiting com.saber.testHibernate.service.PriceSimulatorService.generatePrice | executionTime=5 ms 
2026-05-12T17:44:51.907 [INFO] requestId:[                                    ] thread:[scheduling-1             ] c.s.testHibernate.logging.LoggingAspect.logExecution@28:
   Entering com.saber.testHibernate.service.PriceSimulatorService.generatePrice with args=[] 
2026-05-12T17:44:51.910 [INFO] requestId:[                                    ] thread:[scheduling-1             ] c.s.t.service.PriceSimulatorService.generatePrice@55:
   Price event sent | symbol=AAPL price=133.8379 topic=prices 
2026-05-12T17:44:51.910 [INFO] requestId:[                                    ] thread:[scheduling-1             ] c.s.testHibernate.logging.LoggingAspect.logExecution@33:
   Exiting com.saber.testHibernate.service.PriceSimulatorService.generatePrice | executionTime=3 ms 
2026-05-12T17:45:51.921 [INFO] requestId:[                                    ] thread:[scheduling-1             ] c.s.testHibernate.logging.LoggingAspect.logExecution@28:
   Entering com.saber.testHibernate.service.PriceSimulatorService.generatePrice with args=[] 
2026-05-12T17:45:51.923 [INFO] requestId:[                                    ] thread:[scheduling-1             ] c.s.t.service.PriceSimulatorService.generatePrice@55:
   Price event sent | symbol=BTC price=53036.5398 topic=prices 
2026-05-12T17:45:51.924 [INFO] requestId:[                                    ] thread:[scheduling-1             ] c.s.testHibernate.logging.LoggingAspect.logExecution@33:
   Exiting com.saber.testHibernate.service.PriceSimulatorService.generatePrice | executionTime=3 ms 
2026-05-12T17:46:51.909 [INFO] requestId:[                                    ] thread:[scheduling-1             ] c.s.testHibernate.logging.LoggingAspect.logExecution@28:
   Entering com.saber.testHibernate.service.PriceSimulatorService.generatePrice with args=[] 
2026-05-12T17:46:51.911 [INFO] requestId:[                                    ] thread:[scheduling-1             ] c.s.t.service.PriceSimulatorService.generatePrice@55:
   Price event sent | symbol=ETH price=2409.9189 topic=prices 
2026-05-12T17:46:51.911 [INFO] requestId:[                                    ] thread:[scheduling-1             ] c.s.testHibernate.logging.LoggingAspect.logExecution@33:
   Exiting com.saber.testHibernate.service.PriceSimulatorService.generatePrice | executionTime=2 ms 
2026-05-12T17:47:51.925 [INFO] requestId:[                                    ] thread:[scheduling-1             ] c.s.testHibernate.logging.LoggingAspect.logExecution@28:
   Entering com.saber.testHibernate.service.PriceSimulatorService.generatePrice with args=[] 
2026-05-12T17:47:51.926 [INFO] requestId:[                                    ] thread:[scheduling-1             ] c.s.t.service.PriceSimulatorService.generatePrice@55:
   Price event sent | symbol=GOOG price=157.1419 topic=prices 
2026-05-12T17:47:51.928 [INFO] requestId:[                                    ] thread:[scheduling-1             ] c.s.testHibernate.logging.LoggingAspect.logExecution@33:
   Exiting com.saber.testHibernate.service.PriceSimulatorService.generatePrice | executionTime=3 ms 
2026-05-12T17:48:51.923 [INFO] requestId:[                                    ] thread:[scheduling-1             ] c.s.testHibernate.logging.LoggingAspect.logExecution@28:
   Entering com.saber.testHibernate.service.PriceSimulatorService.generatePrice with args=[] 
2026-05-12T17:48:51.926 [INFO] requestId:[                                    ] thread:[scheduling-1             ] c.s.t.service.PriceSimulatorService.generatePrice@55:
   Price event sent | symbol=BTC price=52787.1009 topic=prices 
2026-05-12T17:48:51.927 [INFO] requestId:[                                    ] thread:[scheduling-1             ] c.s.testHibernate.logging.LoggingAspect.logExecution@33:
   Exiting com.saber.testHibernate.service.PriceSimulatorService.generatePrice | executionTime=4 ms 
2026-05-12T17:49:51.930 [INFO] requestId:[                                    ] thread:[scheduling-1             ] c.s.testHibernate.logging.LoggingAspect.logExecution@28:
   Entering com.saber.testHibernate.service.PriceSimulatorService.generatePrice with args=[] 
2026-05-12T17:49:51.932 [INFO] requestId:[                                    ] thread:[scheduling-1             ] c.s.t.service.PriceSimulatorService.generatePrice@55:
   Price event sent | symbol=ETH price=2613.2134 topic=prices 
2026-05-12T17:49:51.932 [INFO] requestId:[                                    ] thread:[scheduling-1             ] c.s.testHibernate.logging.LoggingAspect.logExecution@33:
   Exiting com.saber.testHibernate.service.PriceSimulatorService.generatePrice | executionTime=2 ms 
2026-05-12T17:50:51.918 [INFO] requestId:[                                    ] thread:[scheduling-1             ] c.s.testHibernate.logging.LoggingAspect.logExecution@28:
   Entering com.saber.testHibernate.service.PriceSimulatorService.generatePrice with args=[] 
2026-05-12T17:50:51.920 [INFO] requestId:[                                    ] thread:[scheduling-1             ] c.s.t.service.PriceSimulatorService.generatePrice@55:
   Price event sent | symbol=BTC price=52021.6648 topic=prices 
2026-05-12T17:50:51.920 [INFO] requestId:[                                    ] thread:[scheduling-1             ] c.s.testHibernate.logging.LoggingAspect.logExecution@33:
   Exiting com.saber.testHibernate.service.PriceSimulatorService.generatePrice | executionTime=2 ms 
2026-05-12T17:51:51.926 [INFO] requestId:[                                    ] thread:[scheduling-1             ] c.s.testHibernate.logging.LoggingAspect.logExecution@28:
   Entering com.saber.testHibernate.service.PriceSimulatorService.generatePrice with args=[] 
2026-05-12T17:51:51.928 [INFO] requestId:[                                    ] thread:[scheduling-1             ] c.s.t.service.PriceSimulatorService.generatePrice@55:
   Price event sent | symbol=GOOG price=160.7993 topic=prices 
2026-05-12T17:51:51.928 [INFO] requestId:[                                    ] thread:[scheduling-1             ] c.s.testHibernate.logging.LoggingAspect.logExecution@33:
   Exiting com.saber.testHibernate.service.PriceSimulatorService.generatePrice | executionTime=2 ms 
2026-05-12T17:52:51.937 [INFO] requestId:[                                    ] thread:[scheduling-1             ] c.s.testHibernate.logging.LoggingAspect.logExecution@28:
   Entering com.saber.testHibernate.service.PriceSimulatorService.generatePrice with args=[] 
2026-05-12T17:52:51.939 [INFO] requestId:[                                    ] thread:[scheduling-1             ] c.s.t.service.PriceSimulatorService.generatePrice@55:
   Price event sent | symbol=BTC price=55267.9631 topic=prices 
2026-05-12T17:52:51.939 [INFO] requestId:[                                    ] thread:[scheduling-1             ] c.s.testHibernate.logging.LoggingAspect.logExecution@33:
   Exiting com.saber.testHibernate.service.PriceSimulatorService.generatePrice | executionTime=2 ms 
2026-05-12T17:53:51.937 [INFO] requestId:[                                    ] thread:[scheduling-1             ] c.s.testHibernate.logging.LoggingAspect.logExecution@28:
   Entering com.saber.testHibernate.service.PriceSimulatorService.generatePrice with args=[] 
2026-05-12T17:53:51.939 [INFO] requestId:[                                    ] thread:[scheduling-1             ] c.s.t.service.PriceSimulatorService.generatePrice@55:
   Price event sent | symbol=AAPL price=142.1581 topic=prices 
2026-05-12T17:53:51.939 [INFO] requestId:[                                    ] thread:[scheduling-1             ] c.s.testHibernate.logging.LoggingAspect.logExecution@33:
   Exiting com.saber.testHibernate.service.PriceSimulatorService.generatePrice | executionTime=2 ms 
2026-05-12T17:54:51.941 [INFO] requestId:[                                    ] thread:[scheduling-1             ] c.s.testHibernate.logging.LoggingAspect.logExecution@28:
   Entering com.saber.testHibernate.service.PriceSimulatorService.generatePrice with args=[] 
2026-05-12T17:54:51.944 [INFO] requestId:[                                    ] thread:[scheduling-1             ] c.s.t.service.PriceSimulatorService.generatePrice@55:
   Price event sent | symbol=ETH price=2725.2200 topic=prices 
2026-05-12T17:54:51.944 [INFO] requestId:[                                    ] thread:[scheduling-1             ] c.s.testHibernate.logging.LoggingAspect.logExecution@33:
   Exiting com.saber.testHibernate.service.PriceSimulatorService.generatePrice | executionTime=3 ms 
2026-05-12T17:55:51.944 [INFO] requestId:[                                    ] thread:[scheduling-1             ] c.s.testHibernate.logging.LoggingAspect.logExecution@28:
   Entering com.saber.testHibernate.service.PriceSimulatorService.generatePrice with args=[] 
2026-05-12T17:55:51.945 [INFO] requestId:[                                    ] thread:[scheduling-1             ] c.s.t.service.PriceSimulatorService.generatePrice@55:
   Price event sent | symbol=ETH price=2805.4412 topic=prices 
2026-05-12T17:55:51.945 [INFO] requestId:[                                    ] thread:[scheduling-1             ] c.s.testHibernate.logging.LoggingAspect.logExecution@33:
   Exiting com.saber.testHibernate.service.PriceSimulatorService.generatePrice | executionTime=1 ms 
2026-05-12T17:56:51.933 [INFO] requestId:[                                    ] thread:[scheduling-1             ] c.s.testHibernate.logging.LoggingAspect.logExecution@28:
   Entering com.saber.testHibernate.service.PriceSimulatorService.generatePrice with args=[] 
2026-05-12T17:56:51.936 [INFO] requestId:[                                    ] thread:[scheduling-1             ] c.s.t.service.PriceSimulatorService.generatePrice@55:
   Price event sent | symbol=AAPL price=147.9013 topic=prices 
2026-05-12T17:56:51.937 [INFO] requestId:[                                    ] thread:[scheduling-1             ] c.s.testHibernate.logging.LoggingAspect.logExecution@33:
   Exiting com.saber.testHibernate.service.PriceSimulatorService.generatePrice | executionTime=4 ms 
2026-05-12T17:57:51.939 [INFO] requestId:[                                    ] thread:[scheduling-1             ] c.s.testHibernate.logging.LoggingAspect.logExecution@28:
   Entering com.saber.testHibernate.service.PriceSimulatorService.generatePrice with args=[] 
2026-05-12T17:57:51.942 [INFO] requestId:[                                    ] thread:[scheduling-1             ] c.s.t.service.PriceSimulatorService.generatePrice@55:
   Price event sent | symbol=BTC price=54539.6097 topic=prices 
2026-05-12T17:57:51.943 [INFO] requestId:[                                    ] thread:[scheduling-1             ] c.s.testHibernate.logging.LoggingAspect.logExecution@33:
   Exiting com.saber.testHibernate.service.PriceSimulatorService.generatePrice | executionTime=4 ms 
2026-05-12T17:58:51.946 [INFO] requestId:[                                    ] thread:[scheduling-1             ] c.s.testHibernate.logging.LoggingAspect.logExecution@28:
   Entering com.saber.testHibernate.service.PriceSimulatorService.generatePrice with args=[] 
2026-05-12T17:58:51.949 [INFO] requestId:[                                    ] thread:[scheduling-1             ] c.s.t.service.PriceSimulatorService.generatePrice@55:
   Price event sent | symbol=AAPL price=154.0337 topic=prices 
2026-05-12T17:58:51.950 [INFO] requestId:[                                    ] thread:[scheduling-1             ] c.s.testHibernate.logging.LoggingAspect.logExecution@33:
   Exiting com.saber.testHibernate.service.PriceSimulatorService.generatePrice | executionTime=4 ms 
2026-05-12T17:59:51.952 [INFO] requestId:[                                    ] thread:[scheduling-1             ] c.s.testHibernate.logging.LoggingAspect.logExecution@28:
   Entering com.saber.testHibernate.service.PriceSimulatorService.generatePrice with args=[] 
2026-05-12T17:59:51.953 [INFO] requestId:[                                    ] thread:[scheduling-1             ] c.s.t.service.PriceSimulatorService.generatePrice@55:
   Price event sent | symbol=BTC price=53336.0137 topic=prices 
2026-05-12T17:59:51.954 [INFO] requestId:[                                    ] thread:[scheduling-1             ] c.s.testHibernate.logging.LoggingAspect.logExecution@33:
   Exiting com.saber.testHibernate.service.PriceSimulatorService.generatePrice | executionTime=2 ms 
2026-05-12T18:00:51.949 [INFO] requestId:[                                    ] thread:[scheduling-1             ] c.s.testHibernate.logging.LoggingAspect.logExecution@28:
   Entering com.saber.testHibernate.service.PriceSimulatorService.generatePrice with args=[] 
2026-05-12T18:00:51.950 [INFO] requestId:[                                    ] thread:[scheduling-1             ] c.s.t.service.PriceSimulatorService.generatePrice@55:
   Price event sent | symbol=GOOG price=173.0634 topic=prices 
2026-05-12T18:00:51.951 [INFO] requestId:[                                    ] thread:[scheduling-1             ] c.s.testHibernate.logging.LoggingAspect.logExecution@33:
   Exiting com.saber.testHibernate.service.PriceSimulatorService.generatePrice | executionTime=2 ms 
2026-05-12T18:01:51.951 [INFO] requestId:[                                    ] thread:[scheduling-1             ] c.s.testHibernate.logging.LoggingAspect.logExecution@28:
   Entering com.saber.testHibernate.service.PriceSimulatorService.generatePrice with args=[] 
2026-05-12T18:01:51.954 [INFO] requestId:[                                    ] thread:[scheduling-1             ] c.s.t.service.PriceSimulatorService.generatePrice@55:
   Price event sent | symbol=GOOG price=165.4792 topic=prices 
2026-05-12T18:01:51.955 [INFO] requestId:[                                    ] thread:[scheduling-1             ] c.s.testHibernate.logging.LoggingAspect.logExecution@33:
   Exiting com.saber.testHibernate.service.PriceSimulatorService.generatePrice | executionTime=4 ms 
2026-05-12T18:02:51.950 [INFO] requestId:[                                    ] thread:[scheduling-1             ] c.s.testHibernate.logging.LoggingAspect.logExecution@28:
   Entering com.saber.testHibernate.service.PriceSimulatorService.generatePrice with args=[] 
2026-05-12T18:02:51.953 [INFO] requestId:[                                    ] thread:[scheduling-1             ] c.s.t.service.PriceSimulatorService.generatePrice@55:
   Price event sent | symbol=ETH price=2974.3085 topic=prices 
2026-05-12T18:02:51.954 [INFO] requestId:[                                    ] thread:[scheduling-1             ] c.s.testHibernate.logging.LoggingAspect.logExecution@33:
   Exiting com.saber.testHibernate.service.PriceSimulatorService.generatePrice | executionTime=4 ms 
2026-05-12T18:03:51.955 [INFO] requestId:[                                    ] thread:[scheduling-1             ] c.s.testHibernate.logging.LoggingAspect.logExecution@28:
   Entering com.saber.testHibernate.service.PriceSimulatorService.generatePrice with args=[] 
2026-05-12T18:03:51.958 [INFO] requestId:[                                    ] thread:[scheduling-1             ] c.s.t.service.PriceSimulatorService.generatePrice@55:
   Price event sent | symbol=AAPL price=139.6231 topic=prices 
2026-05-12T18:03:51.959 [INFO] requestId:[                                    ] thread:[scheduling-1             ] c.s.testHibernate.logging.LoggingAspect.logExecution@33:
   Exiting com.saber.testHibernate.service.PriceSimulatorService.generatePrice | executionTime=4 ms 
2026-05-12T18:04:51.963 [INFO] requestId:[                                    ] thread:[scheduling-1             ] c.s.testHibernate.logging.LoggingAspect.logExecution@28:
   Entering com.saber.testHibernate.service.PriceSimulatorService.generatePrice with args=[] 
2026-05-12T18:04:51.966 [INFO] requestId:[                                    ] thread:[scheduling-1             ] c.s.t.service.PriceSimulatorService.generatePrice@55:
   Price event sent | symbol=AAPL price=126.3240 topic=prices 
2026-05-12T18:04:51.966 [INFO] requestId:[                                    ] thread:[scheduling-1             ] c.s.testHibernate.logging.LoggingAspect.logExecution@33:
   Exiting com.saber.testHibernate.service.PriceSimulatorService.generatePrice | executionTime=3 ms 
2026-05-12T18:05:51.966 [INFO] requestId:[                                    ] thread:[scheduling-1             ] c.s.testHibernate.logging.LoggingAspect.logExecution@28:
   Entering com.saber.testHibernate.service.PriceSimulatorService.generatePrice with args=[] 
2026-05-12T18:05:51.968 [INFO] requestId:[                                    ] thread:[scheduling-1             ] c.s.t.service.PriceSimulatorService.generatePrice@55:
   Price event sent | symbol=ETH price=3229.0580 topic=prices 
2026-05-12T18:05:51.968 [INFO] requestId:[                                    ] thread:[scheduling-1             ] c.s.testHibernate.logging.LoggingAspect.logExecution@33:
   Exiting com.saber.testHibernate.service.PriceSimulatorService.generatePrice | executionTime=2 ms 
2026-05-12T18:06:51.967 [INFO] requestId:[                                    ] thread:[scheduling-1             ] c.s.testHibernate.logging.LoggingAspect.logExecution@28:
   Entering com.saber.testHibernate.service.PriceSimulatorService.generatePrice with args=[] 
2026-05-12T18:06:51.969 [INFO] requestId:[                                    ] thread:[scheduling-1             ] c.s.t.service.PriceSimulatorService.generatePrice@55:
   Price event sent | symbol=BTC price=56089.6713 topic=prices 
2026-05-12T18:06:51.970 [INFO] requestId:[                                    ] thread:[scheduling-1             ] c.s.testHibernate.logging.LoggingAspect.logExecution@33:
   Exiting com.saber.testHibernate.service.PriceSimulatorService.generatePrice | executionTime=3 ms 
2026-05-12T18:07:51.961 [INFO] requestId:[                                    ] thread:[scheduling-1             ] c.s.testHibernate.logging.LoggingAspect.logExecution@28:
   Entering com.saber.testHibernate.service.PriceSimulatorService.generatePrice with args=[] 
2026-05-12T18:07:51.964 [INFO] requestId:[                                    ] thread:[scheduling-1             ] c.s.t.service.PriceSimulatorService.generatePrice@55:
   Price event sent | symbol=BTC price=53626.3511 topic=prices 
2026-05-12T18:07:51.965 [INFO] requestId:[                                    ] thread:[scheduling-1             ] c.s.testHibernate.logging.LoggingAspect.logExecution@33:
   Exiting com.saber.testHibernate.service.PriceSimulatorService.generatePrice | executionTime=4 ms 
2026-05-12T18:08:51.968 [INFO] requestId:[                                    ] thread:[scheduling-1             ] c.s.testHibernate.logging.LoggingAspect.logExecution@28:
   Entering com.saber.testHibernate.service.PriceSimulatorService.generatePrice with args=[] 
2026-05-12T18:08:51.969 [INFO] requestId:[                                    ] thread:[scheduling-1             ] c.s.t.service.PriceSimulatorService.generatePrice@55:
   Price event sent | symbol=AAPL price=138.9226 topic=prices 
2026-05-12T18:08:51.970 [INFO] requestId:[                                    ] thread:[scheduling-1             ] c.s.testHibernate.logging.LoggingAspect.logExecution@33:
   Exiting com.saber.testHibernate.service.PriceSimulatorService.generatePrice | executionTime=2 ms 
2026-05-12T18:09:51.969 [INFO] requestId:[                                    ] thread:[scheduling-1             ] c.s.testHibernate.logging.LoggingAspect.logExecution@28:
   Entering com.saber.testHibernate.service.PriceSimulatorService.generatePrice with args=[] 
2026-05-12T18:09:51.971 [INFO] requestId:[                                    ] thread:[scheduling-1             ] c.s.t.service.PriceSimulatorService.generatePrice@55:
   Price event sent | symbol=AAPL price=144.2414 topic=prices 
2026-05-12T18:09:51.971 [INFO] requestId:[                                    ] thread:[scheduling-1             ] c.s.testHibernate.logging.LoggingAspect.logExecution@33:
   Exiting com.saber.testHibernate.service.PriceSimulatorService.generatePrice | executionTime=2 ms 
2026-05-12T18:10:51.978 [INFO] requestId:[                                    ] thread:[scheduling-1             ] c.s.testHibernate.logging.LoggingAspect.logExecution@28:
   Entering com.saber.testHibernate.service.PriceSimulatorService.generatePrice with args=[] 
2026-05-12T18:10:51.981 [INFO] requestId:[                                    ] thread:[scheduling-1             ] c.s.t.service.PriceSimulatorService.generatePrice@55:
   Price event sent | symbol=ETH price=3275.2292 topic=prices 
2026-05-12T18:10:51.982 [INFO] requestId:[                                    ] thread:[scheduling-1             ] c.s.testHibernate.logging.LoggingAspect.logExecution@33:
   Exiting com.saber.testHibernate.service.PriceSimulatorService.generatePrice | executionTime=4 ms 
2026-05-12T18:11:51.976 [INFO] requestId:[                                    ] thread:[scheduling-1             ] c.s.testHibernate.logging.LoggingAspect.logExecution@28:
   Entering com.saber.testHibernate.service.PriceSimulatorService.generatePrice with args=[] 
2026-05-12T18:11:51.979 [INFO] requestId:[                                    ] thread:[scheduling-1             ] c.s.t.service.PriceSimulatorService.generatePrice@55:
   Price event sent | symbol=AAPL price=150.1341 topic=prices 
2026-05-12T18:11:51.979 [INFO] requestId:[                                    ] thread:[scheduling-1             ] c.s.testHibernate.logging.LoggingAspect.logExecution@33:
   Exiting com.saber.testHibernate.service.PriceSimulatorService.generatePrice | executionTime=3 ms 
2026-05-12T18:12:51.977 [INFO] requestId:[                                    ] thread:[scheduling-1             ] c.s.testHibernate.logging.LoggingAspect.logExecution@28:
   Entering com.saber.testHibernate.service.PriceSimulatorService.generatePrice with args=[] 
2026-05-12T18:12:51.980 [INFO] requestId:[                                    ] thread:[scheduling-1             ] c.s.t.service.PriceSimulatorService.generatePrice@55:
   Price event sent | symbol=AAPL price=141.1224 topic=prices 
2026-05-12T18:12:51.980 [INFO] requestId:[                                    ] thread:[scheduling-1             ] c.s.testHibernate.logging.LoggingAspect.logExecution@33:
   Exiting com.saber.testHibernate.service.PriceSimulatorService.generatePrice | executionTime=3 ms 
2026-05-12T18:13:51.979 [INFO] requestId:[                                    ] thread:[scheduling-1             ] c.s.testHibernate.logging.LoggingAspect.logExecution@28:
   Entering com.saber.testHibernate.service.PriceSimulatorService.generatePrice with args=[] 
2026-05-12T18:13:51.980 [INFO] requestId:[                                    ] thread:[scheduling-1             ] c.s.t.service.PriceSimulatorService.generatePrice@55:
   Price event sent | symbol=GOOG price=160.8182 topic=prices 
2026-05-12T18:13:51.981 [INFO] requestId:[                                    ] thread:[scheduling-1             ] c.s.testHibernate.logging.LoggingAspect.logExecution@33:
   Exiting com.saber.testHibernate.service.PriceSimulatorService.generatePrice | executionTime=2 ms 
2026-05-12T18:14:51.978 [INFO] requestId:[                                    ] thread:[scheduling-1             ] c.s.testHibernate.logging.LoggingAspect.logExecution@28:
   Entering com.saber.testHibernate.service.PriceSimulatorService.generatePrice with args=[] 
2026-05-12T18:14:51.981 [INFO] requestId:[                                    ] thread:[scheduling-1             ] c.s.t.service.PriceSimulatorService.generatePrice@55:
   Price event sent | symbol=GOOG price=170.3091 topic=prices 
2026-05-12T18:14:51.982 [INFO] requestId:[                                    ] thread:[scheduling-1             ] c.s.testHibernate.logging.LoggingAspect.logExecution@33:
   Exiting com.saber.testHibernate.service.PriceSimulatorService.generatePrice | executionTime=4 ms 
2026-05-12T18:15:51.981 [INFO] requestId:[                                    ] thread:[scheduling-1             ] c.s.testHibernate.logging.LoggingAspect.logExecution@28:
   Entering com.saber.testHibernate.service.PriceSimulatorService.generatePrice with args=[] 
2026-05-12T18:15:51.983 [INFO] requestId:[                                    ] thread:[scheduling-1             ] c.s.t.service.PriceSimulatorService.generatePrice@55:
   Price event sent | symbol=GOOG price=158.9196 topic=prices 
2026-05-12T18:15:51.984 [INFO] requestId:[                                    ] thread:[scheduling-1             ] c.s.testHibernate.logging.LoggingAspect.logExecution@33:
   Exiting com.saber.testHibernate.service.PriceSimulatorService.generatePrice | executionTime=3 ms 
2026-05-12T18:16:51.978 [INFO] requestId:[                                    ] thread:[scheduling-1             ] c.s.testHibernate.logging.LoggingAspect.logExecution@28:
   Entering com.saber.testHibernate.service.PriceSimulatorService.generatePrice with args=[] 
2026-05-12T18:16:51.980 [INFO] requestId:[                                    ] thread:[scheduling-1             ] c.s.t.service.PriceSimulatorService.generatePrice@55:
   Price event sent | symbol=GOOG price=169.9361 topic=prices 
2026-05-12T18:16:51.981 [INFO] requestId:[                                    ] thread:[scheduling-1             ] c.s.testHibernate.logging.LoggingAspect.logExecution@33:
   Exiting com.saber.testHibernate.service.PriceSimulatorService.generatePrice | executionTime=3 ms 
2026-05-12T18:17:51.984 [INFO] requestId:[                                    ] thread:[scheduling-1             ] c.s.testHibernate.logging.LoggingAspect.logExecution@28:
   Entering com.saber.testHibernate.service.PriceSimulatorService.generatePrice with args=[] 
2026-05-12T18:17:51.986 [INFO] requestId:[                                    ] thread:[scheduling-1             ] c.s.t.service.PriceSimulatorService.generatePrice@55:
   Price event sent | symbol=AAPL price=153.9747 topic=prices 
2026-05-12T18:17:51.986 [INFO] requestId:[                                    ] thread:[scheduling-1             ] c.s.testHibernate.logging.LoggingAspect.logExecution@33:
   Exiting com.saber.testHibernate.service.PriceSimulatorService.generatePrice | executionTime=2 ms 
2026-05-12T18:18:51.984 [INFO] requestId:[                                    ] thread:[scheduling-1             ] c.s.testHibernate.logging.LoggingAspect.logExecution@28:
   Entering com.saber.testHibernate.service.PriceSimulatorService.generatePrice with args=[] 
2026-05-12T18:18:51.987 [INFO] requestId:[                                    ] thread:[scheduling-1             ] c.s.t.service.PriceSimulatorService.generatePrice@55:
   Price event sent | symbol=AAPL price=162.5077 topic=prices 
2026-05-12T18:18:51.987 [INFO] requestId:[                                    ] thread:[scheduling-1             ] c.s.testHibernate.logging.LoggingAspect.logExecution@33:
   Exiting com.saber.testHibernate.service.PriceSimulatorService.generatePrice | executionTime=3 ms 
2026-05-12T18:19:51.990 [INFO] requestId:[                                    ] thread:[scheduling-1             ] c.s.testHibernate.logging.LoggingAspect.logExecution@28:
   Entering com.saber.testHibernate.service.PriceSimulatorService.generatePrice with args=[] 
2026-05-12T18:19:51.992 [INFO] requestId:[                                    ] thread:[scheduling-1             ] c.s.t.service.PriceSimulatorService.generatePrice@55:
   Price event sent | symbol=ETH price=3456.9749 topic=prices 
2026-05-12T18:19:51.993 [INFO] requestId:[                                    ] thread:[scheduling-1             ] c.s.testHibernate.logging.LoggingAspect.logExecution@33:
   Exiting com.saber.testHibernate.service.PriceSimulatorService.generatePrice | executionTime=3 ms 
2026-05-12T18:20:51.995 [INFO] requestId:[                                    ] thread:[scheduling-1             ] c.s.testHibernate.logging.LoggingAspect.logExecution@28:
   Entering com.saber.testHibernate.service.PriceSimulatorService.generatePrice with args=[] 
2026-05-12T18:20:51.998 [INFO] requestId:[                                    ] thread:[scheduling-1             ] c.s.t.service.PriceSimulatorService.generatePrice@55:
   Price event sent | symbol=ETH price=3164.9067 topic=prices 
2026-05-12T18:20:51.998 [INFO] requestId:[                                    ] thread:[scheduling-1             ] c.s.testHibernate.logging.LoggingAspect.logExecution@33:
   Exiting com.saber.testHibernate.service.PriceSimulatorService.generatePrice | executionTime=3 ms 
2026-05-12T18:21:51.994 [INFO] requestId:[                                    ] thread:[scheduling-1             ] c.s.testHibernate.logging.LoggingAspect.logExecution@28:
   Entering com.saber.testHibernate.service.PriceSimulatorService.generatePrice with args=[] 
2026-05-12T18:21:51.996 [INFO] requestId:[                                    ] thread:[scheduling-1             ] c.s.t.service.PriceSimulatorService.generatePrice@55:
   Price event sent | symbol=GOOG price=155.5844 topic=prices 
2026-05-12T18:21:51.996 [INFO] requestId:[                                    ] thread:[scheduling-1             ] c.s.testHibernate.logging.LoggingAspect.logExecution@33:
   Exiting com.saber.testHibernate.service.PriceSimulatorService.generatePrice | executionTime=2 ms 
2026-05-12T18:22:51.994 [INFO] requestId:[                                    ] thread:[scheduling-1             ] c.s.testHibernate.logging.LoggingAspect.logExecution@28:
   Entering com.saber.testHibernate.service.PriceSimulatorService.generatePrice with args=[] 
2026-05-12T18:22:51.995 [INFO] requestId:[                                    ] thread:[scheduling-1             ] c.s.t.service.PriceSimulatorService.generatePrice@55:
   Price event sent | symbol=ETH price=2976.4386 topic=prices 
2026-05-12T18:22:51.995 [INFO] requestId:[                                    ] thread:[scheduling-1             ] c.s.testHibernate.logging.LoggingAspect.logExecution@33:
   Exiting com.saber.testHibernate.service.PriceSimulatorService.generatePrice | executionTime=1 ms 
2026-05-12T18:23:51.993 [INFO] requestId:[                                    ] thread:[scheduling-1             ] c.s.testHibernate.logging.LoggingAspect.logExecution@28:
   Entering com.saber.testHibernate.service.PriceSimulatorService.generatePrice with args=[] 
2026-05-12T18:23:51.996 [INFO] requestId:[                                    ] thread:[scheduling-1             ] c.s.t.service.PriceSimulatorService.generatePrice@55:
   Price event sent | symbol=AAPL price=163.3458 topic=prices 
2026-05-12T18:23:51.997 [INFO] requestId:[                                    ] thread:[scheduling-1             ] c.s.testHibernate.logging.LoggingAspect.logExecution@33:
   Exiting com.saber.testHibernate.service.PriceSimulatorService.generatePrice | executionTime=4 ms 
2026-05-12T18:24:51.996 [INFO] requestId:[                                    ] thread:[scheduling-1             ] c.s.testHibernate.logging.LoggingAspect.logExecution@28:
   Entering com.saber.testHibernate.service.PriceSimulatorService.generatePrice with args=[] 
2026-05-12T18:24:51.997 [INFO] requestId:[                                    ] thread:[scheduling-1             ] c.s.t.service.PriceSimulatorService.generatePrice@55:
   Price event sent | symbol=GOOG price=168.4699 topic=prices 
2026-05-12T18:24:51.998 [INFO] requestId:[                                    ] thread:[scheduling-1             ] c.s.testHibernate.logging.LoggingAspect.logExecution@33:
   Exiting com.saber.testHibernate.service.PriceSimulatorService.generatePrice | executionTime=2 ms 
2026-05-12T18:25:52.010 [INFO] requestId:[                                    ] thread:[scheduling-1             ] c.s.testHibernate.logging.LoggingAspect.logExecution@28:
   Entering com.saber.testHibernate.service.PriceSimulatorService.generatePrice with args=[] 
2026-05-12T18:25:52.012 [INFO] requestId:[                                    ] thread:[scheduling-1             ] c.s.t.service.PriceSimulatorService.generatePrice@55:
   Price event sent | symbol=AAPL price=179.6531 topic=prices 
2026-05-12T18:25:52.014 [INFO] requestId:[                                    ] thread:[scheduling-1             ] c.s.testHibernate.logging.LoggingAspect.logExecution@33:
   Exiting com.saber.testHibernate.service.PriceSimulatorService.generatePrice | executionTime=4 ms 
2026-05-12T18:26:52.000 [INFO] requestId:[                                    ] thread:[scheduling-1             ] c.s.testHibernate.logging.LoggingAspect.logExecution@28:
   Entering com.saber.testHibernate.service.PriceSimulatorService.generatePrice with args=[] 
2026-05-12T18:26:52.002 [INFO] requestId:[                                    ] thread:[scheduling-1             ] c.s.t.service.PriceSimulatorService.generatePrice@55:
   Price event sent | symbol=GOOG price=180.3616 topic=prices 
2026-05-12T18:26:52.002 [INFO] requestId:[                                    ] thread:[scheduling-1             ] c.s.testHibernate.logging.LoggingAspect.logExecution@33:
   Exiting com.saber.testHibernate.service.PriceSimulatorService.generatePrice | executionTime=2 ms 
2026-05-12T18:27:52.010 [INFO] requestId:[                                    ] thread:[scheduling-1             ] c.s.testHibernate.logging.LoggingAspect.logExecution@28:
   Entering com.saber.testHibernate.service.PriceSimulatorService.generatePrice with args=[] 
2026-05-12T18:27:52.012 [INFO] requestId:[                                    ] thread:[scheduling-1             ] c.s.t.service.PriceSimulatorService.generatePrice@55:
   Price event sent | symbol=GOOG price=182.5488 topic=prices 
2026-05-12T18:27:52.013 [INFO] requestId:[                                    ] thread:[scheduling-1             ] c.s.testHibernate.logging.LoggingAspect.logExecution@33:
   Exiting com.saber.testHibernate.service.PriceSimulatorService.generatePrice | executionTime=3 ms 
2026-05-12T18:28:52.005 [INFO] requestId:[                                    ] thread:[scheduling-1             ] c.s.testHibernate.logging.LoggingAspect.logExecution@28:
   Entering com.saber.testHibernate.service.PriceSimulatorService.generatePrice with args=[] 
2026-05-12T18:28:52.007 [INFO] requestId:[                                    ] thread:[scheduling-1             ] c.s.t.service.PriceSimulatorService.generatePrice@55:
   Price event sent | symbol=ETH price=3062.0065 topic=prices 
2026-05-12T18:28:52.007 [INFO] requestId:[                                    ] thread:[scheduling-1             ] c.s.testHibernate.logging.LoggingAspect.logExecution@33:
   Exiting com.saber.testHibernate.service.PriceSimulatorService.generatePrice | executionTime=2 ms 
2026-05-12T18:29:52.018 [INFO] requestId:[                                    ] thread:[scheduling-1             ] c.s.testHibernate.logging.LoggingAspect.logExecution@28:
   Entering com.saber.testHibernate.service.PriceSimulatorService.generatePrice with args=[] 
2026-05-12T18:29:52.020 [INFO] requestId:[                                    ] thread:[scheduling-1             ] c.s.t.service.PriceSimulatorService.generatePrice@55:
   Price event sent | symbol=AAPL price=174.0286 topic=prices 
2026-05-12T18:29:52.021 [INFO] requestId:[                                    ] thread:[scheduling-1             ] c.s.testHibernate.logging.LoggingAspect.logExecution@33:
   Exiting com.saber.testHibernate.service.PriceSimulatorService.generatePrice | executionTime=3 ms 
2026-05-12T18:30:52.014 [INFO] requestId:[                                    ] thread:[scheduling-1             ] c.s.testHibernate.logging.LoggingAspect.logExecution@28:
   Entering com.saber.testHibernate.service.PriceSimulatorService.generatePrice with args=[] 
2026-05-12T18:30:52.016 [INFO] requestId:[                                    ] thread:[scheduling-1             ] c.s.t.service.PriceSimulatorService.generatePrice@55:
   Price event sent | symbol=BTC price=51840.1448 topic=prices 
2026-05-12T18:30:52.016 [INFO] requestId:[                                    ] thread:[scheduling-1             ] c.s.testHibernate.logging.LoggingAspect.logExecution@33:
   Exiting com.saber.testHibernate.service.PriceSimulatorService.generatePrice | executionTime=2 ms 
2026-05-12T18:31:52.019 [INFO] requestId:[                                    ] thread:[scheduling-1             ] c.s.testHibernate.logging.LoggingAspect.logExecution@28:
   Entering com.saber.testHibernate.service.PriceSimulatorService.generatePrice with args=[] 
2026-05-12T18:31:52.020 [INFO] requestId:[                                    ] thread:[scheduling-1             ] c.s.t.service.PriceSimulatorService.generatePrice@55:
   Price event sent | symbol=ETH price=3046.9065 topic=prices 
2026-05-12T18:31:52.020 [INFO] requestId:[                                    ] thread:[scheduling-1             ] c.s.testHibernate.logging.LoggingAspect.logExecution@33:
   Exiting com.saber.testHibernate.service.PriceSimulatorService.generatePrice | executionTime=1 ms 
2026-05-12T18:32:52.018 [INFO] requestId:[                                    ] thread:[scheduling-1             ] c.s.testHibernate.logging.LoggingAspect.logExecution@28:
   Entering com.saber.testHibernate.service.PriceSimulatorService.generatePrice with args=[] 
2026-05-12T18:32:52.021 [INFO] requestId:[                                    ] thread:[scheduling-1             ] c.s.t.service.PriceSimulatorService.generatePrice@55:
   Price event sent | symbol=BTC price=48489.2612 topic=prices 
2026-05-12T18:32:52.022 [INFO] requestId:[                                    ] thread:[scheduling-1             ] c.s.testHibernate.logging.LoggingAspect.logExecution@33:
   Exiting com.saber.testHibernate.service.PriceSimulatorService.generatePrice | executionTime=4 ms 
2026-05-12T18:33:52.016 [INFO] requestId:[                                    ] thread:[scheduling-1             ] c.s.testHibernate.logging.LoggingAspect.logExecution@28:
   Entering com.saber.testHibernate.service.PriceSimulatorService.generatePrice with args=[] 
2026-05-12T18:33:52.017 [INFO] requestId:[                                    ] thread:[scheduling-1             ] c.s.t.service.PriceSimulatorService.generatePrice@55:
   Price event sent | symbol=AAPL price=159.7461 topic=prices 
2026-05-12T18:33:52.017 [INFO] requestId:[                                    ] thread:[scheduling-1             ] c.s.testHibernate.logging.LoggingAspect.logExecution@33:
   Exiting com.saber.testHibernate.service.PriceSimulatorService.generatePrice | executionTime=1 ms 
2026-05-12T18:34:52.016 [INFO] requestId:[                                    ] thread:[scheduling-1             ] c.s.testHibernate.logging.LoggingAspect.logExecution@28:
   Entering com.saber.testHibernate.service.PriceSimulatorService.generatePrice with args=[] 
2026-05-12T18:34:52.018 [INFO] requestId:[                                    ] thread:[scheduling-1             ] c.s.t.service.PriceSimulatorService.generatePrice@55:
   Price event sent | symbol=BTC price=48820.9052 topic=prices 
2026-05-12T18:34:52.019 [INFO] requestId:[                                    ] thread:[scheduling-1             ] c.s.testHibernate.logging.LoggingAspect.logExecution@33:
   Exiting com.saber.testHibernate.service.PriceSimulatorService.generatePrice | executionTime=3 ms 
2026-05-12T18:35:52.018 [INFO] requestId:[                                    ] thread:[scheduling-1             ] c.s.testHibernate.logging.LoggingAspect.logExecution@28:
   Entering com.saber.testHibernate.service.PriceSimulatorService.generatePrice with args=[] 
2026-05-12T18:35:52.019 [INFO] requestId:[                                    ] thread:[scheduling-1             ] c.s.t.service.PriceSimulatorService.generatePrice@55:
   Price event sent | symbol=ETH price=2965.9872 topic=prices 
2026-05-12T18:35:52.019 [INFO] requestId:[                                    ] thread:[scheduling-1             ] c.s.testHibernate.logging.LoggingAspect.logExecution@33:
   Exiting com.saber.testHibernate.service.PriceSimulatorService.generatePrice | executionTime=1 ms 
2026-05-12T18:36:52.030 [INFO] requestId:[                                    ] thread:[scheduling-1             ] c.s.testHibernate.logging.LoggingAspect.logExecution@28:
   Entering com.saber.testHibernate.service.PriceSimulatorService.generatePrice with args=[] 
2026-05-12T18:36:52.033 [INFO] requestId:[                                    ] thread:[scheduling-1             ] c.s.t.service.PriceSimulatorService.generatePrice@55:
   Price event sent | symbol=AAPL price=157.5936 topic=prices 
2026-05-12T18:36:52.033 [INFO] requestId:[                                    ] thread:[scheduling-1             ] c.s.testHibernate.logging.LoggingAspect.logExecution@33:
   Exiting com.saber.testHibernate.service.PriceSimulatorService.generatePrice | executionTime=3 ms 
2026-05-12T18:37:52.029 [INFO] requestId:[                                    ] thread:[scheduling-1             ] c.s.testHibernate.logging.LoggingAspect.logExecution@28:
   Entering com.saber.testHibernate.service.PriceSimulatorService.generatePrice with args=[] 
2026-05-12T18:37:52.031 [INFO] requestId:[                                    ] thread:[scheduling-1             ] c.s.t.service.PriceSimulatorService.generatePrice@55:
   Price event sent | symbol=ETH price=3174.9642 topic=prices 
2026-05-12T18:37:52.032 [INFO] requestId:[                                    ] thread:[scheduling-1             ] c.s.testHibernate.logging.LoggingAspect.logExecution@33:
   Exiting com.saber.testHibernate.service.PriceSimulatorService.generatePrice | executionTime=3 ms 
2026-05-12T18:38:52.027 [INFO] requestId:[                                    ] thread:[scheduling-1             ] c.s.testHibernate.logging.LoggingAspect.logExecution@28:
   Entering com.saber.testHibernate.service.PriceSimulatorService.generatePrice with args=[] 
2026-05-12T18:38:52.029 [INFO] requestId:[                                    ] thread:[scheduling-1             ] c.s.t.service.PriceSimulatorService.generatePrice@55:
   Price event sent | symbol=GOOG price=200.6849 topic=prices 
2026-05-12T18:38:52.030 [INFO] requestId:[                                    ] thread:[scheduling-1             ] c.s.testHibernate.logging.LoggingAspect.logExecution@33:
   Exiting com.saber.testHibernate.service.PriceSimulatorService.generatePrice | executionTime=3 ms 
2026-05-12T18:39:52.030 [INFO] requestId:[                                    ] thread:[scheduling-1             ] c.s.testHibernate.logging.LoggingAspect.logExecution@28:
   Entering com.saber.testHibernate.service.PriceSimulatorService.generatePrice with args=[] 
2026-05-12T18:39:52.033 [INFO] requestId:[                                    ] thread:[scheduling-1             ] c.s.t.service.PriceSimulatorService.generatePrice@55:
   Price event sent | symbol=GOOG price=203.2669 topic=prices 
2026-05-12T18:39:52.033 [INFO] requestId:[                                    ] thread:[scheduling-1             ] c.s.testHibernate.logging.LoggingAspect.logExecution@33:
   Exiting com.saber.testHibernate.service.PriceSimulatorService.generatePrice | executionTime=3 ms 
2026-05-12T18:40:52.039 [INFO] requestId:[                                    ] thread:[scheduling-1             ] c.s.testHibernate.logging.LoggingAspect.logExecution@28:
   Entering com.saber.testHibernate.service.PriceSimulatorService.generatePrice with args=[] 
2026-05-12T18:40:52.043 [INFO] requestId:[                                    ] thread:[scheduling-1             ] c.s.t.service.PriceSimulatorService.generatePrice@55:
   Price event sent | symbol=BTC price=50957.4859 topic=prices 
2026-05-12T18:40:52.043 [INFO] requestId:[                                    ] thread:[scheduling-1             ] c.s.testHibernate.logging.LoggingAspect.logExecution@33:
   Exiting com.saber.testHibernate.service.PriceSimulatorService.generatePrice | executionTime=4 ms 
2026-05-12T18:41:52.029 [INFO] requestId:[                                    ] thread:[scheduling-1             ] c.s.testHibernate.logging.LoggingAspect.logExecution@28:
   Entering com.saber.testHibernate.service.PriceSimulatorService.generatePrice with args=[] 
2026-05-12T18:41:52.031 [INFO] requestId:[                                    ] thread:[scheduling-1             ] c.s.t.service.PriceSimulatorService.generatePrice@55:
   Price event sent | symbol=GOOG price=208.2822 topic=prices 
2026-05-12T18:41:52.033 [INFO] requestId:[                                    ] thread:[scheduling-1             ] c.s.testHibernate.logging.LoggingAspect.logExecution@33:
   Exiting com.saber.testHibernate.service.PriceSimulatorService.generatePrice | executionTime=4 ms 
2026-05-12T18:42:52.035 [INFO] requestId:[                                    ] thread:[scheduling-1             ] c.s.testHibernate.logging.LoggingAspect.logExecution@28:
   Entering com.saber.testHibernate.service.PriceSimulatorService.generatePrice with args=[] 
2026-05-12T18:42:52.036 [INFO] requestId:[                                    ] thread:[scheduling-1             ] c.s.t.service.PriceSimulatorService.generatePrice@55:
   Price event sent | symbol=ETH price=3355.2773 topic=prices 
2026-05-12T18:42:52.037 [INFO] requestId:[                                    ] thread:[scheduling-1             ] c.s.testHibernate.logging.LoggingAspect.logExecution@33:
   Exiting com.saber.testHibernate.service.PriceSimulatorService.generatePrice | executionTime=2 ms 
2026-05-12T18:43:52.033 [INFO] requestId:[                                    ] thread:[scheduling-1             ] c.s.testHibernate.logging.LoggingAspect.logExecution@28:
   Entering com.saber.testHibernate.service.PriceSimulatorService.generatePrice with args=[] 
2026-05-12T18:43:52.036 [INFO] requestId:[                                    ] thread:[scheduling-1             ] c.s.t.service.PriceSimulatorService.generatePrice@55:
   Price event sent | symbol=AAPL price=143.6217 topic=prices 
2026-05-12T18:43:52.036 [INFO] requestId:[                                    ] thread:[scheduling-1             ] c.s.testHibernate.logging.LoggingAspect.logExecution@33:
   Exiting com.saber.testHibernate.service.PriceSimulatorService.generatePrice | executionTime=3 ms 
2026-05-12T18:44:52.046 [INFO] requestId:[                                    ] thread:[scheduling-1             ] c.s.testHibernate.logging.LoggingAspect.logExecution@28:
   Entering com.saber.testHibernate.service.PriceSimulatorService.generatePrice with args=[] 
2026-05-12T18:44:52.048 [INFO] requestId:[                                    ] thread:[scheduling-1             ] c.s.t.service.PriceSimulatorService.generatePrice@55:
   Price event sent | symbol=AAPL price=142.1111 topic=prices 
2026-05-12T18:44:52.049 [INFO] requestId:[                                    ] thread:[scheduling-1             ] c.s.testHibernate.logging.LoggingAspect.logExecution@33:
   Exiting com.saber.testHibernate.service.PriceSimulatorService.generatePrice | executionTime=3 ms 
2026-05-12T18:45:52.048 [INFO] requestId:[                                    ] thread:[scheduling-1             ] c.s.testHibernate.logging.LoggingAspect.logExecution@28:
   Entering com.saber.testHibernate.service.PriceSimulatorService.generatePrice with args=[] 
2026-05-12T18:45:52.051 [INFO] requestId:[                                    ] thread:[scheduling-1             ] c.s.t.service.PriceSimulatorService.generatePrice@55:
   Price event sent | symbol=GOOG price=201.9430 topic=prices 
2026-05-12T18:45:52.052 [INFO] requestId:[                                    ] thread:[scheduling-1             ] c.s.testHibernate.logging.LoggingAspect.logExecution@33:
   Exiting com.saber.testHibernate.service.PriceSimulatorService.generatePrice | executionTime=4 ms 
2026-05-12T18:46:52.038 [INFO] requestId:[                                    ] thread:[scheduling-1             ] c.s.testHibernate.logging.LoggingAspect.logExecution@28:
   Entering com.saber.testHibernate.service.PriceSimulatorService.generatePrice with args=[] 
2026-05-12T18:46:52.045 [INFO] requestId:[                                    ] thread:[scheduling-1             ] c.s.t.service.PriceSimulatorService.generatePrice@55:
   Price event sent | symbol=ETH price=3327.8583 topic=prices 
2026-05-12T18:46:52.045 [INFO] requestId:[                                    ] thread:[scheduling-1             ] c.s.testHibernate.logging.LoggingAspect.logExecution@33:
   Exiting com.saber.testHibernate.service.PriceSimulatorService.generatePrice | executionTime=7 ms 
2026-05-12T18:47:52.040 [INFO] requestId:[                                    ] thread:[scheduling-1             ] c.s.testHibernate.logging.LoggingAspect.logExecution@28:
   Entering com.saber.testHibernate.service.PriceSimulatorService.generatePrice with args=[] 
2026-05-12T18:47:52.044 [INFO] requestId:[                                    ] thread:[scheduling-1             ] c.s.t.service.PriceSimulatorService.generatePrice@55:
   Price event sent | symbol=AAPL price=143.8301 topic=prices 
2026-05-12T18:47:52.044 [INFO] requestId:[                                    ] thread:[scheduling-1             ] c.s.testHibernate.logging.LoggingAspect.logExecution@33:
   Exiting com.saber.testHibernate.service.PriceSimulatorService.generatePrice | executionTime=4 ms 
2026-05-12T18:48:52.053 [INFO] requestId:[                                    ] thread:[scheduling-1             ] c.s.testHibernate.logging.LoggingAspect.logExecution@28:
   Entering com.saber.testHibernate.service.PriceSimulatorService.generatePrice with args=[] 
2026-05-12T18:48:52.055 [INFO] requestId:[                                    ] thread:[scheduling-1             ] c.s.t.service.PriceSimulatorService.generatePrice@55:
   Price event sent | symbol=AAPL price=154.7369 topic=prices 
2026-05-12T18:48:52.055 [INFO] requestId:[                                    ] thread:[scheduling-1             ] c.s.testHibernate.logging.LoggingAspect.logExecution@33:
   Exiting com.saber.testHibernate.service.PriceSimulatorService.generatePrice | executionTime=2 ms 
2026-05-12T18:49:52.051 [INFO] requestId:[                                    ] thread:[scheduling-1             ] c.s.testHibernate.logging.LoggingAspect.logExecution@28:
   Entering com.saber.testHibernate.service.PriceSimulatorService.generatePrice with args=[] 
2026-05-12T18:49:52.052 [INFO] requestId:[                                    ] thread:[scheduling-1             ] c.s.t.service.PriceSimulatorService.generatePrice@55:
   Price event sent | symbol=BTC price=46899.9757 topic=prices 
2026-05-12T18:49:52.052 [INFO] requestId:[                                    ] thread:[scheduling-1             ] c.s.testHibernate.logging.LoggingAspect.logExecution@33:
   Exiting com.saber.testHibernate.service.PriceSimulatorService.generatePrice | executionTime=1 ms 
2026-05-12T18:50:52.046 [INFO] requestId:[                                    ] thread:[scheduling-1             ] c.s.testHibernate.logging.LoggingAspect.logExecution@28:
   Entering com.saber.testHibernate.service.PriceSimulatorService.generatePrice with args=[] 
2026-05-12T18:50:52.048 [INFO] requestId:[                                    ] thread:[scheduling-1             ] c.s.t.service.PriceSimulatorService.generatePrice@55:
   Price event sent | symbol=GOOG price=217.5065 topic=prices 
2026-05-12T18:50:52.049 [INFO] requestId:[                                    ] thread:[scheduling-1             ] c.s.testHibernate.logging.LoggingAspect.logExecution@33:
   Exiting com.saber.testHibernate.service.PriceSimulatorService.generatePrice | executionTime=3 ms 
2026-05-12T18:51:52.052 [INFO] requestId:[                                    ] thread:[scheduling-1             ] c.s.testHibernate.logging.LoggingAspect.logExecution@28:
   Entering com.saber.testHibernate.service.PriceSimulatorService.generatePrice with args=[] 
2026-05-12T18:51:52.054 [INFO] requestId:[                                    ] thread:[scheduling-1             ] c.s.t.service.PriceSimulatorService.generatePrice@55:
   Price event sent | symbol=ETH price=3616.5003 topic=prices 
2026-05-12T18:51:52.055 [INFO] requestId:[                                    ] thread:[scheduling-1             ] c.s.testHibernate.logging.LoggingAspect.logExecution@33:
   Exiting com.saber.testHibernate.service.PriceSimulatorService.generatePrice | executionTime=3 ms 
2026-05-12T18:52:52.050 [INFO] requestId:[                                    ] thread:[scheduling-1             ] c.s.testHibernate.logging.LoggingAspect.logExecution@28:
   Entering com.saber.testHibernate.service.PriceSimulatorService.generatePrice with args=[] 
2026-05-12T18:52:52.053 [INFO] requestId:[                                    ] thread:[scheduling-1             ] c.s.t.service.PriceSimulatorService.generatePrice@55:
   Price event sent | symbol=GOOG price=198.6647 topic=prices 
2026-05-12T18:52:52.054 [INFO] requestId:[                                    ] thread:[scheduling-1             ] c.s.testHibernate.logging.LoggingAspect.logExecution@33:
   Exiting com.saber.testHibernate.service.PriceSimulatorService.generatePrice | executionTime=4 ms 
2026-05-12T18:53:52.056 [INFO] requestId:[                                    ] thread:[scheduling-1             ] c.s.testHibernate.logging.LoggingAspect.logExecution@28:
   Entering com.saber.testHibernate.service.PriceSimulatorService.generatePrice with args=[] 
2026-05-12T18:53:52.058 [INFO] requestId:[                                    ] thread:[scheduling-1             ] c.s.t.service.PriceSimulatorService.generatePrice@55:
   Price event sent | symbol=AAPL price=143.0877 topic=prices 
2026-05-12T18:53:52.059 [INFO] requestId:[                                    ] thread:[scheduling-1             ] c.s.testHibernate.logging.LoggingAspect.logExecution@33:
   Exiting com.saber.testHibernate.service.PriceSimulatorService.generatePrice | executionTime=3 ms 
2026-05-12T18:54:52.064 [INFO] requestId:[                                    ] thread:[scheduling-1             ] c.s.testHibernate.logging.LoggingAspect.logExecution@28:
   Entering com.saber.testHibernate.service.PriceSimulatorService.generatePrice with args=[] 
2026-05-12T18:54:52.067 [INFO] requestId:[                                    ] thread:[scheduling-1             ] c.s.t.service.PriceSimulatorService.generatePrice@55:
   Price event sent | symbol=ETH price=3698.5875 topic=prices 
2026-05-12T18:54:52.067 [INFO] requestId:[                                    ] thread:[scheduling-1             ] c.s.testHibernate.logging.LoggingAspect.logExecution@33:
   Exiting com.saber.testHibernate.service.PriceSimulatorService.generatePrice | executionTime=3 ms 
2026-05-12T18:55:52.055 [INFO] requestId:[                                    ] thread:[scheduling-1             ] c.s.testHibernate.logging.LoggingAspect.logExecution@28:
   Entering com.saber.testHibernate.service.PriceSimulatorService.generatePrice with args=[] 
2026-05-12T18:55:52.057 [INFO] requestId:[                                    ] thread:[scheduling-1             ] c.s.t.service.PriceSimulatorService.generatePrice@55:
   Price event sent | symbol=AAPL price=135.8223 topic=prices 
2026-05-12T18:55:52.058 [INFO] requestId:[                                    ] thread:[scheduling-1             ] c.s.testHibernate.logging.LoggingAspect.logExecution@33:
   Exiting com.saber.testHibernate.service.PriceSimulatorService.generatePrice | executionTime=3 ms 
2026-05-12T18:56:52.057 [INFO] requestId:[                                    ] thread:[scheduling-1             ] c.s.testHibernate.logging.LoggingAspect.logExecution@28:
   Entering com.saber.testHibernate.service.PriceSimulatorService.generatePrice with args=[] 
2026-05-12T18:56:52.060 [INFO] requestId:[                                    ] thread:[scheduling-1             ] c.s.t.service.PriceSimulatorService.generatePrice@55:
   Price event sent | symbol=AAPL price=145.7917 topic=prices 
2026-05-12T18:56:52.060 [INFO] requestId:[                                    ] thread:[scheduling-1             ] c.s.testHibernate.logging.LoggingAspect.logExecution@33:
   Exiting com.saber.testHibernate.service.PriceSimulatorService.generatePrice | executionTime=3 ms 
2026-05-12T18:57:52.061 [INFO] requestId:[                                    ] thread:[scheduling-1             ] c.s.testHibernate.logging.LoggingAspect.logExecution@28:
   Entering com.saber.testHibernate.service.PriceSimulatorService.generatePrice with args=[] 
2026-05-12T18:57:52.063 [INFO] requestId:[                                    ] thread:[scheduling-1             ] c.s.t.service.PriceSimulatorService.generatePrice@55:
   Price event sent | symbol=BTC price=44457.3399 topic=prices 
2026-05-12T18:57:52.064 [INFO] requestId:[                                    ] thread:[scheduling-1             ] c.s.testHibernate.logging.LoggingAspect.logExecution@33:
   Exiting com.saber.testHibernate.service.PriceSimulatorService.generatePrice | executionTime=3 ms 
2026-05-12T18:58:52.070 [INFO] requestId:[                                    ] thread:[scheduling-1             ] c.s.testHibernate.logging.LoggingAspect.logExecution@28:
   Entering com.saber.testHibernate.service.PriceSimulatorService.generatePrice with args=[] 
2026-05-12T18:58:52.073 [INFO] requestId:[                                    ] thread:[scheduling-1             ] c.s.t.service.PriceSimulatorService.generatePrice@55:
   Price event sent | symbol=ETH price=3349.3418 topic=prices 
2026-05-12T18:58:52.073 [INFO] requestId:[                                    ] thread:[scheduling-1             ] c.s.testHibernate.logging.LoggingAspect.logExecution@33:
   Exiting com.saber.testHibernate.service.PriceSimulatorService.generatePrice | executionTime=3 ms 
2026-05-12T18:59:52.059 [INFO] requestId:[                                    ] thread:[scheduling-1             ] c.s.testHibernate.logging.LoggingAspect.logExecution@28:
   Entering com.saber.testHibernate.service.PriceSimulatorService.generatePrice with args=[] 
2026-05-12T18:59:52.060 [INFO] requestId:[                                    ] thread:[scheduling-1             ] c.s.t.service.PriceSimulatorService.generatePrice@55:
   Price event sent | symbol=GOOG price=181.3499 topic=prices 
2026-05-12T18:59:52.061 [INFO] requestId:[                                    ] thread:[scheduling-1             ] c.s.testHibernate.logging.LoggingAspect.logExecution@33:
   Exiting com.saber.testHibernate.service.PriceSimulatorService.generatePrice | executionTime=2 ms 
2026-05-12T19:00:52.070 [INFO] requestId:[                                    ] thread:[scheduling-1             ] c.s.testHibernate.logging.LoggingAspect.logExecution@28:
   Entering com.saber.testHibernate.service.PriceSimulatorService.generatePrice with args=[] 
2026-05-12T19:00:52.072 [INFO] requestId:[                                    ] thread:[scheduling-1             ] c.s.t.service.PriceSimulatorService.generatePrice@55:
   Price event sent | symbol=GOOG price=165.5695 topic=prices 
2026-05-12T19:00:52.073 [INFO] requestId:[                                    ] thread:[scheduling-1             ] c.s.testHibernate.logging.LoggingAspect.logExecution@33:
   Exiting com.saber.testHibernate.service.PriceSimulatorService.generatePrice | executionTime=3 ms 
2026-05-12T19:01:52.065 [INFO] requestId:[                                    ] thread:[scheduling-1             ] c.s.testHibernate.logging.LoggingAspect.logExecution@28:
   Entering com.saber.testHibernate.service.PriceSimulatorService.generatePrice with args=[] 
2026-05-12T19:01:52.067 [INFO] requestId:[                                    ] thread:[scheduling-1             ] c.s.t.service.PriceSimulatorService.generatePrice@55:
   Price event sent | symbol=ETH price=3136.2387 topic=prices 
2026-05-12T19:01:52.068 [INFO] requestId:[                                    ] thread:[scheduling-1             ] c.s.testHibernate.logging.LoggingAspect.logExecution@33:
   Exiting com.saber.testHibernate.service.PriceSimulatorService.generatePrice | executionTime=3 ms 
2026-05-12T19:02:52.073 [INFO] requestId:[                                    ] thread:[scheduling-1             ] c.s.testHibernate.logging.LoggingAspect.logExecution@28:
   Entering com.saber.testHibernate.service.PriceSimulatorService.generatePrice with args=[] 
2026-05-12T19:02:52.075 [INFO] requestId:[                                    ] thread:[scheduling-1             ] c.s.t.service.PriceSimulatorService.generatePrice@55:
   Price event sent | symbol=ETH price=3041.3773 topic=prices 
2026-05-12T19:02:52.076 [INFO] requestId:[                                    ] thread:[scheduling-1             ] c.s.testHibernate.logging.LoggingAspect.logExecution@33:
   Exiting com.saber.testHibernate.service.PriceSimulatorService.generatePrice | executionTime=3 ms 
2026-05-12T19:03:52.070 [INFO] requestId:[                                    ] thread:[scheduling-1             ] c.s.testHibernate.logging.LoggingAspect.logExecution@28:
   Entering com.saber.testHibernate.service.PriceSimulatorService.generatePrice with args=[] 
2026-05-12T19:03:52.073 [INFO] requestId:[                                    ] thread:[scheduling-1             ] c.s.t.service.PriceSimulatorService.generatePrice@55:
   Price event sent | symbol=ETH price=3076.8147 topic=prices 
2026-05-12T19:03:52.074 [INFO] requestId:[                                    ] thread:[scheduling-1             ] c.s.testHibernate.logging.LoggingAspect.logExecution@33:
   Exiting com.saber.testHibernate.service.PriceSimulatorService.generatePrice | executionTime=4 ms 
2026-05-12T19:04:52.081 [INFO] requestId:[                                    ] thread:[scheduling-1             ] c.s.testHibernate.logging.LoggingAspect.logExecution@28:
   Entering com.saber.testHibernate.service.PriceSimulatorService.generatePrice with args=[] 
2026-05-12T19:04:52.083 [INFO] requestId:[                                    ] thread:[scheduling-1             ] c.s.t.service.PriceSimulatorService.generatePrice@55:
   Price event sent | symbol=ETH price=3380.6357 topic=prices 
2026-05-12T19:04:52.084 [INFO] requestId:[                                    ] thread:[scheduling-1             ] c.s.testHibernate.logging.LoggingAspect.logExecution@33:
   Exiting com.saber.testHibernate.service.PriceSimulatorService.generatePrice | executionTime=3 ms 
2026-05-12T19:05:52.083 [INFO] requestId:[                                    ] thread:[scheduling-1             ] c.s.testHibernate.logging.LoggingAspect.logExecution@28:
   Entering com.saber.testHibernate.service.PriceSimulatorService.generatePrice with args=[] 
2026-05-12T19:05:52.086 [INFO] requestId:[                                    ] thread:[scheduling-1             ] c.s.t.service.PriceSimulatorService.generatePrice@55:
   Price event sent | symbol=BTC price=40841.6618 topic=prices 
2026-05-12T19:05:52.086 [INFO] requestId:[                                    ] thread:[scheduling-1             ] c.s.testHibernate.logging.LoggingAspect.logExecution@33:
   Exiting com.saber.testHibernate.service.PriceSimulatorService.generatePrice | executionTime=3 ms 
2026-05-12T19:06:52.073 [INFO] requestId:[                                    ] thread:[scheduling-1             ] c.s.testHibernate.logging.LoggingAspect.logExecution@28:
   Entering com.saber.testHibernate.service.PriceSimulatorService.generatePrice with args=[] 
2026-05-12T19:06:52.075 [INFO] requestId:[                                    ] thread:[scheduling-1             ] c.s.t.service.PriceSimulatorService.generatePrice@55:
   Price event sent | symbol=ETH price=3238.0923 topic=prices 
2026-05-12T19:06:52.075 [INFO] requestId:[                                    ] thread:[scheduling-1             ] c.s.testHibernate.logging.LoggingAspect.logExecution@33:
   Exiting com.saber.testHibernate.service.PriceSimulatorService.generatePrice | executionTime=2 ms 
2026-05-12T19:07:52.084 [INFO] requestId:[                                    ] thread:[scheduling-1             ] c.s.testHibernate.logging.LoggingAspect.logExecution@28:
   Entering com.saber.testHibernate.service.PriceSimulatorService.generatePrice with args=[] 
2026-05-12T19:07:52.086 [INFO] requestId:[                                    ] thread:[scheduling-1             ] c.s.t.service.PriceSimulatorService.generatePrice@55:
   Price event sent | symbol=GOOG price=164.7020 topic=prices 
2026-05-12T19:07:52.086 [INFO] requestId:[                                    ] thread:[scheduling-1             ] c.s.testHibernate.logging.LoggingAspect.logExecution@33:
   Exiting com.saber.testHibernate.service.PriceSimulatorService.generatePrice | executionTime=2 ms 
2026-05-12T19:08:52.084 [INFO] requestId:[                                    ] thread:[scheduling-1             ] c.s.testHibernate.logging.LoggingAspect.logExecution@28:
   Entering com.saber.testHibernate.service.PriceSimulatorService.generatePrice with args=[] 
2026-05-12T19:08:52.087 [INFO] requestId:[                                    ] thread:[scheduling-1             ] c.s.t.service.PriceSimulatorService.generatePrice@55:
   Price event sent | symbol=AAPL price=156.6429 topic=prices 
2026-05-12T19:08:52.088 [INFO] requestId:[                                    ] thread:[scheduling-1             ] c.s.testHibernate.logging.LoggingAspect.logExecution@33:
   Exiting com.saber.testHibernate.service.PriceSimulatorService.generatePrice | executionTime=4 ms 
2026-05-12T19:09:52.081 [INFO] requestId:[                                    ] thread:[scheduling-1             ] c.s.testHibernate.logging.LoggingAspect.logExecution@28:
   Entering com.saber.testHibernate.service.PriceSimulatorService.generatePrice with args=[] 
2026-05-12T19:09:52.083 [INFO] requestId:[                                    ] thread:[scheduling-1             ] c.s.t.service.PriceSimulatorService.generatePrice@55:
   Price event sent | symbol=BTC price=44857.4381 topic=prices 
2026-05-12T19:09:52.084 [INFO] requestId:[                                    ] thread:[scheduling-1             ] c.s.testHibernate.logging.LoggingAspect.logExecution@33:
   Exiting com.saber.testHibernate.service.PriceSimulatorService.generatePrice | executionTime=3 ms 
2026-05-12T19:10:52.083 [INFO] requestId:[                                    ] thread:[scheduling-1             ] c.s.testHibernate.logging.LoggingAspect.logExecution@28:
   Entering com.saber.testHibernate.service.PriceSimulatorService.generatePrice with args=[] 
2026-05-12T19:10:52.086 [INFO] requestId:[                                    ] thread:[scheduling-1             ] c.s.t.service.PriceSimulatorService.generatePrice@55:
   Price event sent | symbol=BTC price=41792.3177 topic=prices 
2026-05-12T19:10:52.087 [INFO] requestId:[                                    ] thread:[scheduling-1             ] c.s.testHibernate.logging.LoggingAspect.logExecution@33:
   Exiting com.saber.testHibernate.service.PriceSimulatorService.generatePrice | executionTime=4 ms 
2026-05-12T19:11:52.083 [INFO] requestId:[                                    ] thread:[scheduling-1             ] c.s.testHibernate.logging.LoggingAspect.logExecution@28:
   Entering com.saber.testHibernate.service.PriceSimulatorService.generatePrice with args=[] 
2026-05-12T19:11:52.085 [INFO] requestId:[                                    ] thread:[scheduling-1             ] c.s.t.service.PriceSimulatorService.generatePrice@55:
   Price event sent | symbol=AAPL price=146.0798 topic=prices 
2026-05-12T19:11:52.085 [INFO] requestId:[                                    ] thread:[scheduling-1             ] c.s.testHibernate.logging.LoggingAspect.logExecution@33:
   Exiting com.saber.testHibernate.service.PriceSimulatorService.generatePrice | executionTime=2 ms 
2026-05-12T19:12:52.088 [INFO] requestId:[                                    ] thread:[scheduling-1             ] c.s.testHibernate.logging.LoggingAspect.logExecution@28:
   Entering com.saber.testHibernate.service.PriceSimulatorService.generatePrice with args=[] 
2026-05-12T19:12:52.091 [INFO] requestId:[                                    ] thread:[scheduling-1             ] c.s.t.service.PriceSimulatorService.generatePrice@55:
   Price event sent | symbol=ETH price=3379.0011 topic=prices 
2026-05-12T19:12:52.091 [INFO] requestId:[                                    ] thread:[scheduling-1             ] c.s.testHibernate.logging.LoggingAspect.logExecution@33:
   Exiting com.saber.testHibernate.service.PriceSimulatorService.generatePrice | executionTime=3 ms 
2026-05-12T19:13:52.092 [INFO] requestId:[                                    ] thread:[scheduling-1             ] c.s.testHibernate.logging.LoggingAspect.logExecution@28:
   Entering com.saber.testHibernate.service.PriceSimulatorService.generatePrice with args=[] 
2026-05-12T19:13:52.096 [INFO] requestId:[                                    ] thread:[scheduling-1             ] c.s.t.service.PriceSimulatorService.generatePrice@55:
   Price event sent | symbol=ETH price=3557.3727 topic=prices 
2026-05-12T19:13:52.096 [INFO] requestId:[                                    ] thread:[scheduling-1             ] c.s.testHibernate.logging.LoggingAspect.logExecution@33:
   Exiting com.saber.testHibernate.service.PriceSimulatorService.generatePrice | executionTime=4 ms 
2026-05-12T19:14:52.083 [INFO] requestId:[                                    ] thread:[scheduling-1             ] c.s.testHibernate.logging.LoggingAspect.logExecution@28:
   Entering com.saber.testHibernate.service.PriceSimulatorService.generatePrice with args=[] 
2026-05-12T19:14:52.085 [INFO] requestId:[                                    ] thread:[scheduling-1             ] c.s.t.service.PriceSimulatorService.generatePrice@55:
   Price event sent | symbol=AAPL price=148.3722 topic=prices 
2026-05-12T19:14:52.086 [INFO] requestId:[                                    ] thread:[scheduling-1             ] c.s.testHibernate.logging.LoggingAspect.logExecution@33:
   Exiting com.saber.testHibernate.service.PriceSimulatorService.generatePrice | executionTime=3 ms 
2026-05-12T19:15:52.094 [INFO] requestId:[                                    ] thread:[scheduling-1             ] c.s.testHibernate.logging.LoggingAspect.logExecution@28:
   Entering com.saber.testHibernate.service.PriceSimulatorService.generatePrice with args=[] 
2026-05-12T19:15:52.096 [INFO] requestId:[                                    ] thread:[scheduling-1             ] c.s.t.service.PriceSimulatorService.generatePrice@55:
   Price event sent | symbol=BTC price=38130.4785 topic=prices 
2026-05-12T19:15:52.097 [INFO] requestId:[                                    ] thread:[scheduling-1             ] c.s.testHibernate.logging.LoggingAspect.logExecution@33:
   Exiting com.saber.testHibernate.service.PriceSimulatorService.generatePrice | executionTime=3 ms 
2026-05-12T19:16:52.091 [INFO] requestId:[                                    ] thread:[scheduling-1             ] c.s.testHibernate.logging.LoggingAspect.logExecution@28:
   Entering com.saber.testHibernate.service.PriceSimulatorService.generatePrice with args=[] 
2026-05-12T19:16:52.092 [INFO] requestId:[                                    ] thread:[scheduling-1             ] c.s.t.service.PriceSimulatorService.generatePrice@55:
   Price event sent | symbol=GOOG price=166.4478 topic=prices 
2026-05-12T19:16:52.093 [INFO] requestId:[                                    ] thread:[scheduling-1             ] c.s.testHibernate.logging.LoggingAspect.logExecution@33:
   Exiting com.saber.testHibernate.service.PriceSimulatorService.generatePrice | executionTime=2 ms 
2026-05-12T19:17:52.094 [INFO] requestId:[                                    ] thread:[scheduling-1             ] c.s.testHibernate.logging.LoggingAspect.logExecution@28:
   Entering com.saber.testHibernate.service.PriceSimulatorService.generatePrice with args=[] 
2026-05-12T19:17:52.095 [INFO] requestId:[                                    ] thread:[scheduling-1             ] c.s.t.service.PriceSimulatorService.generatePrice@55:
   Price event sent | symbol=BTC price=35713.3351 topic=prices 
2026-05-12T19:17:52.096 [INFO] requestId:[                                    ] thread:[scheduling-1             ] c.s.testHibernate.logging.LoggingAspect.logExecution@33:
   Exiting com.saber.testHibernate.service.PriceSimulatorService.generatePrice | executionTime=2 ms 
2026-05-12T19:18:52.095 [INFO] requestId:[                                    ] thread:[scheduling-1             ] c.s.testHibernate.logging.LoggingAspect.logExecution@28:
   Entering com.saber.testHibernate.service.PriceSimulatorService.generatePrice with args=[] 
2026-05-12T19:18:52.096 [INFO] requestId:[                                    ] thread:[scheduling-1             ] c.s.t.service.PriceSimulatorService.generatePrice@55:
   Price event sent | symbol=ETH price=3634.0102 topic=prices 
2026-05-12T19:18:52.096 [INFO] requestId:[                                    ] thread:[scheduling-1             ] c.s.testHibernate.logging.LoggingAspect.logExecution@33:
   Exiting com.saber.testHibernate.service.PriceSimulatorService.generatePrice | executionTime=1 ms 
2026-05-12T19:19:52.100 [INFO] requestId:[                                    ] thread:[scheduling-1             ] c.s.testHibernate.logging.LoggingAspect.logExecution@28:
   Entering com.saber.testHibernate.service.PriceSimulatorService.generatePrice with args=[] 
2026-05-12T19:19:52.102 [INFO] requestId:[                                    ] thread:[scheduling-1             ] c.s.t.service.PriceSimulatorService.generatePrice@55:
   Price event sent | symbol=BTC price=37753.5509 topic=prices 
2026-05-12T19:19:52.103 [INFO] requestId:[                                    ] thread:[scheduling-1             ] c.s.testHibernate.logging.LoggingAspect.logExecution@33:
   Exiting com.saber.testHibernate.service.PriceSimulatorService.generatePrice | executionTime=3 ms 
2026-05-12T19:20:52.101 [INFO] requestId:[                                    ] thread:[scheduling-1             ] c.s.testHibernate.logging.LoggingAspect.logExecution@28:
   Entering com.saber.testHibernate.service.PriceSimulatorService.generatePrice with args=[] 
2026-05-12T19:20:52.102 [INFO] requestId:[                                    ] thread:[scheduling-1             ] c.s.t.service.PriceSimulatorService.generatePrice@55:
   Price event sent | symbol=AAPL price=151.0004 topic=prices 
2026-05-12T19:20:52.102 [INFO] requestId:[                                    ] thread:[scheduling-1             ] c.s.testHibernate.logging.LoggingAspect.logExecution@33:
   Exiting com.saber.testHibernate.service.PriceSimulatorService.generatePrice | executionTime=1 ms 
2026-05-12T19:21:52.106 [INFO] requestId:[                                    ] thread:[scheduling-1             ] c.s.testHibernate.logging.LoggingAspect.logExecution@28:
   Entering com.saber.testHibernate.service.PriceSimulatorService.generatePrice with args=[] 
2026-05-12T19:21:52.109 [INFO] requestId:[                                    ] thread:[scheduling-1             ] c.s.t.service.PriceSimulatorService.generatePrice@55:
   Price event sent | symbol=ETH price=3706.4893 topic=prices 
2026-05-12T19:21:52.109 [INFO] requestId:[                                    ] thread:[scheduling-1             ] c.s.testHibernate.logging.LoggingAspect.logExecution@33:
   Exiting com.saber.testHibernate.service.PriceSimulatorService.generatePrice | executionTime=3 ms 
2026-05-12T19:22:52.100 [INFO] requestId:[                                    ] thread:[scheduling-1             ] c.s.testHibernate.logging.LoggingAspect.logExecution@28:
   Entering com.saber.testHibernate.service.PriceSimulatorService.generatePrice with args=[] 
2026-05-12T19:22:52.103 [INFO] requestId:[                                    ] thread:[scheduling-1             ] c.s.t.service.PriceSimulatorService.generatePrice@55:
   Price event sent | symbol=BTC price=40521.3169 topic=prices 
2026-05-12T19:22:52.103 [INFO] requestId:[                                    ] thread:[scheduling-1             ] c.s.testHibernate.logging.LoggingAspect.logExecution@33:
   Exiting com.saber.testHibernate.service.PriceSimulatorService.generatePrice | executionTime=3 ms 
2026-05-12T19:23:52.110 [INFO] requestId:[                                    ] thread:[scheduling-1             ] c.s.testHibernate.logging.LoggingAspect.logExecution@28:
   Entering com.saber.testHibernate.service.PriceSimulatorService.generatePrice with args=[] 
2026-05-12T19:23:52.111 [INFO] requestId:[                                    ] thread:[scheduling-1             ] c.s.t.service.PriceSimulatorService.generatePrice@55:
   Price event sent | symbol=AAPL price=148.2839 topic=prices 
2026-05-12T19:23:52.111 [INFO] requestId:[                                    ] thread:[scheduling-1             ] c.s.testHibernate.logging.LoggingAspect.logExecution@33:
   Exiting com.saber.testHibernate.service.PriceSimulatorService.generatePrice | executionTime=1 ms 
2026-05-12T19:24:52.104 [INFO] requestId:[                                    ] thread:[scheduling-1             ] c.s.testHibernate.logging.LoggingAspect.logExecution@28:
   Entering com.saber.testHibernate.service.PriceSimulatorService.generatePrice with args=[] 
2026-05-12T19:24:52.107 [INFO] requestId:[                                    ] thread:[scheduling-1             ] c.s.t.service.PriceSimulatorService.generatePrice@55:
   Price event sent | symbol=ETH price=3825.7220 topic=prices 
2026-05-12T19:24:52.107 [INFO] requestId:[                                    ] thread:[scheduling-1             ] c.s.testHibernate.logging.LoggingAspect.logExecution@33:
   Exiting com.saber.testHibernate.service.PriceSimulatorService.generatePrice | executionTime=3 ms 
2026-05-12T19:25:52.105 [INFO] requestId:[                                    ] thread:[scheduling-1             ] c.s.testHibernate.logging.LoggingAspect.logExecution@28:
   Entering com.saber.testHibernate.service.PriceSimulatorService.generatePrice with args=[] 
2026-05-12T19:25:52.107 [INFO] requestId:[                                    ] thread:[scheduling-1             ] c.s.t.service.PriceSimulatorService.generatePrice@55:
   Price event sent | symbol=BTC price=37532.4511 topic=prices 
2026-05-12T19:25:52.108 [INFO] requestId:[                                    ] thread:[scheduling-1             ] c.s.testHibernate.logging.LoggingAspect.logExecution@33:
   Exiting com.saber.testHibernate.service.PriceSimulatorService.generatePrice | executionTime=3 ms 
2026-05-12T19:26:52.116 [INFO] requestId:[                                    ] thread:[scheduling-1             ] c.s.testHibernate.logging.LoggingAspect.logExecution@28:
   Entering com.saber.testHibernate.service.PriceSimulatorService.generatePrice with args=[] 
2026-05-12T19:26:52.119 [INFO] requestId:[                                    ] thread:[scheduling-1             ] c.s.t.service.PriceSimulatorService.generatePrice@55:
   Price event sent | symbol=BTC price=37259.4532 topic=prices 
2026-05-12T19:26:52.119 [INFO] requestId:[                                    ] thread:[scheduling-1             ] c.s.testHibernate.logging.LoggingAspect.logExecution@33:
   Exiting com.saber.testHibernate.service.PriceSimulatorService.generatePrice | executionTime=3 ms 
2026-05-12T19:27:52.108 [INFO] requestId:[                                    ] thread:[scheduling-1             ] c.s.testHibernate.logging.LoggingAspect.logExecution@28:
   Entering com.saber.testHibernate.service.PriceSimulatorService.generatePrice with args=[] 
2026-05-12T19:27:52.109 [INFO] requestId:[                                    ] thread:[scheduling-1             ] c.s.t.service.PriceSimulatorService.generatePrice@55:
   Price event sent | symbol=BTC price=35937.8605 topic=prices 
2026-05-12T19:27:52.109 [INFO] requestId:[                                    ] thread:[scheduling-1             ] c.s.testHibernate.logging.LoggingAspect.logExecution@33:
   Exiting com.saber.testHibernate.service.PriceSimulatorService.generatePrice | executionTime=1 ms 
2026-05-12T19:28:52.110 [INFO] requestId:[                                    ] thread:[scheduling-1             ] c.s.testHibernate.logging.LoggingAspect.logExecution@28:
   Entering com.saber.testHibernate.service.PriceSimulatorService.generatePrice with args=[] 
2026-05-12T19:28:52.113 [INFO] requestId:[                                    ] thread:[scheduling-1             ] c.s.t.service.PriceSimulatorService.generatePrice@55:
   Price event sent | symbol=GOOG price=180.3071 topic=prices 
2026-05-12T19:28:52.114 [INFO] requestId:[                                    ] thread:[scheduling-1             ] c.s.testHibernate.logging.LoggingAspect.logExecution@33:
   Exiting com.saber.testHibernate.service.PriceSimulatorService.generatePrice | executionTime=4 ms 
2026-05-12T19:29:52.108 [INFO] requestId:[                                    ] thread:[scheduling-1             ] c.s.testHibernate.logging.LoggingAspect.logExecution@28:
   Entering com.saber.testHibernate.service.PriceSimulatorService.generatePrice with args=[] 
2026-05-12T19:29:52.109 [INFO] requestId:[                                    ] thread:[scheduling-1             ] c.s.t.service.PriceSimulatorService.generatePrice@55:
   Price event sent | symbol=AAPL price=161.0721 topic=prices 
2026-05-12T19:29:52.109 [INFO] requestId:[                                    ] thread:[scheduling-1             ] c.s.testHibernate.logging.LoggingAspect.logExecution@33:
   Exiting com.saber.testHibernate.service.PriceSimulatorService.generatePrice | executionTime=1 ms 
2026-05-12T19:30:52.109 [INFO] requestId:[                                    ] thread:[scheduling-1             ] c.s.testHibernate.logging.LoggingAspect.logExecution@28:
   Entering com.saber.testHibernate.service.PriceSimulatorService.generatePrice with args=[] 
2026-05-12T19:30:52.113 [INFO] requestId:[                                    ] thread:[scheduling-1             ] c.s.t.service.PriceSimulatorService.generatePrice@55:
   Price event sent | symbol=BTC price=38671.2127 topic=prices 
2026-05-12T19:30:52.113 [INFO] requestId:[                                    ] thread:[scheduling-1             ] c.s.testHibernate.logging.LoggingAspect.logExecution@33:
   Exiting com.saber.testHibernate.service.PriceSimulatorService.generatePrice | executionTime=4 ms 
2026-05-12T19:31:52.119 [INFO] requestId:[                                    ] thread:[scheduling-1             ] c.s.testHibernate.logging.LoggingAspect.logExecution@28:
   Entering com.saber.testHibernate.service.PriceSimulatorService.generatePrice with args=[] 
2026-05-12T19:31:52.122 [INFO] requestId:[                                    ] thread:[scheduling-1             ] c.s.t.service.PriceSimulatorService.generatePrice@55:
   Price event sent | symbol=AAPL price=176.1914 topic=prices 
2026-05-12T19:31:52.122 [INFO] requestId:[                                    ] thread:[scheduling-1             ] c.s.testHibernate.logging.LoggingAspect.logExecution@33:
   Exiting com.saber.testHibernate.service.PriceSimulatorService.generatePrice | executionTime=3 ms 
2026-05-12T19:32:52.114 [INFO] requestId:[                                    ] thread:[scheduling-1             ] c.s.testHibernate.logging.LoggingAspect.logExecution@28:
   Entering com.saber.testHibernate.service.PriceSimulatorService.generatePrice with args=[] 
2026-05-12T19:32:52.115 [INFO] requestId:[                                    ] thread:[scheduling-1             ] c.s.t.service.PriceSimulatorService.generatePrice@55:
   Price event sent | symbol=AAPL price=164.3992 topic=prices 
2026-05-12T19:32:52.115 [INFO] requestId:[                                    ] thread:[scheduling-1             ] c.s.testHibernate.logging.LoggingAspect.logExecution@33:
   Exiting com.saber.testHibernate.service.PriceSimulatorService.generatePrice | executionTime=1 ms 
2026-05-12T19:33:52.115 [INFO] requestId:[                                    ] thread:[scheduling-1             ] c.s.testHibernate.logging.LoggingAspect.logExecution@28:
   Entering com.saber.testHibernate.service.PriceSimulatorService.generatePrice with args=[] 
2026-05-12T19:33:52.119 [INFO] requestId:[                                    ] thread:[scheduling-1             ] c.s.t.service.PriceSimulatorService.generatePrice@55:
   Price event sent | symbol=ETH price=3606.6759 topic=prices 
2026-05-12T19:33:52.119 [INFO] requestId:[                                    ] thread:[scheduling-1             ] c.s.testHibernate.logging.LoggingAspect.logExecution@33:
   Exiting com.saber.testHibernate.service.PriceSimulatorService.generatePrice | executionTime=4 ms 
2026-05-12T19:34:52.115 [INFO] requestId:[                                    ] thread:[scheduling-1             ] c.s.testHibernate.logging.LoggingAspect.logExecution@28:
   Entering com.saber.testHibernate.service.PriceSimulatorService.generatePrice with args=[] 
2026-05-12T19:34:52.117 [INFO] requestId:[                                    ] thread:[scheduling-1             ] c.s.t.service.PriceSimulatorService.generatePrice@55:
   Price event sent | symbol=ETH price=3290.2545 topic=prices 
2026-05-12T19:34:52.118 [INFO] requestId:[                                    ] thread:[scheduling-1             ] c.s.testHibernate.logging.LoggingAspect.logExecution@33:
   Exiting com.saber.testHibernate.service.PriceSimulatorService.generatePrice | executionTime=3 ms 
2026-05-12T19:35:52.122 [INFO] requestId:[                                    ] thread:[scheduling-1             ] c.s.testHibernate.logging.LoggingAspect.logExecution@28:
   Entering com.saber.testHibernate.service.PriceSimulatorService.generatePrice with args=[] 
2026-05-12T19:35:52.125 [INFO] requestId:[                                    ] thread:[scheduling-1             ] c.s.t.service.PriceSimulatorService.generatePrice@55:
   Price event sent | symbol=ETH price=3567.4475 topic=prices 
2026-05-12T19:35:52.125 [INFO] requestId:[                                    ] thread:[scheduling-1             ] c.s.testHibernate.logging.LoggingAspect.logExecution@33:
   Exiting com.saber.testHibernate.service.PriceSimulatorService.generatePrice | executionTime=3 ms 
2026-05-12T19:36:52.122 [INFO] requestId:[                                    ] thread:[scheduling-1             ] c.s.testHibernate.logging.LoggingAspect.logExecution@28:
   Entering com.saber.testHibernate.service.PriceSimulatorService.generatePrice with args=[] 
2026-05-12T19:36:52.123 [INFO] requestId:[                                    ] thread:[scheduling-1             ] c.s.t.service.PriceSimulatorService.generatePrice@55:
   Price event sent | symbol=AAPL price=166.4700 topic=prices 
2026-05-12T19:36:52.123 [INFO] requestId:[                                    ] thread:[scheduling-1             ] c.s.testHibernate.logging.LoggingAspect.logExecution@33:
   Exiting com.saber.testHibernate.service.PriceSimulatorService.generatePrice | executionTime=1 ms 
2026-05-12T19:37:52.116 [INFO] requestId:[                                    ] thread:[scheduling-1             ] c.s.testHibernate.logging.LoggingAspect.logExecution@28:
   Entering com.saber.testHibernate.service.PriceSimulatorService.generatePrice with args=[] 
2026-05-12T19:37:52.119 [INFO] requestId:[                                    ] thread:[scheduling-1             ] c.s.t.service.PriceSimulatorService.generatePrice@55:
   Price event sent | symbol=GOOG price=168.8625 topic=prices 
2026-05-12T19:37:52.119 [INFO] requestId:[                                    ] thread:[scheduling-1             ] c.s.testHibernate.logging.LoggingAspect.logExecution@33:
   Exiting com.saber.testHibernate.service.PriceSimulatorService.generatePrice | executionTime=3 ms 
2026-05-12T19:38:52.118 [INFO] requestId:[                                    ] thread:[scheduling-1             ] c.s.testHibernate.logging.LoggingAspect.logExecution@28:
   Entering com.saber.testHibernate.service.PriceSimulatorService.generatePrice with args=[] 
2026-05-12T19:38:52.120 [INFO] requestId:[                                    ] thread:[scheduling-1             ] c.s.t.service.PriceSimulatorService.generatePrice@55:
   Price event sent | symbol=GOOG price=164.9800 topic=prices 
2026-05-12T19:38:52.121 [INFO] requestId:[                                    ] thread:[scheduling-1             ] c.s.testHibernate.logging.LoggingAspect.logExecution@33:
   Exiting com.saber.testHibernate.service.PriceSimulatorService.generatePrice | executionTime=3 ms 
2026-05-12T19:39:52.124 [INFO] requestId:[                                    ] thread:[scheduling-1             ] c.s.testHibernate.logging.LoggingAspect.logExecution@28:
   Entering com.saber.testHibernate.service.PriceSimulatorService.generatePrice with args=[] 
2026-05-12T19:39:52.126 [INFO] requestId:[                                    ] thread:[scheduling-1             ] c.s.t.service.PriceSimulatorService.generatePrice@55:
   Price event sent | symbol=ETH price=3490.1368 topic=prices 
2026-05-12T19:39:52.126 [INFO] requestId:[                                    ] thread:[scheduling-1             ] c.s.testHibernate.logging.LoggingAspect.logExecution@33:
   Exiting com.saber.testHibernate.service.PriceSimulatorService.generatePrice | executionTime=2 ms 
2026-05-12T19:40:52.121 [INFO] requestId:[                                    ] thread:[scheduling-1             ] c.s.testHibernate.logging.LoggingAspect.logExecution@28:
   Entering com.saber.testHibernate.service.PriceSimulatorService.generatePrice with args=[] 
2026-05-12T19:40:52.124 [INFO] requestId:[                                    ] thread:[scheduling-1             ] c.s.t.service.PriceSimulatorService.generatePrice@55:
   Price event sent | symbol=AAPL price=150.5757 topic=prices 
2026-05-12T19:40:52.124 [INFO] requestId:[                                    ] thread:[scheduling-1             ] c.s.testHibernate.logging.LoggingAspect.logExecution@33:
   Exiting com.saber.testHibernate.service.PriceSimulatorService.generatePrice | executionTime=3 ms 
2026-05-12T19:41:52.135 [INFO] requestId:[                                    ] thread:[scheduling-1             ] c.s.testHibernate.logging.LoggingAspect.logExecution@28:
   Entering com.saber.testHibernate.service.PriceSimulatorService.generatePrice with args=[] 
2026-05-12T19:41:52.138 [INFO] requestId:[                                    ] thread:[scheduling-1             ] c.s.t.service.PriceSimulatorService.generatePrice@55:
   Price event sent | symbol=BTC price=39285.3455 topic=prices 
2026-05-12T19:41:52.139 [INFO] requestId:[                                    ] thread:[scheduling-1             ] c.s.testHibernate.logging.LoggingAspect.logExecution@33:
   Exiting com.saber.testHibernate.service.PriceSimulatorService.generatePrice | executionTime=4 ms 
2026-05-12T19:42:52.129 [INFO] requestId:[                                    ] thread:[scheduling-1             ] c.s.testHibernate.logging.LoggingAspect.logExecution@28:
   Entering com.saber.testHibernate.service.PriceSimulatorService.generatePrice with args=[] 
2026-05-12T19:42:52.131 [INFO] requestId:[                                    ] thread:[scheduling-1             ] c.s.t.service.PriceSimulatorService.generatePrice@55:
   Price event sent | symbol=GOOG price=176.6751 topic=prices 
2026-05-12T19:42:52.132 [INFO] requestId:[                                    ] thread:[scheduling-1             ] c.s.testHibernate.logging.LoggingAspect.logExecution@33:
   Exiting com.saber.testHibernate.service.PriceSimulatorService.generatePrice | executionTime=3 ms 
2026-05-12T19:43:52.136 [INFO] requestId:[                                    ] thread:[scheduling-1             ] c.s.testHibernate.logging.LoggingAspect.logExecution@28:
   Entering com.saber.testHibernate.service.PriceSimulatorService.generatePrice with args=[] 
2026-05-12T19:43:52.138 [INFO] requestId:[                                    ] thread:[scheduling-1             ] c.s.t.service.PriceSimulatorService.generatePrice@55:
   Price event sent | symbol=AAPL price=161.4682 topic=prices 
2026-05-12T19:43:52.139 [INFO] requestId:[                                    ] thread:[scheduling-1             ] c.s.testHibernate.logging.LoggingAspect.logExecution@33:
   Exiting com.saber.testHibernate.service.PriceSimulatorService.generatePrice | executionTime=3 ms 
2026-05-12T19:44:52.126 [INFO] requestId:[                                    ] thread:[scheduling-1             ] c.s.testHibernate.logging.LoggingAspect.logExecution@28:
   Entering com.saber.testHibernate.service.PriceSimulatorService.generatePrice with args=[] 
2026-05-12T19:44:52.128 [INFO] requestId:[                                    ] thread:[scheduling-1             ] c.s.t.service.PriceSimulatorService.generatePrice@55:
   Price event sent | symbol=BTC price=40744.7659 topic=prices 
2026-05-12T19:44:52.128 [INFO] requestId:[                                    ] thread:[scheduling-1             ] c.s.testHibernate.logging.LoggingAspect.logExecution@33:
   Exiting com.saber.testHibernate.service.PriceSimulatorService.generatePrice | executionTime=2 ms 
2026-05-12T19:45:52.140 [INFO] requestId:[                                    ] thread:[scheduling-1             ] c.s.testHibernate.logging.LoggingAspect.logExecution@28:
   Entering com.saber.testHibernate.service.PriceSimulatorService.generatePrice with args=[] 
2026-05-12T19:45:52.141 [INFO] requestId:[                                    ] thread:[scheduling-1             ] c.s.t.service.PriceSimulatorService.generatePrice@55:
   Price event sent | symbol=BTC price=42724.5292 topic=prices 
2026-05-12T19:45:52.141 [INFO] requestId:[                                    ] thread:[scheduling-1             ] c.s.testHibernate.logging.LoggingAspect.logExecution@33:
   Exiting com.saber.testHibernate.service.PriceSimulatorService.generatePrice | executionTime=1 ms 
2026-05-12T19:46:52.142 [INFO] requestId:[                                    ] thread:[scheduling-1             ] c.s.testHibernate.logging.LoggingAspect.logExecution@28:
   Entering com.saber.testHibernate.service.PriceSimulatorService.generatePrice with args=[] 
2026-05-12T19:46:52.145 [INFO] requestId:[                                    ] thread:[scheduling-1             ] c.s.t.service.PriceSimulatorService.generatePrice@55:
   Price event sent | symbol=GOOG price=166.7575 topic=prices 
2026-05-12T19:46:52.145 [INFO] requestId:[                                    ] thread:[scheduling-1             ] c.s.testHibernate.logging.LoggingAspect.logExecution@33:
   Exiting com.saber.testHibernate.service.PriceSimulatorService.generatePrice | executionTime=3 ms 
2026-05-12T19:47:52.134 [INFO] requestId:[                                    ] thread:[scheduling-1             ] c.s.testHibernate.logging.LoggingAspect.logExecution@28:
   Entering com.saber.testHibernate.service.PriceSimulatorService.generatePrice with args=[] 
2026-05-12T19:47:52.136 [INFO] requestId:[                                    ] thread:[scheduling-1             ] c.s.t.service.PriceSimulatorService.generatePrice@55:
   Price event sent | symbol=ETH price=3152.4540 topic=prices 
2026-05-12T19:47:52.136 [INFO] requestId:[                                    ] thread:[scheduling-1             ] c.s.testHibernate.logging.LoggingAspect.logExecution@33:
   Exiting com.saber.testHibernate.service.PriceSimulatorService.generatePrice | executionTime=2 ms 
2026-05-12T19:48:52.131 [INFO] requestId:[                                    ] thread:[scheduling-1             ] c.s.testHibernate.logging.LoggingAspect.logExecution@28:
   Entering com.saber.testHibernate.service.PriceSimulatorService.generatePrice with args=[] 
2026-05-12T19:48:52.133 [INFO] requestId:[                                    ] thread:[scheduling-1             ] c.s.t.service.PriceSimulatorService.generatePrice@55:
   Price event sent | symbol=AAPL price=167.2155 topic=prices 
2026-05-12T19:48:52.134 [INFO] requestId:[                                    ] thread:[scheduling-1             ] c.s.testHibernate.logging.LoggingAspect.logExecution@33:
   Exiting com.saber.testHibernate.service.PriceSimulatorService.generatePrice | executionTime=3 ms 
2026-05-12T19:49:52.133 [INFO] requestId:[                                    ] thread:[scheduling-1             ] c.s.testHibernate.logging.LoggingAspect.logExecution@28:
   Entering com.saber.testHibernate.service.PriceSimulatorService.generatePrice with args=[] 
2026-05-12T19:49:52.135 [INFO] requestId:[                                    ] thread:[scheduling-1             ] c.s.t.service.PriceSimulatorService.generatePrice@55:
   Price event sent | symbol=ETH price=3174.6427 topic=prices 
2026-05-12T19:49:52.136 [INFO] requestId:[                                    ] thread:[scheduling-1             ] c.s.testHibernate.logging.LoggingAspect.logExecution@33:
   Exiting com.saber.testHibernate.service.PriceSimulatorService.generatePrice | executionTime=3 ms 
2026-05-12T19:50:52.133 [INFO] requestId:[                                    ] thread:[scheduling-1             ] c.s.testHibernate.logging.LoggingAspect.logExecution@28:
   Entering com.saber.testHibernate.service.PriceSimulatorService.generatePrice with args=[] 
2026-05-12T19:50:52.136 [INFO] requestId:[                                    ] thread:[scheduling-1             ] c.s.t.service.PriceSimulatorService.generatePrice@55:
   Price event sent | symbol=BTC price=38913.7999 topic=prices 
2026-05-12T19:50:52.136 [INFO] requestId:[                                    ] thread:[scheduling-1             ] c.s.testHibernate.logging.LoggingAspect.logExecution@33:
   Exiting com.saber.testHibernate.service.PriceSimulatorService.generatePrice | executionTime=3 ms 
2026-05-12T19:51:52.148 [INFO] requestId:[                                    ] thread:[scheduling-1             ] c.s.testHibernate.logging.LoggingAspect.logExecution@28:
   Entering com.saber.testHibernate.service.PriceSimulatorService.generatePrice with args=[] 
2026-05-12T19:51:52.151 [INFO] requestId:[                                    ] thread:[scheduling-1             ] c.s.t.service.PriceSimulatorService.generatePrice@55:
   Price event sent | symbol=GOOG price=155.9137 topic=prices 
2026-05-12T19:51:52.151 [INFO] requestId:[                                    ] thread:[scheduling-1             ] c.s.testHibernate.logging.LoggingAspect.logExecution@33:
   Exiting com.saber.testHibernate.service.PriceSimulatorService.generatePrice | executionTime=4 ms 
2026-05-12T19:52:52.139 [INFO] requestId:[                                    ] thread:[scheduling-1             ] c.s.testHibernate.logging.LoggingAspect.logExecution@28:
   Entering com.saber.testHibernate.service.PriceSimulatorService.generatePrice with args=[] 
2026-05-12T19:52:52.141 [INFO] requestId:[                                    ] thread:[scheduling-1             ] c.s.t.service.PriceSimulatorService.generatePrice@55:
   Price event sent | symbol=BTC price=39074.8739 topic=prices 
2026-05-12T19:52:52.142 [INFO] requestId:[                                    ] thread:[scheduling-1             ] c.s.testHibernate.logging.LoggingAspect.logExecution@33:
   Exiting com.saber.testHibernate.service.PriceSimulatorService.generatePrice | executionTime=3 ms 
2026-05-12T19:53:52.138 [INFO] requestId:[                                    ] thread:[scheduling-1             ] c.s.testHibernate.logging.LoggingAspect.logExecution@28:
   Entering com.saber.testHibernate.service.PriceSimulatorService.generatePrice with args=[] 
2026-05-12T19:53:52.141 [INFO] requestId:[                                    ] thread:[scheduling-1             ] c.s.t.service.PriceSimulatorService.generatePrice@55:
   Price event sent | symbol=BTC price=36990.1395 topic=prices 
2026-05-12T19:53:52.141 [INFO] requestId:[                                    ] thread:[scheduling-1             ] c.s.testHibernate.logging.LoggingAspect.logExecution@33:
   Exiting com.saber.testHibernate.service.PriceSimulatorService.generatePrice | executionTime=3 ms 
2026-05-12T19:54:52.139 [INFO] requestId:[                                    ] thread:[scheduling-1             ] c.s.testHibernate.logging.LoggingAspect.logExecution@28:
   Entering com.saber.testHibernate.service.PriceSimulatorService.generatePrice with args=[] 
2026-05-12T19:54:52.141 [INFO] requestId:[                                    ] thread:[scheduling-1             ] c.s.t.service.PriceSimulatorService.generatePrice@55:
   Price event sent | symbol=BTC price=36096.0486 topic=prices 
2026-05-12T19:54:52.141 [INFO] requestId:[                                    ] thread:[scheduling-1             ] c.s.testHibernate.logging.LoggingAspect.logExecution@33:
   Exiting com.saber.testHibernate.service.PriceSimulatorService.generatePrice | executionTime=2 ms 
2026-05-12T19:55:52.153 [INFO] requestId:[                                    ] thread:[scheduling-1             ] c.s.testHibernate.logging.LoggingAspect.logExecution@28:
   Entering com.saber.testHibernate.service.PriceSimulatorService.generatePrice with args=[] 
2026-05-12T19:55:52.156 [INFO] requestId:[                                    ] thread:[scheduling-1             ] c.s.t.service.PriceSimulatorService.generatePrice@55:
   Price event sent | symbol=AAPL price=175.1994 topic=prices 
2026-05-12T19:55:52.156 [INFO] requestId:[                                    ] thread:[scheduling-1             ] c.s.testHibernate.logging.LoggingAspect.logExecution@33:
   Exiting com.saber.testHibernate.service.PriceSimulatorService.generatePrice | executionTime=3 ms 
2026-05-12T19:56:52.146 [INFO] requestId:[                                    ] thread:[scheduling-1             ] c.s.testHibernate.logging.LoggingAspect.logExecution@28:
   Entering com.saber.testHibernate.service.PriceSimulatorService.generatePrice with args=[] 
2026-05-12T19:56:52.148 [INFO] requestId:[                                    ] thread:[scheduling-1             ] c.s.t.service.PriceSimulatorService.generatePrice@55:
   Price event sent | symbol=ETH price=3400.3670 topic=prices 
2026-05-12T19:56:52.149 [INFO] requestId:[                                    ] thread:[scheduling-1             ] c.s.testHibernate.logging.LoggingAspect.logExecution@33:
   Exiting com.saber.testHibernate.service.PriceSimulatorService.generatePrice | executionTime=3 ms 
2026-05-12T19:57:52.144 [INFO] requestId:[                                    ] thread:[scheduling-1             ] c.s.testHibernate.logging.LoggingAspect.logExecution@28:
   Entering com.saber.testHibernate.service.PriceSimulatorService.generatePrice with args=[] 
2026-05-12T19:57:52.146 [INFO] requestId:[                                    ] thread:[scheduling-1             ] c.s.t.service.PriceSimulatorService.generatePrice@55:
   Price event sent | symbol=BTC price=33555.7944 topic=prices 
2026-05-12T19:57:52.146 [INFO] requestId:[                                    ] thread:[scheduling-1             ] c.s.testHibernate.logging.LoggingAspect.logExecution@33:
   Exiting com.saber.testHibernate.service.PriceSimulatorService.generatePrice | executionTime=2 ms 
2026-05-12T19:58:52.145 [INFO] requestId:[                                    ] thread:[scheduling-1             ] c.s.testHibernate.logging.LoggingAspect.logExecution@28:
   Entering com.saber.testHibernate.service.PriceSimulatorService.generatePrice with args=[] 
2026-05-12T19:58:52.148 [INFO] requestId:[                                    ] thread:[scheduling-1             ] c.s.t.service.PriceSimulatorService.generatePrice@55:
   Price event sent | symbol=AAPL price=186.3902 topic=prices 
2026-05-12T19:58:52.148 [INFO] requestId:[                                    ] thread:[scheduling-1             ] c.s.testHibernate.logging.LoggingAspect.logExecution@33:
   Exiting com.saber.testHibernate.service.PriceSimulatorService.generatePrice | executionTime=3 ms 
2026-05-12T19:59:52.153 [INFO] requestId:[                                    ] thread:[scheduling-1             ] c.s.testHibernate.logging.LoggingAspect.logExecution@28:
   Entering com.saber.testHibernate.service.PriceSimulatorService.generatePrice with args=[] 
2026-05-12T19:59:52.157 [INFO] requestId:[                                    ] thread:[scheduling-1             ] c.s.t.service.PriceSimulatorService.generatePrice@55:
   Price event sent | symbol=BTC price=33600.3997 topic=prices 
2026-05-12T19:59:52.157 [INFO] requestId:[                                    ] thread:[scheduling-1             ] c.s.testHibernate.logging.LoggingAspect.logExecution@33:
   Exiting com.saber.testHibernate.service.PriceSimulatorService.generatePrice | executionTime=4 ms 
2026-05-12T20:00:52.157 [INFO] requestId:[                                    ] thread:[scheduling-1             ] c.s.testHibernate.logging.LoggingAspect.logExecution@28:
   Entering com.saber.testHibernate.service.PriceSimulatorService.generatePrice with args=[] 
2026-05-12T20:00:52.158 [INFO] requestId:[                                    ] thread:[scheduling-1             ] c.s.t.service.PriceSimulatorService.generatePrice@55:
   Price event sent | symbol=BTC price=32991.9066 topic=prices 
2026-05-12T20:00:52.160 [INFO] requestId:[                                    ] thread:[scheduling-1             ] c.s.testHibernate.logging.LoggingAspect.logExecution@33:
   Exiting com.saber.testHibernate.service.PriceSimulatorService.generatePrice | executionTime=3 ms 
2026-05-12T20:01:52.155 [INFO] requestId:[                                    ] thread:[scheduling-1             ] c.s.testHibernate.logging.LoggingAspect.logExecution@28:
   Entering com.saber.testHibernate.service.PriceSimulatorService.generatePrice with args=[] 
2026-05-12T20:01:52.158 [INFO] requestId:[                                    ] thread:[scheduling-1             ] c.s.t.service.PriceSimulatorService.generatePrice@55:
   Price event sent | symbol=ETH price=3591.8742 topic=prices 
2026-05-12T20:01:52.159 [INFO] requestId:[                                    ] thread:[scheduling-1             ] c.s.testHibernate.logging.LoggingAspect.logExecution@33:
   Exiting com.saber.testHibernate.service.PriceSimulatorService.generatePrice | executionTime=4 ms 
2026-05-12T20:02:52.155 [INFO] requestId:[                                    ] thread:[scheduling-1             ] c.s.testHibernate.logging.LoggingAspect.logExecution@28:
   Entering com.saber.testHibernate.service.PriceSimulatorService.generatePrice with args=[] 
2026-05-12T20:02:52.157 [INFO] requestId:[                                    ] thread:[scheduling-1             ] c.s.t.service.PriceSimulatorService.generatePrice@55:
   Price event sent | symbol=ETH price=3719.2580 topic=prices 
2026-05-12T20:02:52.157 [INFO] requestId:[                                    ] thread:[scheduling-1             ] c.s.testHibernate.logging.LoggingAspect.logExecution@33:
   Exiting com.saber.testHibernate.service.PriceSimulatorService.generatePrice | executionTime=2 ms 
2026-05-12T20:03:52.152 [INFO] requestId:[                                    ] thread:[scheduling-1             ] c.s.testHibernate.logging.LoggingAspect.logExecution@28:
   Entering com.saber.testHibernate.service.PriceSimulatorService.generatePrice with args=[] 
2026-05-12T20:03:52.153 [INFO] requestId:[                                    ] thread:[scheduling-1             ] c.s.t.service.PriceSimulatorService.generatePrice@55:
   Price event sent | symbol=AAPL price=192.8972 topic=prices 
2026-05-12T20:03:52.153 [INFO] requestId:[                                    ] thread:[scheduling-1             ] c.s.testHibernate.logging.LoggingAspect.logExecution@33:
   Exiting com.saber.testHibernate.service.PriceSimulatorService.generatePrice | executionTime=2 ms 
2026-05-12T20:04:52.151 [INFO] requestId:[                                    ] thread:[scheduling-1             ] c.s.testHibernate.logging.LoggingAspect.logExecution@28:
   Entering com.saber.testHibernate.service.PriceSimulatorService.generatePrice with args=[] 
2026-05-12T20:04:52.153 [INFO] requestId:[                                    ] thread:[scheduling-1             ] c.s.t.service.PriceSimulatorService.generatePrice@55:
   Price event sent | symbol=BTC price=32296.5952 topic=prices 
2026-05-12T20:04:52.153 [INFO] requestId:[                                    ] thread:[scheduling-1             ] c.s.testHibernate.logging.LoggingAspect.logExecution@33:
   Exiting com.saber.testHibernate.service.PriceSimulatorService.generatePrice | executionTime=2 ms 
2026-05-12T20:05:52.154 [INFO] requestId:[                                    ] thread:[scheduling-1             ] c.s.testHibernate.logging.LoggingAspect.logExecution@28:
   Entering com.saber.testHibernate.service.PriceSimulatorService.generatePrice with args=[] 
2026-05-12T20:05:52.156 [INFO] requestId:[                                    ] thread:[scheduling-1             ] c.s.t.service.PriceSimulatorService.generatePrice@55:
   Price event sent | symbol=ETH price=3620.2956 topic=prices 
2026-05-12T20:05:52.156 [INFO] requestId:[                                    ] thread:[scheduling-1             ] c.s.testHibernate.logging.LoggingAspect.logExecution@33:
   Exiting com.saber.testHibernate.service.PriceSimulatorService.generatePrice | executionTime=2 ms 
2026-05-12T20:06:52.161 [INFO] requestId:[                                    ] thread:[scheduling-1             ] c.s.testHibernate.logging.LoggingAspect.logExecution@28:
   Entering com.saber.testHibernate.service.PriceSimulatorService.generatePrice with args=[] 
2026-05-12T20:06:52.163 [INFO] requestId:[                                    ] thread:[scheduling-1             ] c.s.t.service.PriceSimulatorService.generatePrice@55:
   Price event sent | symbol=BTC price=33018.0404 topic=prices 
2026-05-12T20:06:52.165 [INFO] requestId:[                                    ] thread:[scheduling-1             ] c.s.testHibernate.logging.LoggingAspect.logExecution@33:
   Exiting com.saber.testHibernate.service.PriceSimulatorService.generatePrice | executionTime=4 ms 
2026-05-12T20:07:52.160 [INFO] requestId:[                                    ] thread:[scheduling-1             ] c.s.testHibernate.logging.LoggingAspect.logExecution@28:
   Entering com.saber.testHibernate.service.PriceSimulatorService.generatePrice with args=[] 
2026-05-12T20:07:52.162 [INFO] requestId:[                                    ] thread:[scheduling-1             ] c.s.t.service.PriceSimulatorService.generatePrice@55:
   Price event sent | symbol=GOOG price=164.7862 topic=prices 
2026-05-12T20:07:52.163 [INFO] requestId:[                                    ] thread:[scheduling-1             ] c.s.testHibernate.logging.LoggingAspect.logExecution@33:
   Exiting com.saber.testHibernate.service.PriceSimulatorService.generatePrice | executionTime=3 ms 
2026-05-12T20:08:52.160 [INFO] requestId:[                                    ] thread:[scheduling-1             ] c.s.testHibernate.logging.LoggingAspect.logExecution@28:
   Entering com.saber.testHibernate.service.PriceSimulatorService.generatePrice with args=[] 
2026-05-12T20:08:52.162 [INFO] requestId:[                                    ] thread:[scheduling-1             ] c.s.t.service.PriceSimulatorService.generatePrice@55:
   Price event sent | symbol=AAPL price=182.2734 topic=prices 
2026-05-12T20:08:52.162 [INFO] requestId:[                                    ] thread:[scheduling-1             ] c.s.testHibernate.logging.LoggingAspect.logExecution@33:
   Exiting com.saber.testHibernate.service.PriceSimulatorService.generatePrice | executionTime=2 ms 
2026-05-12T20:09:52.162 [INFO] requestId:[                                    ] thread:[scheduling-1             ] c.s.testHibernate.logging.LoggingAspect.logExecution@28:
   Entering com.saber.testHibernate.service.PriceSimulatorService.generatePrice with args=[] 
2026-05-12T20:09:52.165 [INFO] requestId:[                                    ] thread:[scheduling-1             ] c.s.t.service.PriceSimulatorService.generatePrice@55:
   Price event sent | symbol=GOOG price=168.3601 topic=prices 
2026-05-12T20:09:52.165 [INFO] requestId:[                                    ] thread:[scheduling-1             ] c.s.testHibernate.logging.LoggingAspect.logExecution@33:
   Exiting com.saber.testHibernate.service.PriceSimulatorService.generatePrice | executionTime=3 ms 
2026-05-12T20:10:52.159 [INFO] requestId:[                                    ] thread:[scheduling-1             ] c.s.testHibernate.logging.LoggingAspect.logExecution@28:
   Entering com.saber.testHibernate.service.PriceSimulatorService.generatePrice with args=[] 
2026-05-12T20:10:52.161 [INFO] requestId:[                                    ] thread:[scheduling-1             ] c.s.t.service.PriceSimulatorService.generatePrice@55:
   Price event sent | symbol=GOOG price=179.2831 topic=prices 
2026-05-12T20:10:52.161 [INFO] requestId:[                                    ] thread:[scheduling-1             ] c.s.testHibernate.logging.LoggingAspect.logExecution@33:
   Exiting com.saber.testHibernate.service.PriceSimulatorService.generatePrice | executionTime=2 ms 
2026-05-12T20:11:52.161 [INFO] requestId:[                                    ] thread:[scheduling-1             ] c.s.testHibernate.logging.LoggingAspect.logExecution@28:
   Entering com.saber.testHibernate.service.PriceSimulatorService.generatePrice with args=[] 
2026-05-12T20:11:52.163 [INFO] requestId:[                                    ] thread:[scheduling-1             ] c.s.t.service.PriceSimulatorService.generatePrice@55:
   Price event sent | symbol=GOOG price=167.8722 topic=prices 
2026-05-12T20:11:52.163 [INFO] requestId:[                                    ] thread:[scheduling-1             ] c.s.testHibernate.logging.LoggingAspect.logExecution@33:
   Exiting com.saber.testHibernate.service.PriceSimulatorService.generatePrice | executionTime=2 ms 
2026-05-12T20:12:52.158 [INFO] requestId:[                                    ] thread:[scheduling-1             ] c.s.testHibernate.logging.LoggingAspect.logExecution@28:
   Entering com.saber.testHibernate.service.PriceSimulatorService.generatePrice with args=[] 
2026-05-12T20:12:52.159 [INFO] requestId:[                                    ] thread:[scheduling-1             ] c.s.t.service.PriceSimulatorService.generatePrice@55:
   Price event sent | symbol=BTC price=33980.7164 topic=prices 
2026-05-12T20:12:52.159 [INFO] requestId:[                                    ] thread:[scheduling-1             ] c.s.testHibernate.logging.LoggingAspect.logExecution@33:
   Exiting com.saber.testHibernate.service.PriceSimulatorService.generatePrice | executionTime=1 ms 
2026-05-12T20:13:52.169 [INFO] requestId:[                                    ] thread:[scheduling-1             ] c.s.testHibernate.logging.LoggingAspect.logExecution@28:
   Entering com.saber.testHibernate.service.PriceSimulatorService.generatePrice with args=[] 
2026-05-12T20:13:52.172 [INFO] requestId:[                                    ] thread:[scheduling-1             ] c.s.t.service.PriceSimulatorService.generatePrice@55:
   Price event sent | symbol=AAPL price=196.6672 topic=prices 
2026-05-12T20:13:52.172 [INFO] requestId:[                                    ] thread:[scheduling-1             ] c.s.testHibernate.logging.LoggingAspect.logExecution@33:
   Exiting com.saber.testHibernate.service.PriceSimulatorService.generatePrice | executionTime=3 ms 
2026-05-12T20:14:52.175 [INFO] requestId:[                                    ] thread:[scheduling-1             ] c.s.testHibernate.logging.LoggingAspect.logExecution@28:
   Entering com.saber.testHibernate.service.PriceSimulatorService.generatePrice with args=[] 
2026-05-12T20:14:52.176 [INFO] requestId:[                                    ] thread:[scheduling-1             ] c.s.t.service.PriceSimulatorService.generatePrice@55:
   Price event sent | symbol=GOOG price=153.3026 topic=prices 
2026-05-12T20:14:52.176 [INFO] requestId:[                                    ] thread:[scheduling-1             ] c.s.testHibernate.logging.LoggingAspect.logExecution@33:
   Exiting com.saber.testHibernate.service.PriceSimulatorService.generatePrice | executionTime=1 ms 
2026-05-12T20:15:52.176 [INFO] requestId:[                                    ] thread:[scheduling-1             ] c.s.testHibernate.logging.LoggingAspect.logExecution@28:
   Entering com.saber.testHibernate.service.PriceSimulatorService.generatePrice with args=[] 
2026-05-12T20:15:52.178 [INFO] requestId:[                                    ] thread:[scheduling-1             ] c.s.t.service.PriceSimulatorService.generatePrice@55:
   Price event sent | symbol=AAPL price=206.6398 topic=prices 
2026-05-12T20:15:52.180 [INFO] requestId:[                                    ] thread:[scheduling-1             ] c.s.testHibernate.logging.LoggingAspect.logExecution@33:
   Exiting com.saber.testHibernate.service.PriceSimulatorService.generatePrice | executionTime=4 ms 
2026-05-12T20:16:52.171 [INFO] requestId:[                                    ] thread:[scheduling-1             ] c.s.testHibernate.logging.LoggingAspect.logExecution@28:
   Entering com.saber.testHibernate.service.PriceSimulatorService.generatePrice with args=[] 
2026-05-12T20:16:52.173 [INFO] requestId:[                                    ] thread:[scheduling-1             ] c.s.t.service.PriceSimulatorService.generatePrice@55:
   Price event sent | symbol=ETH price=3365.2453 topic=prices 
2026-05-12T20:16:52.174 [INFO] requestId:[                                    ] thread:[scheduling-1             ] c.s.testHibernate.logging.LoggingAspect.logExecution@33:
   Exiting com.saber.testHibernate.service.PriceSimulatorService.generatePrice | executionTime=3 ms 
2026-05-12T20:17:52.171 [INFO] requestId:[                                    ] thread:[scheduling-1             ] c.s.testHibernate.logging.LoggingAspect.logExecution@28:
   Entering com.saber.testHibernate.service.PriceSimulatorService.generatePrice with args=[] 
2026-05-12T20:17:52.173 [INFO] requestId:[                                    ] thread:[scheduling-1             ] c.s.t.service.PriceSimulatorService.generatePrice@55:
   Price event sent | symbol=AAPL price=212.2895 topic=prices 
2026-05-12T20:17:52.174 [INFO] requestId:[                                    ] thread:[scheduling-1             ] c.s.testHibernate.logging.LoggingAspect.logExecution@33:
   Exiting com.saber.testHibernate.service.PriceSimulatorService.generatePrice | executionTime=3 ms 
2026-05-12T20:18:52.167 [INFO] requestId:[                                    ] thread:[scheduling-1             ] c.s.testHibernate.logging.LoggingAspect.logExecution@28:
   Entering com.saber.testHibernate.service.PriceSimulatorService.generatePrice with args=[] 
2026-05-12T20:18:52.171 [INFO] requestId:[                                    ] thread:[scheduling-1             ] c.s.t.service.PriceSimulatorService.generatePrice@55:
   Price event sent | symbol=ETH price=3158.3220 topic=prices 
2026-05-12T20:18:52.171 [INFO] requestId:[                                    ] thread:[scheduling-1             ] c.s.testHibernate.logging.LoggingAspect.logExecution@33:
   Exiting com.saber.testHibernate.service.PriceSimulatorService.generatePrice | executionTime=4 ms 
2026-05-12T20:19:52.167 [INFO] requestId:[                                    ] thread:[scheduling-1             ] c.s.testHibernate.logging.LoggingAspect.logExecution@28:
   Entering com.saber.testHibernate.service.PriceSimulatorService.generatePrice with args=[] 
2026-05-12T20:19:52.169 [INFO] requestId:[                                    ] thread:[scheduling-1             ] c.s.t.service.PriceSimulatorService.generatePrice@55:
   Price event sent | symbol=GOOG price=166.5087 topic=prices 
2026-05-12T20:19:52.170 [INFO] requestId:[                                    ] thread:[scheduling-1             ] c.s.testHibernate.logging.LoggingAspect.logExecution@33:
   Exiting com.saber.testHibernate.service.PriceSimulatorService.generatePrice | executionTime=3 ms 
2026-05-12T20:20:52.173 [INFO] requestId:[                                    ] thread:[scheduling-1             ] c.s.testHibernate.logging.LoggingAspect.logExecution@28:
   Entering com.saber.testHibernate.service.PriceSimulatorService.generatePrice with args=[] 
2026-05-12T20:20:52.178 [INFO] requestId:[                                    ] thread:[scheduling-1             ] c.s.t.service.PriceSimulatorService.generatePrice@55:
   Price event sent | symbol=GOOG price=150.9200 topic=prices 
2026-05-12T20:20:52.178 [INFO] requestId:[                                    ] thread:[scheduling-1             ] c.s.testHibernate.logging.LoggingAspect.logExecution@33:
   Exiting com.saber.testHibernate.service.PriceSimulatorService.generatePrice | executionTime=5 ms 
2026-05-12T20:21:52.180 [INFO] requestId:[                                    ] thread:[scheduling-1             ] c.s.testHibernate.logging.LoggingAspect.logExecution@28:
   Entering com.saber.testHibernate.service.PriceSimulatorService.generatePrice with args=[] 
2026-05-12T20:21:52.184 [INFO] requestId:[                                    ] thread:[scheduling-1             ] c.s.t.service.PriceSimulatorService.generatePrice@55:
   Price event sent | symbol=AAPL price=199.1267 topic=prices 
2026-05-12T20:21:52.184 [INFO] requestId:[                                    ] thread:[scheduling-1             ] c.s.testHibernate.logging.LoggingAspect.logExecution@33:
   Exiting com.saber.testHibernate.service.PriceSimulatorService.generatePrice | executionTime=4 ms 
2026-05-12T20:22:52.181 [INFO] requestId:[                                    ] thread:[scheduling-1             ] c.s.testHibernate.logging.LoggingAspect.logExecution@28:
   Entering com.saber.testHibernate.service.PriceSimulatorService.generatePrice with args=[] 
2026-05-12T20:22:52.182 [INFO] requestId:[                                    ] thread:[scheduling-1             ] c.s.t.service.PriceSimulatorService.generatePrice@55:
   Price event sent | symbol=GOOG price=138.0291 topic=prices 
2026-05-12T20:22:52.183 [INFO] requestId:[                                    ] thread:[scheduling-1             ] c.s.testHibernate.logging.LoggingAspect.logExecution@33:
   Exiting com.saber.testHibernate.service.PriceSimulatorService.generatePrice | executionTime=2 ms 
2026-05-12T20:23:52.177 [INFO] requestId:[                                    ] thread:[scheduling-1             ] c.s.testHibernate.logging.LoggingAspect.logExecution@28:
   Entering com.saber.testHibernate.service.PriceSimulatorService.generatePrice with args=[] 
2026-05-12T20:23:52.180 [INFO] requestId:[                                    ] thread:[scheduling-1             ] c.s.t.service.PriceSimulatorService.generatePrice@55:
   Price event sent | symbol=AAPL price=196.3682 topic=prices 
2026-05-12T20:23:52.181 [INFO] requestId:[                                    ] thread:[scheduling-1             ] c.s.testHibernate.logging.LoggingAspect.logExecution@33:
   Exiting com.saber.testHibernate.service.PriceSimulatorService.generatePrice | executionTime=4 ms 
2026-05-12T20:24:52.183 [INFO] requestId:[                                    ] thread:[scheduling-1             ] c.s.testHibernate.logging.LoggingAspect.logExecution@28:
   Entering com.saber.testHibernate.service.PriceSimulatorService.generatePrice with args=[] 
2026-05-12T20:24:52.187 [INFO] requestId:[                                    ] thread:[scheduling-1             ] c.s.t.service.PriceSimulatorService.generatePrice@55:
   Price event sent | symbol=AAPL price=192.2431 topic=prices 
2026-05-12T20:24:52.187 [INFO] requestId:[                                    ] thread:[scheduling-1             ] c.s.testHibernate.logging.LoggingAspect.logExecution@33:
   Exiting com.saber.testHibernate.service.PriceSimulatorService.generatePrice | executionTime=4 ms 
2026-05-12T20:25:52.183 [INFO] requestId:[                                    ] thread:[scheduling-1             ] c.s.testHibernate.logging.LoggingAspect.logExecution@28:
   Entering com.saber.testHibernate.service.PriceSimulatorService.generatePrice with args=[] 
2026-05-12T20:25:52.186 [INFO] requestId:[                                    ] thread:[scheduling-1             ] c.s.t.service.PriceSimulatorService.generatePrice@55:
   Price event sent | symbol=ETH price=3455.9134 topic=prices 
2026-05-12T20:25:52.188 [INFO] requestId:[                                    ] thread:[scheduling-1             ] c.s.testHibernate.logging.LoggingAspect.logExecution@33:
   Exiting com.saber.testHibernate.service.PriceSimulatorService.generatePrice | executionTime=5 ms 
2026-05-12T20:26:52.179 [INFO] requestId:[                                    ] thread:[scheduling-1             ] c.s.testHibernate.logging.LoggingAspect.logExecution@28:
   Entering com.saber.testHibernate.service.PriceSimulatorService.generatePrice with args=[] 
2026-05-12T20:26:52.182 [INFO] requestId:[                                    ] thread:[scheduling-1             ] c.s.t.service.PriceSimulatorService.generatePrice@55:
   Price event sent | symbol=BTC price=30807.6033 topic=prices 
2026-05-12T20:26:52.182 [INFO] requestId:[                                    ] thread:[scheduling-1             ] c.s.testHibernate.logging.LoggingAspect.logExecution@33:
   Exiting com.saber.testHibernate.service.PriceSimulatorService.generatePrice | executionTime=3 ms 
2026-05-12T20:27:52.183 [INFO] requestId:[                                    ] thread:[scheduling-1             ] c.s.testHibernate.logging.LoggingAspect.logExecution@28:
   Entering com.saber.testHibernate.service.PriceSimulatorService.generatePrice with args=[] 
2026-05-12T20:27:52.185 [INFO] requestId:[                                    ] thread:[scheduling-1             ] c.s.t.service.PriceSimulatorService.generatePrice@55:
   Price event sent | symbol=ETH price=3662.1897 topic=prices 
2026-05-12T20:27:52.186 [INFO] requestId:[                                    ] thread:[scheduling-1             ] c.s.testHibernate.logging.LoggingAspect.logExecution@33:
   Exiting com.saber.testHibernate.service.PriceSimulatorService.generatePrice | executionTime=3 ms 
2026-05-12T20:28:52.175 [INFO] requestId:[                                    ] thread:[scheduling-1             ] c.s.testHibernate.logging.LoggingAspect.logExecution@28:
   Entering com.saber.testHibernate.service.PriceSimulatorService.generatePrice with args=[] 
2026-05-12T20:28:52.178 [INFO] requestId:[                                    ] thread:[scheduling-1             ] c.s.t.service.PriceSimulatorService.generatePrice@55:
   Price event sent | symbol=ETH price=3896.8187 topic=prices 
2026-05-12T20:28:52.179 [INFO] requestId:[                                    ] thread:[scheduling-1             ] c.s.testHibernate.logging.LoggingAspect.logExecution@33:
   Exiting com.saber.testHibernate.service.PriceSimulatorService.generatePrice | executionTime=4 ms 
2026-05-12T20:29:52.182 [INFO] requestId:[                                    ] thread:[scheduling-1             ] c.s.testHibernate.logging.LoggingAspect.logExecution@28:
   Entering com.saber.testHibernate.service.PriceSimulatorService.generatePrice with args=[] 
2026-05-12T20:29:52.186 [INFO] requestId:[                                    ] thread:[scheduling-1             ] c.s.t.service.PriceSimulatorService.generatePrice@55:
   Price event sent | symbol=ETH price=3768.5900 topic=prices 
2026-05-12T20:29:52.186 [INFO] requestId:[                                    ] thread:[scheduling-1             ] c.s.testHibernate.logging.LoggingAspect.logExecution@33:
   Exiting com.saber.testHibernate.service.PriceSimulatorService.generatePrice | executionTime=4 ms 
2026-05-12T20:30:52.180 [INFO] requestId:[                                    ] thread:[scheduling-1             ] c.s.testHibernate.logging.LoggingAspect.logExecution@28:
   Entering com.saber.testHibernate.service.PriceSimulatorService.generatePrice with args=[] 
2026-05-12T20:30:52.190 [INFO] requestId:[                                    ] thread:[scheduling-1             ] c.s.t.service.PriceSimulatorService.generatePrice@55:
   Price event sent | symbol=AAPL price=199.6230 topic=prices 
2026-05-12T20:30:52.190 [INFO] requestId:[                                    ] thread:[scheduling-1             ] c.s.testHibernate.logging.LoggingAspect.logExecution@33:
   Exiting com.saber.testHibernate.service.PriceSimulatorService.generatePrice | executionTime=10 ms 
2026-05-12T20:31:52.185 [INFO] requestId:[                                    ] thread:[scheduling-1             ] c.s.testHibernate.logging.LoggingAspect.logExecution@28:
   Entering com.saber.testHibernate.service.PriceSimulatorService.generatePrice with args=[] 
2026-05-12T20:31:52.188 [INFO] requestId:[                                    ] thread:[scheduling-1             ] c.s.t.service.PriceSimulatorService.generatePrice@55:
   Price event sent | symbol=BTC price=33749.8715 topic=prices 
2026-05-12T20:31:52.188 [INFO] requestId:[                                    ] thread:[scheduling-1             ] c.s.testHibernate.logging.LoggingAspect.logExecution@33:
   Exiting com.saber.testHibernate.service.PriceSimulatorService.generatePrice | executionTime=3 ms 
2026-05-12T20:32:52.189 [INFO] requestId:[                                    ] thread:[scheduling-1             ] c.s.testHibernate.logging.LoggingAspect.logExecution@28:
   Entering com.saber.testHibernate.service.PriceSimulatorService.generatePrice with args=[] 
2026-05-12T20:32:52.192 [INFO] requestId:[                                    ] thread:[scheduling-1             ] c.s.t.service.PriceSimulatorService.generatePrice@55:
   Price event sent | symbol=ETH price=4123.7152 topic=prices 
2026-05-12T20:32:52.192 [INFO] requestId:[                                    ] thread:[scheduling-1             ] c.s.testHibernate.logging.LoggingAspect.logExecution@33:
   Exiting com.saber.testHibernate.service.PriceSimulatorService.generatePrice | executionTime=3 ms 
2026-05-12T20:33:52.188 [INFO] requestId:[                                    ] thread:[scheduling-1             ] c.s.testHibernate.logging.LoggingAspect.logExecution@28:
   Entering com.saber.testHibernate.service.PriceSimulatorService.generatePrice with args=[] 
2026-05-12T20:33:52.191 [INFO] requestId:[                                    ] thread:[scheduling-1             ] c.s.t.service.PriceSimulatorService.generatePrice@55:
   Price event sent | symbol=ETH price=4486.0814 topic=prices 
2026-05-12T20:33:52.191 [INFO] requestId:[                                    ] thread:[scheduling-1             ] c.s.testHibernate.logging.LoggingAspect.logExecution@33:
   Exiting com.saber.testHibernate.service.PriceSimulatorService.generatePrice | executionTime=3 ms 
2026-05-12T20:34:52.192 [INFO] requestId:[                                    ] thread:[scheduling-1             ] c.s.testHibernate.logging.LoggingAspect.logExecution@28:
   Entering com.saber.testHibernate.service.PriceSimulatorService.generatePrice with args=[] 
2026-05-12T20:34:52.195 [INFO] requestId:[                                    ] thread:[scheduling-1             ] c.s.t.service.PriceSimulatorService.generatePrice@55:
   Price event sent | symbol=AAPL price=200.4268 topic=prices 
2026-05-12T20:34:52.196 [INFO] requestId:[                                    ] thread:[scheduling-1             ] c.s.testHibernate.logging.LoggingAspect.logExecution@33:
   Exiting com.saber.testHibernate.service.PriceSimulatorService.generatePrice | executionTime=4 ms 
2026-05-12T20:35:52.187 [INFO] requestId:[                                    ] thread:[scheduling-1             ] c.s.testHibernate.logging.LoggingAspect.logExecution@28:
   Entering com.saber.testHibernate.service.PriceSimulatorService.generatePrice with args=[] 
2026-05-12T20:35:52.190 [INFO] requestId:[                                    ] thread:[scheduling-1             ] c.s.t.service.PriceSimulatorService.generatePrice@55:
   Price event sent | symbol=ETH price=4419.1372 topic=prices 
2026-05-12T20:35:52.190 [INFO] requestId:[                                    ] thread:[scheduling-1             ] c.s.testHibernate.logging.LoggingAspect.logExecution@33:
   Exiting com.saber.testHibernate.service.PriceSimulatorService.generatePrice | executionTime=3 ms 
2026-05-12T20:36:52.184 [INFO] requestId:[                                    ] thread:[scheduling-1             ] c.s.testHibernate.logging.LoggingAspect.logExecution@28:
   Entering com.saber.testHibernate.service.PriceSimulatorService.generatePrice with args=[] 
2026-05-12T20:36:52.186 [INFO] requestId:[                                    ] thread:[scheduling-1             ] c.s.t.service.PriceSimulatorService.generatePrice@55:
   Price event sent | symbol=BTC price=36671.4357 topic=prices 
2026-05-12T20:36:52.187 [INFO] requestId:[                                    ] thread:[scheduling-1             ] c.s.testHibernate.logging.LoggingAspect.logExecution@33:
   Exiting com.saber.testHibernate.service.PriceSimulatorService.generatePrice | executionTime=3 ms 
2026-05-12T20:37:52.185 [INFO] requestId:[                                    ] thread:[scheduling-1             ] c.s.testHibernate.logging.LoggingAspect.logExecution@28:
   Entering com.saber.testHibernate.service.PriceSimulatorService.generatePrice with args=[] 
2026-05-12T20:37:52.188 [INFO] requestId:[                                    ] thread:[scheduling-1             ] c.s.t.service.PriceSimulatorService.generatePrice@55:
   Price event sent | symbol=AAPL price=184.4925 topic=prices 
2026-05-12T20:37:52.189 [INFO] requestId:[                                    ] thread:[scheduling-1             ] c.s.testHibernate.logging.LoggingAspect.logExecution@33:
   Exiting com.saber.testHibernate.service.PriceSimulatorService.generatePrice | executionTime=4 ms 
2026-05-12T20:38:52.199 [INFO] requestId:[                                    ] thread:[scheduling-1             ] c.s.testHibernate.logging.LoggingAspect.logExecution@28:
   Entering com.saber.testHibernate.service.PriceSimulatorService.generatePrice with args=[] 
2026-05-12T20:38:52.201 [INFO] requestId:[                                    ] thread:[scheduling-1             ] c.s.t.service.PriceSimulatorService.generatePrice@55:
   Price event sent | symbol=ETH price=4016.6483 topic=prices 
2026-05-12T20:38:52.201 [INFO] requestId:[                                    ] thread:[scheduling-1             ] c.s.testHibernate.logging.LoggingAspect.logExecution@33:
   Exiting com.saber.testHibernate.service.PriceSimulatorService.generatePrice | executionTime=2 ms 
2026-05-12T20:39:52.194 [INFO] requestId:[                                    ] thread:[scheduling-1             ] c.s.testHibernate.logging.LoggingAspect.logExecution@28:
   Entering com.saber.testHibernate.service.PriceSimulatorService.generatePrice with args=[] 
2026-05-12T20:39:52.198 [INFO] requestId:[                                    ] thread:[scheduling-1             ] c.s.t.service.PriceSimulatorService.generatePrice@55:
   Price event sent | symbol=GOOG price=135.4860 topic=prices 
2026-05-12T20:39:52.198 [INFO] requestId:[                                    ] thread:[scheduling-1             ] c.s.testHibernate.logging.LoggingAspect.logExecution@33:
   Exiting com.saber.testHibernate.service.PriceSimulatorService.generatePrice | executionTime=4 ms 
2026-05-12T20:40:52.198 [INFO] requestId:[                                    ] thread:[scheduling-1             ] c.s.testHibernate.logging.LoggingAspect.logExecution@28:
   Entering com.saber.testHibernate.service.PriceSimulatorService.generatePrice with args=[] 
2026-05-12T20:40:52.201 [INFO] requestId:[                                    ] thread:[scheduling-1             ] c.s.t.service.PriceSimulatorService.generatePrice@55:
   Price event sent | symbol=ETH price=4307.7097 topic=prices 
2026-05-12T20:40:52.201 [INFO] requestId:[                                    ] thread:[scheduling-1             ] c.s.testHibernate.logging.LoggingAspect.logExecution@33:
   Exiting com.saber.testHibernate.service.PriceSimulatorService.generatePrice | executionTime=3 ms 
2026-05-12T20:41:52.198 [INFO] requestId:[                                    ] thread:[scheduling-1             ] c.s.testHibernate.logging.LoggingAspect.logExecution@28:
   Entering com.saber.testHibernate.service.PriceSimulatorService.generatePrice with args=[] 
2026-05-12T20:41:52.203 [INFO] requestId:[                                    ] thread:[scheduling-1             ] c.s.t.service.PriceSimulatorService.generatePrice@55:
   Price event sent | symbol=AAPL price=201.2944 topic=prices 
2026-05-12T20:41:52.203 [INFO] requestId:[                                    ] thread:[scheduling-1             ] c.s.testHibernate.logging.LoggingAspect.logExecution@33:
   Exiting com.saber.testHibernate.service.PriceSimulatorService.generatePrice | executionTime=5 ms 
2026-05-12T20:42:52.192 [INFO] requestId:[                                    ] thread:[scheduling-1             ] c.s.testHibernate.logging.LoggingAspect.logExecution@28:
   Entering com.saber.testHibernate.service.PriceSimulatorService.generatePrice with args=[] 
2026-05-12T20:42:52.194 [INFO] requestId:[                                    ] thread:[scheduling-1             ] c.s.t.service.PriceSimulatorService.generatePrice@55:
   Price event sent | symbol=GOOG price=140.6310 topic=prices 
2026-05-12T20:42:52.194 [INFO] requestId:[                                    ] thread:[scheduling-1             ] c.s.testHibernate.logging.LoggingAspect.logExecution@33:
   Exiting com.saber.testHibernate.service.PriceSimulatorService.generatePrice | executionTime=2 ms 
2026-05-12T20:43:52.191 [INFO] requestId:[                                    ] thread:[scheduling-1             ] c.s.testHibernate.logging.LoggingAspect.logExecution@28:
   Entering com.saber.testHibernate.service.PriceSimulatorService.generatePrice with args=[] 
2026-05-12T20:43:52.193 [INFO] requestId:[                                    ] thread:[scheduling-1             ] c.s.t.service.PriceSimulatorService.generatePrice@55:
   Price event sent | symbol=BTC price=35208.7873 topic=prices 
2026-05-12T20:43:52.193 [INFO] requestId:[                                    ] thread:[scheduling-1             ] c.s.testHibernate.logging.LoggingAspect.logExecution@33:
   Exiting com.saber.testHibernate.service.PriceSimulatorService.generatePrice | executionTime=2 ms 
2026-05-12T20:44:52.196 [INFO] requestId:[                                    ] thread:[scheduling-1             ] c.s.testHibernate.logging.LoggingAspect.logExecution@28:
   Entering com.saber.testHibernate.service.PriceSimulatorService.generatePrice with args=[] 
2026-05-12T20:44:52.199 [INFO] requestId:[                                    ] thread:[scheduling-1             ] c.s.t.service.PriceSimulatorService.generatePrice@55:
   Price event sent | symbol=ETH price=4519.9941 topic=prices 
2026-05-12T20:44:52.200 [INFO] requestId:[                                    ] thread:[scheduling-1             ] c.s.testHibernate.logging.LoggingAspect.logExecution@33:
   Exiting com.saber.testHibernate.service.PriceSimulatorService.generatePrice | executionTime=4 ms 
2026-05-12T20:45:52.204 [INFO] requestId:[                                    ] thread:[scheduling-1             ] c.s.testHibernate.logging.LoggingAspect.logExecution@28:
   Entering com.saber.testHibernate.service.PriceSimulatorService.generatePrice with args=[] 
2026-05-12T20:45:52.210 [INFO] requestId:[                                    ] thread:[scheduling-1             ] c.s.t.service.PriceSimulatorService.generatePrice@55:
   Price event sent | symbol=AAPL price=194.5629 topic=prices 
2026-05-12T20:45:52.211 [INFO] requestId:[                                    ] thread:[scheduling-1             ] c.s.testHibernate.logging.LoggingAspect.logExecution@33:
   Exiting com.saber.testHibernate.service.PriceSimulatorService.generatePrice | executionTime=7 ms 
2026-05-12T20:46:52.202 [INFO] requestId:[                                    ] thread:[scheduling-1             ] c.s.testHibernate.logging.LoggingAspect.logExecution@28:
   Entering com.saber.testHibernate.service.PriceSimulatorService.generatePrice with args=[] 
2026-05-12T20:46:52.205 [INFO] requestId:[                                    ] thread:[scheduling-1             ] c.s.t.service.PriceSimulatorService.generatePrice@55:
   Price event sent | symbol=GOOG price=139.2518 topic=prices 
2026-05-12T20:46:52.206 [INFO] requestId:[                                    ] thread:[scheduling-1             ] c.s.testHibernate.logging.LoggingAspect.logExecution@33:
   Exiting com.saber.testHibernate.service.PriceSimulatorService.generatePrice | executionTime=4 ms 
2026-05-12T20:47:52.208 [INFO] requestId:[                                    ] thread:[scheduling-1             ] c.s.testHibernate.logging.LoggingAspect.logExecution@28:
   Entering com.saber.testHibernate.service.PriceSimulatorService.generatePrice with args=[] 
2026-05-12T20:47:52.211 [INFO] requestId:[                                    ] thread:[scheduling-1             ] c.s.t.service.PriceSimulatorService.generatePrice@55:
   Price event sent | symbol=ETH price=4916.3348 topic=prices 
2026-05-12T20:47:52.212 [INFO] requestId:[                                    ] thread:[scheduling-1             ] c.s.testHibernate.logging.LoggingAspect.logExecution@33:
   Exiting com.saber.testHibernate.service.PriceSimulatorService.generatePrice | executionTime=4 ms 
2026-05-12T20:48:52.204 [INFO] requestId:[                                    ] thread:[scheduling-1             ] c.s.testHibernate.logging.LoggingAspect.logExecution@28:
   Entering com.saber.testHibernate.service.PriceSimulatorService.generatePrice with args=[] 
2026-05-12T20:48:52.207 [INFO] requestId:[                                    ] thread:[scheduling-1             ] c.s.t.service.PriceSimulatorService.generatePrice@55:
   Price event sent | symbol=BTC price=33438.5763 topic=prices 
2026-05-12T20:48:52.207 [INFO] requestId:[                                    ] thread:[scheduling-1             ] c.s.testHibernate.logging.LoggingAspect.logExecution@33:
   Exiting com.saber.testHibernate.service.PriceSimulatorService.generatePrice | executionTime=3 ms 
2026-05-12T20:49:52.208 [INFO] requestId:[                                    ] thread:[scheduling-1             ] c.s.testHibernate.logging.LoggingAspect.logExecution@28:
   Entering com.saber.testHibernate.service.PriceSimulatorService.generatePrice with args=[] 
2026-05-12T20:49:52.211 [INFO] requestId:[                                    ] thread:[scheduling-1             ] c.s.t.service.PriceSimulatorService.generatePrice@55:
   Price event sent | symbol=BTC price=35117.1735 topic=prices 
2026-05-12T20:49:52.211 [INFO] requestId:[                                    ] thread:[scheduling-1             ] c.s.testHibernate.logging.LoggingAspect.logExecution@33:
   Exiting com.saber.testHibernate.service.PriceSimulatorService.generatePrice | executionTime=3 ms 
2026-05-12T20:50:52.197 [INFO] requestId:[                                    ] thread:[scheduling-1             ] c.s.testHibernate.logging.LoggingAspect.logExecution@28:
   Entering com.saber.testHibernate.service.PriceSimulatorService.generatePrice with args=[] 
2026-05-12T20:50:52.200 [INFO] requestId:[                                    ] thread:[scheduling-1             ] c.s.t.service.PriceSimulatorService.generatePrice@55:
   Price event sent | symbol=BTC price=32551.2875 topic=prices 
2026-05-12T20:50:52.202 [INFO] requestId:[                                    ] thread:[scheduling-1             ] c.s.testHibernate.logging.LoggingAspect.logExecution@33:
   Exiting com.saber.testHibernate.service.PriceSimulatorService.generatePrice | executionTime=5 ms 
2026-05-12T20:51:52.205 [INFO] requestId:[                                    ] thread:[scheduling-1             ] c.s.testHibernate.logging.LoggingAspect.logExecution@28:
   Entering com.saber.testHibernate.service.PriceSimulatorService.generatePrice with args=[] 
2026-05-12T20:51:52.206 [INFO] requestId:[                                    ] thread:[scheduling-1             ] c.s.t.service.PriceSimulatorService.generatePrice@55:
   Price event sent | symbol=ETH price=4658.7140 topic=prices 
2026-05-12T20:51:52.207 [INFO] requestId:[                                    ] thread:[scheduling-1             ] c.s.testHibernate.logging.LoggingAspect.logExecution@33:
   Exiting com.saber.testHibernate.service.PriceSimulatorService.generatePrice | executionTime=2 ms 
2026-05-12T20:52:52.201 [INFO] requestId:[                                    ] thread:[scheduling-1             ] c.s.testHibernate.logging.LoggingAspect.logExecution@28:
   Entering com.saber.testHibernate.service.PriceSimulatorService.generatePrice with args=[] 
2026-05-12T20:52:52.204 [INFO] requestId:[                                    ] thread:[scheduling-1             ] c.s.t.service.PriceSimulatorService.generatePrice@55:
   Price event sent | symbol=ETH price=4480.2581 topic=prices 
2026-05-12T20:52:52.206 [INFO] requestId:[                                    ] thread:[scheduling-1             ] c.s.testHibernate.logging.LoggingAspect.logExecution@33:
   Exiting com.saber.testHibernate.service.PriceSimulatorService.generatePrice | executionTime=5 ms 
2026-05-12T20:53:52.203 [INFO] requestId:[                                    ] thread:[scheduling-1             ] c.s.testHibernate.logging.LoggingAspect.logExecution@28:
   Entering com.saber.testHibernate.service.PriceSimulatorService.generatePrice with args=[] 
2026-05-12T20:53:52.207 [INFO] requestId:[                                    ] thread:[scheduling-1             ] c.s.t.service.PriceSimulatorService.generatePrice@55:
   Price event sent | symbol=BTC price=34419.4735 topic=prices 
2026-05-12T20:53:52.209 [INFO] requestId:[                                    ] thread:[scheduling-1             ] c.s.testHibernate.logging.LoggingAspect.logExecution@33:
   Exiting com.saber.testHibernate.service.PriceSimulatorService.generatePrice | executionTime=6 ms 
2026-05-12T20:54:52.210 [INFO] requestId:[                                    ] thread:[scheduling-1             ] c.s.testHibernate.logging.LoggingAspect.logExecution@28:
   Entering com.saber.testHibernate.service.PriceSimulatorService.generatePrice with args=[] 
2026-05-12T20:54:52.212 [INFO] requestId:[                                    ] thread:[scheduling-1             ] c.s.t.service.PriceSimulatorService.generatePrice@55:
   Price event sent | symbol=ETH price=4737.5476 topic=prices 
2026-05-12T20:54:52.212 [INFO] requestId:[                                    ] thread:[scheduling-1             ] c.s.testHibernate.logging.LoggingAspect.logExecution@33:
   Exiting com.saber.testHibernate.service.PriceSimulatorService.generatePrice | executionTime=2 ms 
2026-05-12T20:55:52.205 [INFO] requestId:[                                    ] thread:[scheduling-1             ] c.s.testHibernate.logging.LoggingAspect.logExecution@28:
   Entering com.saber.testHibernate.service.PriceSimulatorService.generatePrice with args=[] 
2026-05-12T20:55:52.210 [INFO] requestId:[                                    ] thread:[scheduling-1             ] c.s.t.service.PriceSimulatorService.generatePrice@55:
   Price event sent | symbol=BTC price=35401.7897 topic=prices 
2026-05-12T20:55:52.210 [INFO] requestId:[                                    ] thread:[scheduling-1             ] c.s.testHibernate.logging.LoggingAspect.logExecution@33:
   Exiting com.saber.testHibernate.service.PriceSimulatorService.generatePrice | executionTime=5 ms 
2026-05-12T20:56:52.212 [INFO] requestId:[                                    ] thread:[scheduling-1             ] c.s.testHibernate.logging.LoggingAspect.logExecution@28:
   Entering com.saber.testHibernate.service.PriceSimulatorService.generatePrice with args=[] 
2026-05-12T20:56:52.213 [INFO] requestId:[                                    ] thread:[scheduling-1             ] c.s.t.service.PriceSimulatorService.generatePrice@55:
   Price event sent | symbol=AAPL price=188.2435 topic=prices 
2026-05-12T20:56:52.215 [INFO] requestId:[                                    ] thread:[scheduling-1             ] c.s.testHibernate.logging.LoggingAspect.logExecution@33:
   Exiting com.saber.testHibernate.service.PriceSimulatorService.generatePrice | executionTime=3 ms 
2026-05-12T20:57:52.210 [INFO] requestId:[                                    ] thread:[scheduling-1             ] c.s.testHibernate.logging.LoggingAspect.logExecution@28:
   Entering com.saber.testHibernate.service.PriceSimulatorService.generatePrice with args=[] 
2026-05-12T20:57:52.212 [INFO] requestId:[                                    ] thread:[scheduling-1             ] c.s.t.service.PriceSimulatorService.generatePrice@55:
   Price event sent | symbol=ETH price=4763.7991 topic=prices 
2026-05-12T20:57:52.213 [INFO] requestId:[                                    ] thread:[scheduling-1             ] c.s.testHibernate.logging.LoggingAspect.logExecution@33:
   Exiting com.saber.testHibernate.service.PriceSimulatorService.generatePrice | executionTime=3 ms 
2026-05-12T20:58:52.213 [INFO] requestId:[                                    ] thread:[scheduling-1             ] c.s.testHibernate.logging.LoggingAspect.logExecution@28:
   Entering com.saber.testHibernate.service.PriceSimulatorService.generatePrice with args=[] 
2026-05-12T20:58:52.216 [INFO] requestId:[                                    ] thread:[scheduling-1             ] c.s.t.service.PriceSimulatorService.generatePrice@55:
   Price event sent | symbol=BTC price=33240.6683 topic=prices 
2026-05-12T20:58:52.216 [INFO] requestId:[                                    ] thread:[scheduling-1             ] c.s.testHibernate.logging.LoggingAspect.logExecution@33:
   Exiting com.saber.testHibernate.service.PriceSimulatorService.generatePrice | executionTime=3 ms 
2026-05-12T20:59:52.218 [INFO] requestId:[                                    ] thread:[scheduling-1             ] c.s.testHibernate.logging.LoggingAspect.logExecution@28:
   Entering com.saber.testHibernate.service.PriceSimulatorService.generatePrice with args=[] 
2026-05-12T20:59:52.220 [INFO] requestId:[                                    ] thread:[scheduling-1             ] c.s.t.service.PriceSimulatorService.generatePrice@55:
   Price event sent | symbol=GOOG price=127.3658 topic=prices 
2026-05-12T20:59:52.220 [INFO] requestId:[                                    ] thread:[scheduling-1             ] c.s.testHibernate.logging.LoggingAspect.logExecution@33:
   Exiting com.saber.testHibernate.service.PriceSimulatorService.generatePrice | executionTime=2 ms 
2026-05-12T21:00:52.212 [INFO] requestId:[                                    ] thread:[scheduling-1             ] c.s.testHibernate.logging.LoggingAspect.logExecution@28:
   Entering com.saber.testHibernate.service.PriceSimulatorService.generatePrice with args=[] 
2026-05-12T21:00:52.213 [INFO] requestId:[                                    ] thread:[scheduling-1             ] c.s.t.service.PriceSimulatorService.generatePrice@55:
   Price event sent | symbol=AAPL price=177.0353 topic=prices 
2026-05-12T21:00:52.214 [INFO] requestId:[                                    ] thread:[scheduling-1             ] c.s.testHibernate.logging.LoggingAspect.logExecution@33:
   Exiting com.saber.testHibernate.service.PriceSimulatorService.generatePrice | executionTime=2 ms 
2026-05-12T21:01:52.213 [INFO] requestId:[                                    ] thread:[scheduling-1             ] c.s.testHibernate.logging.LoggingAspect.logExecution@28:
   Entering com.saber.testHibernate.service.PriceSimulatorService.generatePrice with args=[] 
2026-05-12T21:01:52.215 [INFO] requestId:[                                    ] thread:[scheduling-1             ] c.s.t.service.PriceSimulatorService.generatePrice@55:
   Price event sent | symbol=GOOG price=136.1312 topic=prices 
2026-05-12T21:01:52.216 [INFO] requestId:[                                    ] thread:[scheduling-1             ] c.s.testHibernate.logging.LoggingAspect.logExecution@33:
   Exiting com.saber.testHibernate.service.PriceSimulatorService.generatePrice | executionTime=3 ms 
2026-05-12T21:02:52.211 [INFO] requestId:[                                    ] thread:[scheduling-1             ] c.s.testHibernate.logging.LoggingAspect.logExecution@28:
   Entering com.saber.testHibernate.service.PriceSimulatorService.generatePrice with args=[] 
2026-05-12T21:02:52.214 [INFO] requestId:[                                    ] thread:[scheduling-1             ] c.s.t.service.PriceSimulatorService.generatePrice@55:
   Price event sent | symbol=BTC price=32218.7313 topic=prices 
2026-05-12T21:02:52.214 [INFO] requestId:[                                    ] thread:[scheduling-1             ] c.s.testHibernate.logging.LoggingAspect.logExecution@33:
   Exiting com.saber.testHibernate.service.PriceSimulatorService.generatePrice | executionTime=3 ms 
2026-05-12T21:03:52.215 [INFO] requestId:[                                    ] thread:[scheduling-1             ] c.s.testHibernate.logging.LoggingAspect.logExecution@28:
   Entering com.saber.testHibernate.service.PriceSimulatorService.generatePrice with args=[] 
2026-05-12T21:03:52.217 [INFO] requestId:[                                    ] thread:[scheduling-1             ] c.s.t.service.PriceSimulatorService.generatePrice@55:
   Price event sent | symbol=ETH price=4665.6638 topic=prices 
2026-05-12T21:03:52.217 [INFO] requestId:[                                    ] thread:[scheduling-1             ] c.s.testHibernate.logging.LoggingAspect.logExecution@33:
   Exiting com.saber.testHibernate.service.PriceSimulatorService.generatePrice | executionTime=2 ms 
2026-05-12T21:04:52.219 [INFO] requestId:[                                    ] thread:[scheduling-1             ] c.s.testHibernate.logging.LoggingAspect.logExecution@28:
   Entering com.saber.testHibernate.service.PriceSimulatorService.generatePrice with args=[] 
2026-05-12T21:04:52.223 [INFO] requestId:[                                    ] thread:[scheduling-1             ] c.s.t.service.PriceSimulatorService.generatePrice@55:
   Price event sent | symbol=GOOG price=130.0581 topic=prices 
2026-05-12T21:04:52.224 [INFO] requestId:[                                    ] thread:[scheduling-1             ] c.s.testHibernate.logging.LoggingAspect.logExecution@33:
   Exiting com.saber.testHibernate.service.PriceSimulatorService.generatePrice | executionTime=5 ms 
2026-05-12T21:05:52.226 [INFO] requestId:[                                    ] thread:[scheduling-1             ] c.s.testHibernate.logging.LoggingAspect.logExecution@28:
   Entering com.saber.testHibernate.service.PriceSimulatorService.generatePrice with args=[] 
2026-05-12T21:05:52.228 [INFO] requestId:[                                    ] thread:[scheduling-1             ] c.s.t.service.PriceSimulatorService.generatePrice@55:
   Price event sent | symbol=BTC price=30945.8747 topic=prices 
2026-05-12T21:05:52.229 [INFO] requestId:[                                    ] thread:[scheduling-1             ] c.s.testHibernate.logging.LoggingAspect.logExecution@33:
   Exiting com.saber.testHibernate.service.PriceSimulatorService.generatePrice | executionTime=2 ms 
2026-05-12T21:06:52.216 [INFO] requestId:[                                    ] thread:[scheduling-1             ] c.s.testHibernate.logging.LoggingAspect.logExecution@28:
   Entering com.saber.testHibernate.service.PriceSimulatorService.generatePrice with args=[] 
2026-05-12T21:06:52.218 [INFO] requestId:[                                    ] thread:[scheduling-1             ] c.s.t.service.PriceSimulatorService.generatePrice@55:
   Price event sent | symbol=BTC price=30131.6050 topic=prices 
2026-05-12T21:06:52.219 [INFO] requestId:[                                    ] thread:[scheduling-1             ] c.s.testHibernate.logging.LoggingAspect.logExecution@33:
   Exiting com.saber.testHibernate.service.PriceSimulatorService.generatePrice | executionTime=3 ms 
2026-05-12T21:07:52.223 [INFO] requestId:[                                    ] thread:[scheduling-1             ] c.s.testHibernate.logging.LoggingAspect.logExecution@28:
   Entering com.saber.testHibernate.service.PriceSimulatorService.generatePrice with args=[] 
2026-05-12T21:07:52.226 [INFO] requestId:[                                    ] thread:[scheduling-1             ] c.s.t.service.PriceSimulatorService.generatePrice@55:
   Price event sent | symbol=AAPL price=171.4955 topic=prices 
2026-05-12T21:07:52.226 [INFO] requestId:[                                    ] thread:[scheduling-1             ] c.s.testHibernate.logging.LoggingAspect.logExecution@33:
   Exiting com.saber.testHibernate.service.PriceSimulatorService.generatePrice | executionTime=3 ms 
2026-05-12T21:08:52.225 [INFO] requestId:[                                    ] thread:[scheduling-1             ] c.s.testHibernate.logging.LoggingAspect.logExecution@28:
   Entering com.saber.testHibernate.service.PriceSimulatorService.generatePrice with args=[] 
2026-05-12T21:08:52.228 [INFO] requestId:[                                    ] thread:[scheduling-1             ] c.s.t.service.PriceSimulatorService.generatePrice@55:
   Price event sent | symbol=AAPL price=170.0060 topic=prices 
2026-05-12T21:08:52.228 [INFO] requestId:[                                    ] thread:[scheduling-1             ] c.s.testHibernate.logging.LoggingAspect.logExecution@33:
   Exiting com.saber.testHibernate.service.PriceSimulatorService.generatePrice | executionTime=3 ms 
2026-05-12T21:09:52.220 [INFO] requestId:[                                    ] thread:[scheduling-1             ] c.s.testHibernate.logging.LoggingAspect.logExecution@28:
   Entering com.saber.testHibernate.service.PriceSimulatorService.generatePrice with args=[] 
2026-05-12T21:09:52.222 [INFO] requestId:[                                    ] thread:[scheduling-1             ] c.s.t.service.PriceSimulatorService.generatePrice@55:
   Price event sent | symbol=ETH price=5035.9156 topic=prices 
2026-05-12T21:09:52.223 [INFO] requestId:[                                    ] thread:[scheduling-1             ] c.s.testHibernate.logging.LoggingAspect.logExecution@33:
   Exiting com.saber.testHibernate.service.PriceSimulatorService.generatePrice | executionTime=3 ms 
2026-05-12T21:10:52.221 [INFO] requestId:[                                    ] thread:[scheduling-1             ] c.s.testHibernate.logging.LoggingAspect.logExecution@28:
   Entering com.saber.testHibernate.service.PriceSimulatorService.generatePrice with args=[] 
2026-05-12T21:10:52.223 [INFO] requestId:[                                    ] thread:[scheduling-1             ] c.s.t.service.PriceSimulatorService.generatePrice@55:
   Price event sent | symbol=BTC price=29438.1385 topic=prices 
2026-05-12T21:10:52.224 [INFO] requestId:[                                    ] thread:[scheduling-1             ] c.s.testHibernate.logging.LoggingAspect.logExecution@33:
   Exiting com.saber.testHibernate.service.PriceSimulatorService.generatePrice | executionTime=3 ms 
2026-05-12T21:11:52.221 [INFO] requestId:[                                    ] thread:[scheduling-1             ] c.s.testHibernate.logging.LoggingAspect.logExecution@28:
   Entering com.saber.testHibernate.service.PriceSimulatorService.generatePrice with args=[] 
2026-05-12T21:11:52.224 [INFO] requestId:[                                    ] thread:[scheduling-1             ] c.s.t.service.PriceSimulatorService.generatePrice@55:
   Price event sent | symbol=GOOG price=140.4499 topic=prices 
2026-05-12T21:11:52.224 [INFO] requestId:[                                    ] thread:[scheduling-1             ] c.s.testHibernate.logging.LoggingAspect.logExecution@33:
   Exiting com.saber.testHibernate.service.PriceSimulatorService.generatePrice | executionTime=3 ms 
2026-05-12T21:12:52.228 [INFO] requestId:[                                    ] thread:[scheduling-1             ] c.s.testHibernate.logging.LoggingAspect.logExecution@28:
   Entering com.saber.testHibernate.service.PriceSimulatorService.generatePrice with args=[] 
2026-05-12T21:12:52.230 [INFO] requestId:[                                    ] thread:[scheduling-1             ] c.s.t.service.PriceSimulatorService.generatePrice@55:
   Price event sent | symbol=GOOG price=135.1239 topic=prices 
2026-05-12T21:12:52.231 [INFO] requestId:[                                    ] thread:[scheduling-1             ] c.s.testHibernate.logging.LoggingAspect.logExecution@33:
   Exiting com.saber.testHibernate.service.PriceSimulatorService.generatePrice | executionTime=3 ms 
2026-05-12T21:13:52.221 [INFO] requestId:[                                    ] thread:[scheduling-1             ] c.s.testHibernate.logging.LoggingAspect.logExecution@28:
   Entering com.saber.testHibernate.service.PriceSimulatorService.generatePrice with args=[] 
2026-05-12T21:13:52.224 [INFO] requestId:[                                    ] thread:[scheduling-1             ] c.s.t.service.PriceSimulatorService.generatePrice@55:
   Price event sent | symbol=ETH price=4699.2840 topic=prices 
2026-05-12T21:13:52.226 [INFO] requestId:[                                    ] thread:[scheduling-1             ] c.s.testHibernate.logging.LoggingAspect.logExecution@33:
   Exiting com.saber.testHibernate.service.PriceSimulatorService.generatePrice | executionTime=5 ms 
2026-05-12T21:14:52.223 [INFO] requestId:[                                    ] thread:[scheduling-1             ] c.s.testHibernate.logging.LoggingAspect.logExecution@28:
   Entering com.saber.testHibernate.service.PriceSimulatorService.generatePrice with args=[] 
2026-05-12T21:14:52.225 [INFO] requestId:[                                    ] thread:[scheduling-1             ] c.s.t.service.PriceSimulatorService.generatePrice@55:
   Price event sent | symbol=ETH price=4917.4651 topic=prices 
2026-05-12T21:14:52.226 [INFO] requestId:[                                    ] thread:[scheduling-1             ] c.s.testHibernate.logging.LoggingAspect.logExecution@33:
   Exiting com.saber.testHibernate.service.PriceSimulatorService.generatePrice | executionTime=3 ms 
2026-05-12T21:15:52.220 [INFO] requestId:[                                    ] thread:[scheduling-1             ] c.s.testHibernate.logging.LoggingAspect.logExecution@28:
   Entering com.saber.testHibernate.service.PriceSimulatorService.generatePrice with args=[] 
2026-05-12T21:15:52.223 [INFO] requestId:[                                    ] thread:[scheduling-1             ] c.s.t.service.PriceSimulatorService.generatePrice@55:
   Price event sent | symbol=GOOG price=138.3234 topic=prices 
2026-05-12T21:15:52.223 [INFO] requestId:[                                    ] thread:[scheduling-1             ] c.s.testHibernate.logging.LoggingAspect.logExecution@33:
   Exiting com.saber.testHibernate.service.PriceSimulatorService.generatePrice | executionTime=3 ms 
2026-05-12T21:16:52.235 [INFO] requestId:[                                    ] thread:[scheduling-1             ] c.s.testHibernate.logging.LoggingAspect.logExecution@28:
   Entering com.saber.testHibernate.service.PriceSimulatorService.generatePrice with args=[] 
2026-05-12T21:16:52.237 [INFO] requestId:[                                    ] thread:[scheduling-1             ] c.s.t.service.PriceSimulatorService.generatePrice@55:
   Price event sent | symbol=ETH price=4812.9977 topic=prices 
2026-05-12T21:16:52.238 [INFO] requestId:[                                    ] thread:[scheduling-1             ] c.s.testHibernate.logging.LoggingAspect.logExecution@33:
   Exiting com.saber.testHibernate.service.PriceSimulatorService.generatePrice | executionTime=3 ms 
2026-05-12T21:17:52.226 [INFO] requestId:[                                    ] thread:[scheduling-1             ] c.s.testHibernate.logging.LoggingAspect.logExecution@28:
   Entering com.saber.testHibernate.service.PriceSimulatorService.generatePrice with args=[] 
2026-05-12T21:17:52.228 [INFO] requestId:[                                    ] thread:[scheduling-1             ] c.s.t.service.PriceSimulatorService.generatePrice@55:
   Price event sent | symbol=BTC price=32155.7618 topic=prices 
2026-05-12T21:17:52.229 [INFO] requestId:[                                    ] thread:[scheduling-1             ] c.s.testHibernate.logging.LoggingAspect.logExecution@33:
   Exiting com.saber.testHibernate.service.PriceSimulatorService.generatePrice | executionTime=3 ms 
2026-05-12T21:18:52.233 [INFO] requestId:[                                    ] thread:[scheduling-1             ] c.s.testHibernate.logging.LoggingAspect.logExecution@28:
   Entering com.saber.testHibernate.service.PriceSimulatorService.generatePrice with args=[] 
2026-05-12T21:18:52.235 [INFO] requestId:[                                    ] thread:[scheduling-1             ] c.s.t.service.PriceSimulatorService.generatePrice@55:
   Price event sent | symbol=BTC price=29132.1945 topic=prices 
2026-05-12T21:18:52.236 [INFO] requestId:[                                    ] thread:[scheduling-1             ] c.s.testHibernate.logging.LoggingAspect.logExecution@33:
   Exiting com.saber.testHibernate.service.PriceSimulatorService.generatePrice | executionTime=3 ms 
2026-05-12T21:19:52.228 [INFO] requestId:[                                    ] thread:[scheduling-1             ] c.s.testHibernate.logging.LoggingAspect.logExecution@28:
   Entering com.saber.testHibernate.service.PriceSimulatorService.generatePrice with args=[] 
2026-05-12T21:19:52.230 [INFO] requestId:[                                    ] thread:[scheduling-1             ] c.s.t.service.PriceSimulatorService.generatePrice@55:
   Price event sent | symbol=ETH price=5108.1287 topic=prices 
2026-05-12T21:19:52.231 [INFO] requestId:[                                    ] thread:[scheduling-1             ] c.s.testHibernate.logging.LoggingAspect.logExecution@33:
   Exiting com.saber.testHibernate.service.PriceSimulatorService.generatePrice | executionTime=3 ms 
2026-05-12T21:20:52.229 [INFO] requestId:[                                    ] thread:[scheduling-1             ] c.s.testHibernate.logging.LoggingAspect.logExecution@28:
   Entering com.saber.testHibernate.service.PriceSimulatorService.generatePrice with args=[] 
2026-05-12T21:20:52.231 [INFO] requestId:[                                    ] thread:[scheduling-1             ] c.s.t.service.PriceSimulatorService.generatePrice@55:
   Price event sent | symbol=BTC price=31396.1240 topic=prices 
2026-05-12T21:20:52.232 [INFO] requestId:[                                    ] thread:[scheduling-1             ] c.s.testHibernate.logging.LoggingAspect.logExecution@33:
   Exiting com.saber.testHibernate.service.PriceSimulatorService.generatePrice | executionTime=3 ms 
2026-05-12T21:21:52.232 [INFO] requestId:[                                    ] thread:[scheduling-1             ] c.s.testHibernate.logging.LoggingAspect.logExecution@28:
   Entering com.saber.testHibernate.service.PriceSimulatorService.generatePrice with args=[] 
2026-05-12T21:21:52.235 [INFO] requestId:[                                    ] thread:[scheduling-1             ] c.s.t.service.PriceSimulatorService.generatePrice@55:
   Price event sent | symbol=ETH price=4934.2205 topic=prices 
2026-05-12T21:21:52.235 [INFO] requestId:[                                    ] thread:[scheduling-1             ] c.s.testHibernate.logging.LoggingAspect.logExecution@33:
   Exiting com.saber.testHibernate.service.PriceSimulatorService.generatePrice | executionTime=3 ms 
2026-05-12T21:22:52.227 [INFO] requestId:[                                    ] thread:[scheduling-1             ] c.s.testHibernate.logging.LoggingAspect.logExecution@28:
   Entering com.saber.testHibernate.service.PriceSimulatorService.generatePrice with args=[] 
2026-05-12T21:22:52.230 [INFO] requestId:[                                    ] thread:[scheduling-1             ] c.s.t.service.PriceSimulatorService.generatePrice@55:
   Price event sent | symbol=ETH price=4764.3540 topic=prices 
2026-05-12T21:22:52.230 [INFO] requestId:[                                    ] thread:[scheduling-1             ] c.s.testHibernate.logging.LoggingAspect.logExecution@33:
   Exiting com.saber.testHibernate.service.PriceSimulatorService.generatePrice | executionTime=3 ms 
2026-05-12T21:23:52.237 [INFO] requestId:[                                    ] thread:[scheduling-1             ] c.s.testHibernate.logging.LoggingAspect.logExecution@28:
   Entering com.saber.testHibernate.service.PriceSimulatorService.generatePrice with args=[] 
2026-05-12T21:23:52.240 [INFO] requestId:[                                    ] thread:[scheduling-1             ] c.s.t.service.PriceSimulatorService.generatePrice@55:
   Price event sent | symbol=BTC price=28374.8129 topic=prices 
2026-05-12T21:23:52.241 [INFO] requestId:[                                    ] thread:[scheduling-1             ] c.s.testHibernate.logging.LoggingAspect.logExecution@33:
   Exiting com.saber.testHibernate.service.PriceSimulatorService.generatePrice | executionTime=4 ms 
2026-05-12T21:24:52.229 [INFO] requestId:[                                    ] thread:[scheduling-1             ] c.s.testHibernate.logging.LoggingAspect.logExecution@28:
   Entering com.saber.testHibernate.service.PriceSimulatorService.generatePrice with args=[] 
2026-05-12T21:24:52.232 [INFO] requestId:[                                    ] thread:[scheduling-1             ] c.s.t.service.PriceSimulatorService.generatePrice@55:
   Price event sent | symbol=GOOG price=128.8222 topic=prices 
2026-05-12T21:24:52.233 [INFO] requestId:[                                    ] thread:[scheduling-1             ] c.s.testHibernate.logging.LoggingAspect.logExecution@33:
   Exiting com.saber.testHibernate.service.PriceSimulatorService.generatePrice | executionTime=4 ms 
2026-05-12T21:25:52.235 [INFO] requestId:[                                    ] thread:[scheduling-1             ] c.s.testHibernate.logging.LoggingAspect.logExecution@28:
   Entering com.saber.testHibernate.service.PriceSimulatorService.generatePrice with args=[] 
2026-05-12T21:25:52.237 [INFO] requestId:[                                    ] thread:[scheduling-1             ] c.s.t.service.PriceSimulatorService.generatePrice@55:
   Price event sent | symbol=BTC price=30765.7314 topic=prices 
2026-05-12T21:25:52.238 [INFO] requestId:[                                    ] thread:[scheduling-1             ] c.s.testHibernate.logging.LoggingAspect.logExecution@33:
   Exiting com.saber.testHibernate.service.PriceSimulatorService.generatePrice | executionTime=3 ms 
2026-05-12T21:26:52.236 [INFO] requestId:[                                    ] thread:[scheduling-1             ] c.s.testHibernate.logging.LoggingAspect.logExecution@28:
   Entering com.saber.testHibernate.service.PriceSimulatorService.generatePrice with args=[] 
2026-05-12T21:26:52.239 [INFO] requestId:[                                    ] thread:[scheduling-1             ] c.s.t.service.PriceSimulatorService.generatePrice@55:
   Price event sent | symbol=ETH price=4581.0034 topic=prices 
2026-05-12T21:26:52.240 [INFO] requestId:[                                    ] thread:[scheduling-1             ] c.s.testHibernate.logging.LoggingAspect.logExecution@33:
   Exiting com.saber.testHibernate.service.PriceSimulatorService.generatePrice | executionTime=4 ms 
2026-05-12T21:27:52.234 [INFO] requestId:[                                    ] thread:[scheduling-1             ] c.s.testHibernate.logging.LoggingAspect.logExecution@28:
   Entering com.saber.testHibernate.service.PriceSimulatorService.generatePrice with args=[] 
2026-05-12T21:27:52.237 [INFO] requestId:[                                    ] thread:[scheduling-1             ] c.s.t.service.PriceSimulatorService.generatePrice@55:
   Price event sent | symbol=ETH price=4821.1493 topic=prices 
2026-05-12T21:27:52.237 [INFO] requestId:[                                    ] thread:[scheduling-1             ] c.s.testHibernate.logging.LoggingAspect.logExecution@33:
   Exiting com.saber.testHibernate.service.PriceSimulatorService.generatePrice | executionTime=3 ms 
2026-05-12T21:28:52.239 [INFO] requestId:[                                    ] thread:[scheduling-1             ] c.s.testHibernate.logging.LoggingAspect.logExecution@28:
   Entering com.saber.testHibernate.service.PriceSimulatorService.generatePrice with args=[] 
2026-05-12T21:28:52.241 [INFO] requestId:[                                    ] thread:[scheduling-1             ] c.s.t.service.PriceSimulatorService.generatePrice@55:
   Price event sent | symbol=ETH price=5146.6111 topic=prices 
2026-05-12T21:28:52.241 [INFO] requestId:[                                    ] thread:[scheduling-1             ] c.s.testHibernate.logging.LoggingAspect.logExecution@33:
   Exiting com.saber.testHibernate.service.PriceSimulatorService.generatePrice | executionTime=2 ms 
2026-05-12T21:29:52.234 [INFO] requestId:[                                    ] thread:[scheduling-1             ] c.s.testHibernate.logging.LoggingAspect.logExecution@28:
   Entering com.saber.testHibernate.service.PriceSimulatorService.generatePrice with args=[] 
2026-05-12T21:29:52.235 [INFO] requestId:[                                    ] thread:[scheduling-1             ] c.s.t.service.PriceSimulatorService.generatePrice@55:
   Price event sent | symbol=BTC price=32150.0267 topic=prices 
2026-05-12T21:29:52.236 [INFO] requestId:[                                    ] thread:[scheduling-1             ] c.s.testHibernate.logging.LoggingAspect.logExecution@33:
   Exiting com.saber.testHibernate.service.PriceSimulatorService.generatePrice | executionTime=2 ms 
2026-05-12T21:30:52.234 [INFO] requestId:[                                    ] thread:[scheduling-1             ] c.s.testHibernate.logging.LoggingAspect.logExecution@28:
   Entering com.saber.testHibernate.service.PriceSimulatorService.generatePrice with args=[] 
2026-05-12T21:30:52.236 [INFO] requestId:[                                    ] thread:[scheduling-1             ] c.s.t.service.PriceSimulatorService.generatePrice@55:
   Price event sent | symbol=BTC price=33648.5033 topic=prices 
2026-05-12T21:30:52.236 [INFO] requestId:[                                    ] thread:[scheduling-1             ] c.s.testHibernate.logging.LoggingAspect.logExecution@33:
   Exiting com.saber.testHibernate.service.PriceSimulatorService.generatePrice | executionTime=2 ms 
2026-05-12T21:31:52.237 [INFO] requestId:[                                    ] thread:[scheduling-1             ] c.s.testHibernate.logging.LoggingAspect.logExecution@28:
   Entering com.saber.testHibernate.service.PriceSimulatorService.generatePrice with args=[] 
2026-05-12T21:31:52.240 [INFO] requestId:[                                    ] thread:[scheduling-1             ] c.s.t.service.PriceSimulatorService.generatePrice@55:
   Price event sent | symbol=BTC price=32341.1527 topic=prices 
2026-05-12T21:31:52.240 [INFO] requestId:[                                    ] thread:[scheduling-1             ] c.s.testHibernate.logging.LoggingAspect.logExecution@33:
   Exiting com.saber.testHibernate.service.PriceSimulatorService.generatePrice | executionTime=3 ms 
2026-05-12T21:32:52.246 [INFO] requestId:[                                    ] thread:[scheduling-1             ] c.s.testHibernate.logging.LoggingAspect.logExecution@28:
   Entering com.saber.testHibernate.service.PriceSimulatorService.generatePrice with args=[] 
2026-05-12T21:32:52.248 [INFO] requestId:[                                    ] thread:[scheduling-1             ] c.s.t.service.PriceSimulatorService.generatePrice@55:
   Price event sent | symbol=ETH price=5496.6213 topic=prices 
2026-05-12T21:32:52.248 [INFO] requestId:[                                    ] thread:[scheduling-1             ] c.s.testHibernate.logging.LoggingAspect.logExecution@33:
   Exiting com.saber.testHibernate.service.PriceSimulatorService.generatePrice | executionTime=2 ms 
2026-05-12T21:33:52.236 [INFO] requestId:[                                    ] thread:[scheduling-1             ] c.s.testHibernate.logging.LoggingAspect.logExecution@28:
   Entering com.saber.testHibernate.service.PriceSimulatorService.generatePrice with args=[] 
2026-05-12T21:33:52.239 [INFO] requestId:[                                    ] thread:[scheduling-1             ] c.s.t.service.PriceSimulatorService.generatePrice@55:
   Price event sent | symbol=AAPL price=184.5968 topic=prices 
2026-05-12T21:33:52.239 [INFO] requestId:[                                    ] thread:[scheduling-1             ] c.s.testHibernate.logging.LoggingAspect.logExecution@33:
   Exiting com.saber.testHibernate.service.PriceSimulatorService.generatePrice | executionTime=3 ms 
2026-05-12T21:34:52.243 [INFO] requestId:[                                    ] thread:[scheduling-1             ] c.s.testHibernate.logging.LoggingAspect.logExecution@28:
   Entering com.saber.testHibernate.service.PriceSimulatorService.generatePrice with args=[] 
2026-05-12T21:34:52.244 [INFO] requestId:[                                    ] thread:[scheduling-1             ] c.s.t.service.PriceSimulatorService.generatePrice@55:
   Price event sent | symbol=BTC price=33887.8383 topic=prices 
2026-05-12T21:34:52.245 [INFO] requestId:[                                    ] thread:[scheduling-1             ] c.s.testHibernate.logging.LoggingAspect.logExecution@33:
   Exiting com.saber.testHibernate.service.PriceSimulatorService.generatePrice | executionTime=2 ms 
2026-05-12T21:35:52.243 [INFO] requestId:[                                    ] thread:[scheduling-1             ] c.s.testHibernate.logging.LoggingAspect.logExecution@28:
   Entering com.saber.testHibernate.service.PriceSimulatorService.generatePrice with args=[] 
2026-05-12T21:35:52.246 [INFO] requestId:[                                    ] thread:[scheduling-1             ] c.s.t.service.PriceSimulatorService.generatePrice@55:
   Price event sent | symbol=ETH price=5271.5891 topic=prices 
2026-05-12T21:35:52.246 [INFO] requestId:[                                    ] thread:[scheduling-1             ] c.s.testHibernate.logging.LoggingAspect.logExecution@33:
   Exiting com.saber.testHibernate.service.PriceSimulatorService.generatePrice | executionTime=3 ms 
2026-05-12T21:36:52.240 [INFO] requestId:[                                    ] thread:[scheduling-1             ] c.s.testHibernate.logging.LoggingAspect.logExecution@28:
   Entering com.saber.testHibernate.service.PriceSimulatorService.generatePrice with args=[] 
2026-05-12T21:36:52.242 [INFO] requestId:[                                    ] thread:[scheduling-1             ] c.s.t.service.PriceSimulatorService.generatePrice@55:
   Price event sent | symbol=GOOG price=139.7434 topic=prices 
2026-05-12T21:36:52.243 [INFO] requestId:[                                    ] thread:[scheduling-1             ] c.s.testHibernate.logging.LoggingAspect.logExecution@33:
   Exiting com.saber.testHibernate.service.PriceSimulatorService.generatePrice | executionTime=3 ms 
2026-05-12T21:37:52.246 [INFO] requestId:[                                    ] thread:[scheduling-1             ] c.s.testHibernate.logging.LoggingAspect.logExecution@28:
   Entering com.saber.testHibernate.service.PriceSimulatorService.generatePrice with args=[] 
2026-05-12T21:37:52.249 [INFO] requestId:[                                    ] thread:[scheduling-1             ] c.s.t.service.PriceSimulatorService.generatePrice@55:
   Price event sent | symbol=BTC price=33903.2882 topic=prices 
2026-05-12T21:37:52.249 [INFO] requestId:[                                    ] thread:[scheduling-1             ] c.s.testHibernate.logging.LoggingAspect.logExecution@33:
   Exiting com.saber.testHibernate.service.PriceSimulatorService.generatePrice | executionTime=3 ms 
2026-05-12T21:38:52.249 [INFO] requestId:[                                    ] thread:[scheduling-1             ] c.s.testHibernate.logging.LoggingAspect.logExecution@28:
   Entering com.saber.testHibernate.service.PriceSimulatorService.generatePrice with args=[] 
2026-05-12T21:38:52.251 [INFO] requestId:[                                    ] thread:[scheduling-1             ] c.s.t.service.PriceSimulatorService.generatePrice@55:
   Price event sent | symbol=AAPL price=180.2185 topic=prices 
2026-05-12T21:38:52.252 [INFO] requestId:[                                    ] thread:[scheduling-1             ] c.s.testHibernate.logging.LoggingAspect.logExecution@33:
   Exiting com.saber.testHibernate.service.PriceSimulatorService.generatePrice | executionTime=3 ms 
2026-05-12T21:39:52.241 [INFO] requestId:[                                    ] thread:[scheduling-1             ] c.s.testHibernate.logging.LoggingAspect.logExecution@28:
   Entering com.saber.testHibernate.service.PriceSimulatorService.generatePrice with args=[] 
2026-05-12T21:39:52.242 [INFO] requestId:[                                    ] thread:[scheduling-1             ] c.s.t.service.PriceSimulatorService.generatePrice@55:
   Price event sent | symbol=ETH price=5509.5482 topic=prices 
2026-05-12T21:39:52.243 [INFO] requestId:[                                    ] thread:[scheduling-1             ] c.s.testHibernate.logging.LoggingAspect.logExecution@33:
   Exiting com.saber.testHibernate.service.PriceSimulatorService.generatePrice | executionTime=2 ms 
2026-05-12T21:40:52.253 [INFO] requestId:[                                    ] thread:[scheduling-1             ] c.s.testHibernate.logging.LoggingAspect.logExecution@28:
   Entering com.saber.testHibernate.service.PriceSimulatorService.generatePrice with args=[] 
2026-05-12T21:40:52.255 [INFO] requestId:[                                    ] thread:[scheduling-1             ] c.s.t.service.PriceSimulatorService.generatePrice@55:
   Price event sent | symbol=ETH price=5719.0131 topic=prices 
2026-05-12T21:40:52.256 [INFO] requestId:[                                    ] thread:[scheduling-1             ] c.s.testHibernate.logging.LoggingAspect.logExecution@33:
   Exiting com.saber.testHibernate.service.PriceSimulatorService.generatePrice | executionTime=3 ms 
2026-05-12T21:41:52.242 [INFO] requestId:[                                    ] thread:[scheduling-1             ] c.s.testHibernate.logging.LoggingAspect.logExecution@28:
   Entering com.saber.testHibernate.service.PriceSimulatorService.generatePrice with args=[] 
2026-05-12T21:41:52.244 [INFO] requestId:[                                    ] thread:[scheduling-1             ] c.s.t.service.PriceSimulatorService.generatePrice@55:
   Price event sent | symbol=AAPL price=192.3940 topic=prices 
2026-05-12T21:41:52.245 [INFO] requestId:[                                    ] thread:[scheduling-1             ] c.s.testHibernate.logging.LoggingAspect.logExecution@33:
   Exiting com.saber.testHibernate.service.PriceSimulatorService.generatePrice | executionTime=3 ms 
2026-05-12T21:42:52.252 [INFO] requestId:[                                    ] thread:[scheduling-1             ] c.s.testHibernate.logging.LoggingAspect.logExecution@28:
   Entering com.saber.testHibernate.service.PriceSimulatorService.generatePrice with args=[] 
2026-05-12T21:42:52.254 [INFO] requestId:[                                    ] thread:[scheduling-1             ] c.s.t.service.PriceSimulatorService.generatePrice@55:
   Price event sent | symbol=GOOG price=131.8401 topic=prices 
2026-05-12T21:42:52.254 [INFO] requestId:[                                    ] thread:[scheduling-1             ] c.s.testHibernate.logging.LoggingAspect.logExecution@33:
   Exiting com.saber.testHibernate.service.PriceSimulatorService.generatePrice | executionTime=2 ms 
2026-05-12T21:43:52.243 [INFO] requestId:[                                    ] thread:[scheduling-1             ] c.s.testHibernate.logging.LoggingAspect.logExecution@28:
   Entering com.saber.testHibernate.service.PriceSimulatorService.generatePrice with args=[] 
2026-05-12T21:43:52.245 [INFO] requestId:[                                    ] thread:[scheduling-1             ] c.s.t.service.PriceSimulatorService.generatePrice@55:
   Price event sent | symbol=AAPL price=182.0910 topic=prices 
2026-05-12T21:43:52.246 [INFO] requestId:[                                    ] thread:[scheduling-1             ] c.s.testHibernate.logging.LoggingAspect.logExecution@33:
   Exiting com.saber.testHibernate.service.PriceSimulatorService.generatePrice | executionTime=3 ms 
2026-05-12T21:44:52.256 [INFO] requestId:[                                    ] thread:[scheduling-1             ] c.s.testHibernate.logging.LoggingAspect.logExecution@28:
   Entering com.saber.testHibernate.service.PriceSimulatorService.generatePrice with args=[] 
2026-05-12T21:44:52.259 [INFO] requestId:[                                    ] thread:[scheduling-1             ] c.s.t.service.PriceSimulatorService.generatePrice@55:
   Price event sent | symbol=GOOG price=124.8154 topic=prices 
2026-05-12T21:44:52.259 [INFO] requestId:[                                    ] thread:[scheduling-1             ] c.s.testHibernate.logging.LoggingAspect.logExecution@33:
   Exiting com.saber.testHibernate.service.PriceSimulatorService.generatePrice | executionTime=3 ms 
2026-05-12T21:45:52.248 [INFO] requestId:[                                    ] thread:[scheduling-1             ] c.s.testHibernate.logging.LoggingAspect.logExecution@28:
   Entering com.saber.testHibernate.service.PriceSimulatorService.generatePrice with args=[] 
2026-05-12T21:45:52.251 [INFO] requestId:[                                    ] thread:[scheduling-1             ] c.s.t.service.PriceSimulatorService.generatePrice@55:
   Price event sent | symbol=GOOG price=115.1992 topic=prices 
2026-05-12T21:45:52.253 [INFO] requestId:[                                    ] thread:[scheduling-1             ] c.s.testHibernate.logging.LoggingAspect.logExecution@33:
   Exiting com.saber.testHibernate.service.PriceSimulatorService.generatePrice | executionTime=5 ms 
2026-05-12T21:46:52.253 [INFO] requestId:[                                    ] thread:[scheduling-1             ] c.s.testHibernate.logging.LoggingAspect.logExecution@28:
   Entering com.saber.testHibernate.service.PriceSimulatorService.generatePrice with args=[] 
2026-05-12T21:46:52.256 [INFO] requestId:[                                    ] thread:[scheduling-1             ] c.s.t.service.PriceSimulatorService.generatePrice@55:
   Price event sent | symbol=GOOG price=118.6384 topic=prices 
2026-05-12T21:46:52.256 [INFO] requestId:[                                    ] thread:[scheduling-1             ] c.s.testHibernate.logging.LoggingAspect.logExecution@33:
   Exiting com.saber.testHibernate.service.PriceSimulatorService.generatePrice | executionTime=3 ms 
2026-05-12T21:47:52.256 [INFO] requestId:[                                    ] thread:[scheduling-1             ] c.s.testHibernate.logging.LoggingAspect.logExecution@28:
   Entering com.saber.testHibernate.service.PriceSimulatorService.generatePrice with args=[] 
2026-05-12T21:47:52.257 [INFO] requestId:[                                    ] thread:[scheduling-1             ] c.s.t.service.PriceSimulatorService.generatePrice@55:
   Price event sent | symbol=AAPL price=185.0952 topic=prices 
2026-05-12T21:47:52.258 [INFO] requestId:[                                    ] thread:[scheduling-1             ] c.s.testHibernate.logging.LoggingAspect.logExecution@33:
   Exiting com.saber.testHibernate.service.PriceSimulatorService.generatePrice | executionTime=2 ms 
2026-05-12T21:48:52.249 [INFO] requestId:[                                    ] thread:[scheduling-1             ] c.s.testHibernate.logging.LoggingAspect.logExecution@28:
   Entering com.saber.testHibernate.service.PriceSimulatorService.generatePrice with args=[] 
2026-05-12T21:48:52.251 [INFO] requestId:[                                    ] thread:[scheduling-1             ] c.s.t.service.PriceSimulatorService.generatePrice@55:
   Price event sent | symbol=GOOG price=123.4691 topic=prices 
2026-05-12T21:48:52.252 [INFO] requestId:[                                    ] thread:[scheduling-1             ] c.s.testHibernate.logging.LoggingAspect.logExecution@33:
   Exiting com.saber.testHibernate.service.PriceSimulatorService.generatePrice | executionTime=3 ms 
2026-05-12T21:49:52.256 [INFO] requestId:[                                    ] thread:[scheduling-1             ] c.s.testHibernate.logging.LoggingAspect.logExecution@28:
   Entering com.saber.testHibernate.service.PriceSimulatorService.generatePrice with args=[] 
2026-05-12T21:49:52.258 [INFO] requestId:[                                    ] thread:[scheduling-1             ] c.s.t.service.PriceSimulatorService.generatePrice@55:
   Price event sent | symbol=ETH price=5226.1422 topic=prices 
2026-05-12T21:49:52.259 [INFO] requestId:[                                    ] thread:[scheduling-1             ] c.s.testHibernate.logging.LoggingAspect.logExecution@33:
   Exiting com.saber.testHibernate.service.PriceSimulatorService.generatePrice | executionTime=3 ms 
2026-05-12T21:50:52.255 [INFO] requestId:[                                    ] thread:[scheduling-1             ] c.s.testHibernate.logging.LoggingAspect.logExecution@28:
   Entering com.saber.testHibernate.service.PriceSimulatorService.generatePrice with args=[] 
2026-05-12T21:50:52.257 [INFO] requestId:[                                    ] thread:[scheduling-1             ] c.s.t.service.PriceSimulatorService.generatePrice@55:
   Price event sent | symbol=AAPL price=194.3989 topic=prices 
2026-05-12T21:50:52.258 [INFO] requestId:[                                    ] thread:[scheduling-1             ] c.s.testHibernate.logging.LoggingAspect.logExecution@33:
   Exiting com.saber.testHibernate.service.PriceSimulatorService.generatePrice | executionTime=3 ms 
2026-05-12T21:51:52.252 [INFO] requestId:[                                    ] thread:[scheduling-1             ] c.s.testHibernate.logging.LoggingAspect.logExecution@28:
   Entering com.saber.testHibernate.service.PriceSimulatorService.generatePrice with args=[] 
2026-05-12T21:51:52.254 [INFO] requestId:[                                    ] thread:[scheduling-1             ] c.s.t.service.PriceSimulatorService.generatePrice@55:
   Price event sent | symbol=BTC price=33246.4851 topic=prices 
2026-05-12T21:51:52.254 [INFO] requestId:[                                    ] thread:[scheduling-1             ] c.s.testHibernate.logging.LoggingAspect.logExecution@33:
   Exiting com.saber.testHibernate.service.PriceSimulatorService.generatePrice | executionTime=2 ms 
2026-05-12T21:52:52.253 [INFO] requestId:[                                    ] thread:[scheduling-1             ] c.s.testHibernate.logging.LoggingAspect.logExecution@28:
   Entering com.saber.testHibernate.service.PriceSimulatorService.generatePrice with args=[] 
2026-05-12T21:52:52.254 [INFO] requestId:[                                    ] thread:[scheduling-1             ] c.s.t.service.PriceSimulatorService.generatePrice@55:
   Price event sent | symbol=GOOG price=128.5386 topic=prices 
2026-05-12T21:52:52.256 [INFO] requestId:[                                    ] thread:[scheduling-1             ] c.s.testHibernate.logging.LoggingAspect.logExecution@33:
   Exiting com.saber.testHibernate.service.PriceSimulatorService.generatePrice | executionTime=3 ms 
2026-05-12T21:53:52.249 [INFO] requestId:[                                    ] thread:[scheduling-1             ] c.s.testHibernate.logging.LoggingAspect.logExecution@28:
   Entering com.saber.testHibernate.service.PriceSimulatorService.generatePrice with args=[] 
2026-05-12T21:53:52.251 [INFO] requestId:[                                    ] thread:[scheduling-1             ] c.s.t.service.PriceSimulatorService.generatePrice@55:
   Price event sent | symbol=BTC price=34507.4754 topic=prices 
2026-05-12T21:53:52.251 [INFO] requestId:[                                    ] thread:[scheduling-1             ] c.s.testHibernate.logging.LoggingAspect.logExecution@33:
   Exiting com.saber.testHibernate.service.PriceSimulatorService.generatePrice | executionTime=2 ms 
2026-05-12T21:54:52.250 [INFO] requestId:[                                    ] thread:[scheduling-1             ] c.s.testHibernate.logging.LoggingAspect.logExecution@28:
   Entering com.saber.testHibernate.service.PriceSimulatorService.generatePrice with args=[] 
2026-05-12T21:54:52.252 [INFO] requestId:[                                    ] thread:[scheduling-1             ] c.s.t.service.PriceSimulatorService.generatePrice@55:
   Price event sent | symbol=AAPL price=185.1336 topic=prices 
2026-05-12T21:54:52.253 [INFO] requestId:[                                    ] thread:[scheduling-1             ] c.s.testHibernate.logging.LoggingAspect.logExecution@33:
   Exiting com.saber.testHibernate.service.PriceSimulatorService.generatePrice | executionTime=3 ms 
2026-05-12T21:55:52.254 [INFO] requestId:[                                    ] thread:[scheduling-1             ] c.s.testHibernate.logging.LoggingAspect.logExecution@28:
   Entering com.saber.testHibernate.service.PriceSimulatorService.generatePrice with args=[] 
2026-05-12T21:55:52.257 [INFO] requestId:[                                    ] thread:[scheduling-1             ] c.s.t.service.PriceSimulatorService.generatePrice@55:
   Price event sent | symbol=ETH price=4963.0081 topic=prices 
2026-05-12T21:55:52.257 [INFO] requestId:[                                    ] thread:[scheduling-1             ] c.s.testHibernate.logging.LoggingAspect.logExecution@33:
   Exiting com.saber.testHibernate.service.PriceSimulatorService.generatePrice | executionTime=3 ms 
2026-05-12T21:56:52.252 [INFO] requestId:[                                    ] thread:[scheduling-1             ] c.s.testHibernate.logging.LoggingAspect.logExecution@28:
   Entering com.saber.testHibernate.service.PriceSimulatorService.generatePrice with args=[] 
2026-05-12T21:56:52.255 [INFO] requestId:[                                    ] thread:[scheduling-1             ] c.s.t.service.PriceSimulatorService.generatePrice@55:
   Price event sent | symbol=AAPL price=173.5215 topic=prices 
2026-05-12T21:56:52.255 [INFO] requestId:[                                    ] thread:[scheduling-1             ] c.s.testHibernate.logging.LoggingAspect.logExecution@33:
   Exiting com.saber.testHibernate.service.PriceSimulatorService.generatePrice | executionTime=3 ms 
2026-05-12T21:57:52.260 [INFO] requestId:[                                    ] thread:[scheduling-1             ] c.s.testHibernate.logging.LoggingAspect.logExecution@28:
   Entering com.saber.testHibernate.service.PriceSimulatorService.generatePrice with args=[] 
2026-05-12T21:57:52.263 [INFO] requestId:[                                    ] thread:[scheduling-1             ] c.s.t.service.PriceSimulatorService.generatePrice@55:
   Price event sent | symbol=ETH price=4574.7853 topic=prices 
2026-05-12T21:57:52.263 [INFO] requestId:[                                    ] thread:[scheduling-1             ] c.s.testHibernate.logging.LoggingAspect.logExecution@33:
   Exiting com.saber.testHibernate.service.PriceSimulatorService.generatePrice | executionTime=3 ms 
2026-05-12T21:58:52.256 [INFO] requestId:[                                    ] thread:[scheduling-1             ] c.s.testHibernate.logging.LoggingAspect.logExecution@28:
   Entering com.saber.testHibernate.service.PriceSimulatorService.generatePrice with args=[] 
2026-05-12T21:58:52.259 [INFO] requestId:[                                    ] thread:[scheduling-1             ] c.s.t.service.PriceSimulatorService.generatePrice@55:
   Price event sent | symbol=BTC price=31936.3289 topic=prices 
2026-05-12T21:58:52.259 [INFO] requestId:[                                    ] thread:[scheduling-1             ] c.s.testHibernate.logging.LoggingAspect.logExecution@33:
   Exiting com.saber.testHibernate.service.PriceSimulatorService.generatePrice | executionTime=3 ms 
2026-05-12T21:59:52.260 [INFO] requestId:[                                    ] thread:[scheduling-1             ] c.s.testHibernate.logging.LoggingAspect.logExecution@28:
   Entering com.saber.testHibernate.service.PriceSimulatorService.generatePrice with args=[] 
2026-05-12T21:59:52.262 [INFO] requestId:[                                    ] thread:[scheduling-1             ] c.s.t.service.PriceSimulatorService.generatePrice@55:
   Price event sent | symbol=AAPL price=157.3617 topic=prices 
2026-05-12T21:59:52.262 [INFO] requestId:[                                    ] thread:[scheduling-1             ] c.s.testHibernate.logging.LoggingAspect.logExecution@33:
   Exiting com.saber.testHibernate.service.PriceSimulatorService.generatePrice | executionTime=2 ms 
2026-05-12T22:00:52.263 [INFO] requestId:[                                    ] thread:[scheduling-1             ] c.s.testHibernate.logging.LoggingAspect.logExecution@28:
   Entering com.saber.testHibernate.service.PriceSimulatorService.generatePrice with args=[] 
2026-05-12T22:00:52.267 [INFO] requestId:[                                    ] thread:[scheduling-1             ] c.s.t.service.PriceSimulatorService.generatePrice@55:
   Price event sent | symbol=ETH price=4963.6216 topic=prices 
2026-05-12T22:00:52.267 [INFO] requestId:[                                    ] thread:[scheduling-1             ] c.s.testHibernate.logging.LoggingAspect.logExecution@33:
   Exiting com.saber.testHibernate.service.PriceSimulatorService.generatePrice | executionTime=4 ms 
2026-05-12T22:01:52.260 [INFO] requestId:[                                    ] thread:[scheduling-1             ] c.s.testHibernate.logging.LoggingAspect.logExecution@28:
   Entering com.saber.testHibernate.service.PriceSimulatorService.generatePrice with args=[] 
2026-05-12T22:01:52.262 [INFO] requestId:[                                    ] thread:[scheduling-1             ] c.s.t.service.PriceSimulatorService.generatePrice@55:
   Price event sent | symbol=GOOG price=119.6792 topic=prices 
2026-05-12T22:01:52.263 [INFO] requestId:[                                    ] thread:[scheduling-1             ] c.s.testHibernate.logging.LoggingAspect.logExecution@33:
   Exiting com.saber.testHibernate.service.PriceSimulatorService.generatePrice | executionTime=3 ms 
2026-05-12T22:02:52.270 [INFO] requestId:[                                    ] thread:[scheduling-1             ] c.s.testHibernate.logging.LoggingAspect.logExecution@28:
   Entering com.saber.testHibernate.service.PriceSimulatorService.generatePrice with args=[] 
2026-05-12T22:02:52.272 [INFO] requestId:[                                    ] thread:[scheduling-1             ] c.s.t.service.PriceSimulatorService.generatePrice@55:
   Price event sent | symbol=AAPL price=148.1382 topic=prices 
2026-05-12T22:02:52.273 [INFO] requestId:[                                    ] thread:[scheduling-1             ] c.s.testHibernate.logging.LoggingAspect.logExecution@33:
   Exiting com.saber.testHibernate.service.PriceSimulatorService.generatePrice | executionTime=3 ms 
2026-05-12T22:03:52.269 [INFO] requestId:[                                    ] thread:[scheduling-1             ] c.s.testHibernate.logging.LoggingAspect.logExecution@28:
   Entering com.saber.testHibernate.service.PriceSimulatorService.generatePrice with args=[] 
2026-05-12T22:03:52.272 [INFO] requestId:[                                    ] thread:[scheduling-1             ] c.s.t.service.PriceSimulatorService.generatePrice@55:
   Price event sent | symbol=ETH price=4512.0168 topic=prices 
2026-05-12T22:03:52.272 [INFO] requestId:[                                    ] thread:[scheduling-1             ] c.s.testHibernate.logging.LoggingAspect.logExecution@33:
   Exiting com.saber.testHibernate.service.PriceSimulatorService.generatePrice | executionTime=3 ms 
2026-05-12T22:04:52.267 [INFO] requestId:[                                    ] thread:[scheduling-1             ] c.s.testHibernate.logging.LoggingAspect.logExecution@28:
   Entering com.saber.testHibernate.service.PriceSimulatorService.generatePrice with args=[] 
2026-05-12T22:04:52.269 [INFO] requestId:[                                    ] thread:[scheduling-1             ] c.s.t.service.PriceSimulatorService.generatePrice@55:
   Price event sent | symbol=BTC price=31222.8790 topic=prices 
2026-05-12T22:04:52.270 [INFO] requestId:[                                    ] thread:[scheduling-1             ] c.s.testHibernate.logging.LoggingAspect.logExecution@33:
   Exiting com.saber.testHibernate.service.PriceSimulatorService.generatePrice | executionTime=3 ms 
2026-05-12T22:05:52.263 [INFO] requestId:[                                    ] thread:[scheduling-1             ] c.s.testHibernate.logging.LoggingAspect.logExecution@28:
   Entering com.saber.testHibernate.service.PriceSimulatorService.generatePrice with args=[] 
2026-05-12T22:05:52.266 [INFO] requestId:[                                    ] thread:[scheduling-1             ] c.s.t.service.PriceSimulatorService.generatePrice@55:
   Price event sent | symbol=AAPL price=157.1046 topic=prices 
2026-05-12T22:05:52.266 [INFO] requestId:[                                    ] thread:[scheduling-1             ] c.s.testHibernate.logging.LoggingAspect.logExecution@33:
   Exiting com.saber.testHibernate.service.PriceSimulatorService.generatePrice | executionTime=3 ms 
2026-05-12T22:06:52.265 [INFO] requestId:[                                    ] thread:[scheduling-1             ] c.s.testHibernate.logging.LoggingAspect.logExecution@28:
   Entering com.saber.testHibernate.service.PriceSimulatorService.generatePrice with args=[] 
2026-05-12T22:06:52.267 [INFO] requestId:[                                    ] thread:[scheduling-1             ] c.s.t.service.PriceSimulatorService.generatePrice@55:
   Price event sent | symbol=AAPL price=159.8057 topic=prices 
2026-05-12T22:06:52.268 [INFO] requestId:[                                    ] thread:[scheduling-1             ] c.s.testHibernate.logging.LoggingAspect.logExecution@33:
   Exiting com.saber.testHibernate.service.PriceSimulatorService.generatePrice | executionTime=3 ms 
2026-05-12T22:07:52.272 [INFO] requestId:[                                    ] thread:[scheduling-1             ] c.s.testHibernate.logging.LoggingAspect.logExecution@28:
   Entering com.saber.testHibernate.service.PriceSimulatorService.generatePrice with args=[] 
2026-05-12T22:07:52.277 [INFO] requestId:[                                    ] thread:[scheduling-1             ] c.s.t.service.PriceSimulatorService.generatePrice@55:
   Price event sent | symbol=GOOG price=114.6380 topic=prices 
2026-05-12T22:07:52.277 [INFO] requestId:[                                    ] thread:[scheduling-1             ] c.s.testHibernate.logging.LoggingAspect.logExecution@33:
   Exiting com.saber.testHibernate.service.PriceSimulatorService.generatePrice | executionTime=5 ms 
2026-05-12T22:08:52.264 [INFO] requestId:[                                    ] thread:[scheduling-1             ] c.s.testHibernate.logging.LoggingAspect.logExecution@28:
   Entering com.saber.testHibernate.service.PriceSimulatorService.generatePrice with args=[] 
2026-05-12T22:08:52.265 [INFO] requestId:[                                    ] thread:[scheduling-1             ] c.s.t.service.PriceSimulatorService.generatePrice@55:
   Price event sent | symbol=AAPL price=172.5690 topic=prices 
2026-05-12T22:08:52.266 [INFO] requestId:[                                    ] thread:[scheduling-1             ] c.s.testHibernate.logging.LoggingAspect.logExecution@33:
   Exiting com.saber.testHibernate.service.PriceSimulatorService.generatePrice | executionTime=2 ms 
2026-05-12T22:09:52.267 [INFO] requestId:[                                    ] thread:[scheduling-1             ] c.s.testHibernate.logging.LoggingAspect.logExecution@28:
   Entering com.saber.testHibernate.service.PriceSimulatorService.generatePrice with args=[] 
2026-05-12T22:09:52.269 [INFO] requestId:[                                    ] thread:[scheduling-1             ] c.s.t.service.PriceSimulatorService.generatePrice@55:
   Price event sent | symbol=BTC price=28497.2455 topic=prices 
2026-05-12T22:09:52.269 [INFO] requestId:[                                    ] thread:[scheduling-1             ] c.s.testHibernate.logging.LoggingAspect.logExecution@33:
   Exiting com.saber.testHibernate.service.PriceSimulatorService.generatePrice | executionTime=2 ms 
2026-05-12T22:10:52.266 [INFO] requestId:[                                    ] thread:[scheduling-1             ] c.s.testHibernate.logging.LoggingAspect.logExecution@28:
   Entering com.saber.testHibernate.service.PriceSimulatorService.generatePrice with args=[] 
2026-05-12T22:10:52.269 [INFO] requestId:[                                    ] thread:[scheduling-1             ] c.s.t.service.PriceSimulatorService.generatePrice@55:
   Price event sent | symbol=BTC price=26075.0328 topic=prices 
2026-05-12T22:10:52.269 [INFO] requestId:[                                    ] thread:[scheduling-1             ] c.s.testHibernate.logging.LoggingAspect.logExecution@33:
   Exiting com.saber.testHibernate.service.PriceSimulatorService.generatePrice | executionTime=3 ms 
2026-05-12T22:11:52.268 [INFO] requestId:[                                    ] thread:[scheduling-1             ] c.s.testHibernate.logging.LoggingAspect.logExecution@28:
   Entering com.saber.testHibernate.service.PriceSimulatorService.generatePrice with args=[] 
2026-05-12T22:11:52.271 [INFO] requestId:[                                    ] thread:[scheduling-1             ] c.s.t.service.PriceSimulatorService.generatePrice@55:
   Price event sent | symbol=GOOG price=105.7394 topic=prices 
2026-05-12T22:11:52.271 [INFO] requestId:[                                    ] thread:[scheduling-1             ] c.s.testHibernate.logging.LoggingAspect.logExecution@33:
   Exiting com.saber.testHibernate.service.PriceSimulatorService.generatePrice | executionTime=3 ms 
2026-05-12T22:12:52.262 [INFO] requestId:[                                    ] thread:[scheduling-1             ] c.s.testHibernate.logging.LoggingAspect.logExecution@28:
   Entering com.saber.testHibernate.service.PriceSimulatorService.generatePrice with args=[] 
2026-05-12T22:12:52.265 [INFO] requestId:[                                    ] thread:[scheduling-1             ] c.s.t.service.PriceSimulatorService.generatePrice@55:
   Price event sent | symbol=BTC price=24726.9876 topic=prices 
2026-05-12T22:12:52.265 [INFO] requestId:[                                    ] thread:[scheduling-1             ] c.s.testHibernate.logging.LoggingAspect.logExecution@33:
   Exiting com.saber.testHibernate.service.PriceSimulatorService.generatePrice | executionTime=3 ms 
2026-05-12T22:13:52.264 [INFO] requestId:[                                    ] thread:[scheduling-1             ] c.s.testHibernate.logging.LoggingAspect.logExecution@28:
   Entering com.saber.testHibernate.service.PriceSimulatorService.generatePrice with args=[] 
2026-05-12T22:13:52.266 [INFO] requestId:[                                    ] thread:[scheduling-1             ] c.s.t.service.PriceSimulatorService.generatePrice@55:
   Price event sent | symbol=BTC price=26379.6306 topic=prices 
2026-05-12T22:13:52.267 [INFO] requestId:[                                    ] thread:[scheduling-1             ] c.s.testHibernate.logging.LoggingAspect.logExecution@33:
   Exiting com.saber.testHibernate.service.PriceSimulatorService.generatePrice | executionTime=3 ms 
2026-05-12T22:14:52.278 [INFO] requestId:[                                    ] thread:[scheduling-1             ] c.s.testHibernate.logging.LoggingAspect.logExecution@28:
   Entering com.saber.testHibernate.service.PriceSimulatorService.generatePrice with args=[] 
2026-05-12T22:14:52.280 [INFO] requestId:[                                    ] thread:[scheduling-1             ] c.s.t.service.PriceSimulatorService.generatePrice@55:
   Price event sent | symbol=AAPL price=164.6096 topic=prices 
2026-05-12T22:14:52.282 [INFO] requestId:[                                    ] thread:[scheduling-1             ] c.s.testHibernate.logging.LoggingAspect.logExecution@33:
   Exiting com.saber.testHibernate.service.PriceSimulatorService.generatePrice | executionTime=4 ms 
2026-05-12T22:15:52.267 [INFO] requestId:[                                    ] thread:[scheduling-1             ] c.s.testHibernate.logging.LoggingAspect.logExecution@28:
   Entering com.saber.testHibernate.service.PriceSimulatorService.generatePrice with args=[] 
2026-05-12T22:15:52.272 [INFO] requestId:[                                    ] thread:[scheduling-1             ] c.s.t.service.PriceSimulatorService.generatePrice@55:
   Price event sent | symbol=AAPL price=179.9717 topic=prices 
2026-05-12T22:15:52.273 [INFO] requestId:[                                    ] thread:[scheduling-1             ] c.s.testHibernate.logging.LoggingAspect.logExecution@33:
   Exiting com.saber.testHibernate.service.PriceSimulatorService.generatePrice | executionTime=6 ms 
2026-05-12T22:16:52.265 [INFO] requestId:[                                    ] thread:[scheduling-1             ] c.s.testHibernate.logging.LoggingAspect.logExecution@28:
   Entering com.saber.testHibernate.service.PriceSimulatorService.generatePrice with args=[] 
2026-05-12T22:16:52.269 [INFO] requestId:[                                    ] thread:[scheduling-1             ] c.s.t.service.PriceSimulatorService.generatePrice@55:
   Price event sent | symbol=GOOG price=115.8786 topic=prices 
2026-05-12T22:16:52.269 [INFO] requestId:[                                    ] thread:[scheduling-1             ] c.s.testHibernate.logging.LoggingAspect.logExecution@33:
   Exiting com.saber.testHibernate.service.PriceSimulatorService.generatePrice | executionTime=4 ms 
2026-05-12T22:17:52.267 [INFO] requestId:[                                    ] thread:[scheduling-1             ] c.s.testHibernate.logging.LoggingAspect.logExecution@28:
   Entering com.saber.testHibernate.service.PriceSimulatorService.generatePrice with args=[] 
2026-05-12T22:17:52.269 [INFO] requestId:[                                    ] thread:[scheduling-1             ] c.s.t.service.PriceSimulatorService.generatePrice@55:
   Price event sent | symbol=ETH price=4273.7035 topic=prices 
2026-05-12T22:17:52.270 [INFO] requestId:[                                    ] thread:[scheduling-1             ] c.s.testHibernate.logging.LoggingAspect.logExecution@33:
   Exiting com.saber.testHibernate.service.PriceSimulatorService.generatePrice | executionTime=3 ms 
2026-05-12T22:18:52.270 [INFO] requestId:[                                    ] thread:[scheduling-1             ] c.s.testHibernate.logging.LoggingAspect.logExecution@28:
   Entering com.saber.testHibernate.service.PriceSimulatorService.generatePrice with args=[] 
2026-05-12T22:18:52.273 [INFO] requestId:[                                    ] thread:[scheduling-1             ] c.s.t.service.PriceSimulatorService.generatePrice@55:
   Price event sent | symbol=AAPL price=182.0427 topic=prices 
2026-05-12T22:18:52.273 [INFO] requestId:[                                    ] thread:[scheduling-1             ] c.s.testHibernate.logging.LoggingAspect.logExecution@33:
   Exiting com.saber.testHibernate.service.PriceSimulatorService.generatePrice | executionTime=3 ms 
2026-05-12T22:19:52.277 [INFO] requestId:[                                    ] thread:[scheduling-1             ] c.s.testHibernate.logging.LoggingAspect.logExecution@28:
   Entering com.saber.testHibernate.service.PriceSimulatorService.generatePrice with args=[] 
2026-05-12T22:19:52.279 [INFO] requestId:[                                    ] thread:[scheduling-1             ] c.s.t.service.PriceSimulatorService.generatePrice@55:
   Price event sent | symbol=GOOG price=104.8632 topic=prices 
2026-05-12T22:19:52.280 [INFO] requestId:[                                    ] thread:[scheduling-1             ] c.s.testHibernate.logging.LoggingAspect.logExecution@33:
   Exiting com.saber.testHibernate.service.PriceSimulatorService.generatePrice | executionTime=3 ms 
2026-05-12T22:20:52.268 [INFO] requestId:[                                    ] thread:[scheduling-1             ] c.s.testHibernate.logging.LoggingAspect.logExecution@28:
   Entering com.saber.testHibernate.service.PriceSimulatorService.generatePrice with args=[] 
2026-05-12T22:20:52.272 [INFO] requestId:[                                    ] thread:[scheduling-1             ] c.s.t.service.PriceSimulatorService.generatePrice@55:
   Price event sent | symbol=GOOG price=104.4395 topic=prices 
2026-05-12T22:20:52.272 [INFO] requestId:[                                    ] thread:[scheduling-1             ] c.s.testHibernate.logging.LoggingAspect.logExecution@33:
   Exiting com.saber.testHibernate.service.PriceSimulatorService.generatePrice | executionTime=4 ms 
2026-05-12T22:21:52.283 [INFO] requestId:[                                    ] thread:[scheduling-1             ] c.s.testHibernate.logging.LoggingAspect.logExecution@28:
   Entering com.saber.testHibernate.service.PriceSimulatorService.generatePrice with args=[] 
2026-05-12T22:21:52.286 [INFO] requestId:[                                    ] thread:[scheduling-1             ] c.s.t.service.PriceSimulatorService.generatePrice@55:
   Price event sent | symbol=GOOG price=98.1145 topic=prices 
2026-05-12T22:21:52.286 [INFO] requestId:[                                    ] thread:[scheduling-1             ] c.s.testHibernate.logging.LoggingAspect.logExecution@33:
   Exiting com.saber.testHibernate.service.PriceSimulatorService.generatePrice | executionTime=3 ms 
2026-05-12T22:22:52.271 [INFO] requestId:[                                    ] thread:[scheduling-1             ] c.s.testHibernate.logging.LoggingAspect.logExecution@28:
   Entering com.saber.testHibernate.service.PriceSimulatorService.generatePrice with args=[] 
2026-05-12T22:22:52.273 [INFO] requestId:[                                    ] thread:[scheduling-1             ] c.s.t.service.PriceSimulatorService.generatePrice@55:
   Price event sent | symbol=GOOG price=96.8550 topic=prices 
2026-05-12T22:22:52.275 [INFO] requestId:[                                    ] thread:[scheduling-1             ] c.s.testHibernate.logging.LoggingAspect.logExecution@33:
   Exiting com.saber.testHibernate.service.PriceSimulatorService.generatePrice | executionTime=4 ms 
2026-05-12T22:23:52.279 [INFO] requestId:[                                    ] thread:[scheduling-1             ] c.s.testHibernate.logging.LoggingAspect.logExecution@28:
   Entering com.saber.testHibernate.service.PriceSimulatorService.generatePrice with args=[] 
2026-05-12T22:23:52.282 [INFO] requestId:[                                    ] thread:[scheduling-1             ] c.s.t.service.PriceSimulatorService.generatePrice@55:
   Price event sent | symbol=AAPL price=177.4827 topic=prices 
2026-05-12T22:23:52.282 [INFO] requestId:[                                    ] thread:[scheduling-1             ] c.s.testHibernate.logging.LoggingAspect.logExecution@33:
   Exiting com.saber.testHibernate.service.PriceSimulatorService.generatePrice | executionTime=3 ms 
2026-05-12T22:24:52.280 [INFO] requestId:[                                    ] thread:[scheduling-1             ] c.s.testHibernate.logging.LoggingAspect.logExecution@28:
   Entering com.saber.testHibernate.service.PriceSimulatorService.generatePrice with args=[] 
2026-05-12T22:24:52.283 [INFO] requestId:[                                    ] thread:[scheduling-1             ] c.s.t.service.PriceSimulatorService.generatePrice@55:
   Price event sent | symbol=ETH price=4191.5739 topic=prices 
2026-05-12T22:24:52.283 [INFO] requestId:[                                    ] thread:[scheduling-1             ] c.s.testHibernate.logging.LoggingAspect.logExecution@33:
   Exiting com.saber.testHibernate.service.PriceSimulatorService.generatePrice | executionTime=3 ms 
2026-05-12T22:25:52.280 [INFO] requestId:[                                    ] thread:[scheduling-1             ] c.s.testHibernate.logging.LoggingAspect.logExecution@28:
   Entering com.saber.testHibernate.service.PriceSimulatorService.generatePrice with args=[] 
2026-05-12T22:25:52.283 [INFO] requestId:[                                    ] thread:[scheduling-1             ] c.s.t.service.PriceSimulatorService.generatePrice@55:
   Price event sent | symbol=AAPL price=169.6787 topic=prices 
2026-05-12T22:25:52.284 [INFO] requestId:[                                    ] thread:[scheduling-1             ] c.s.testHibernate.logging.LoggingAspect.logExecution@33:
   Exiting com.saber.testHibernate.service.PriceSimulatorService.generatePrice | executionTime=4 ms 
2026-05-12T22:26:52.274 [INFO] requestId:[                                    ] thread:[scheduling-1             ] c.s.testHibernate.logging.LoggingAspect.logExecution@28:
   Entering com.saber.testHibernate.service.PriceSimulatorService.generatePrice with args=[] 
2026-05-12T22:26:52.275 [INFO] requestId:[                                    ] thread:[scheduling-1             ] c.s.t.service.PriceSimulatorService.generatePrice@55:
   Price event sent | symbol=ETH price=4410.3880 topic=prices 
2026-05-12T22:26:52.276 [INFO] requestId:[                                    ] thread:[scheduling-1             ] c.s.testHibernate.logging.LoggingAspect.logExecution@33:
   Exiting com.saber.testHibernate.service.PriceSimulatorService.generatePrice | executionTime=2 ms 
2026-05-12T22:27:52.274 [INFO] requestId:[                                    ] thread:[scheduling-1             ] c.s.testHibernate.logging.LoggingAspect.logExecution@28:
   Entering com.saber.testHibernate.service.PriceSimulatorService.generatePrice with args=[] 
2026-05-12T22:27:52.276 [INFO] requestId:[                                    ] thread:[scheduling-1             ] c.s.t.service.PriceSimulatorService.generatePrice@55:
   Price event sent | symbol=ETH price=4464.2265 topic=prices 
2026-05-12T22:27:52.276 [INFO] requestId:[                                    ] thread:[scheduling-1             ] c.s.testHibernate.logging.LoggingAspect.logExecution@33:
   Exiting com.saber.testHibernate.service.PriceSimulatorService.generatePrice | executionTime=2 ms 
2026-05-12T22:28:52.278 [INFO] requestId:[                                    ] thread:[scheduling-1             ] c.s.testHibernate.logging.LoggingAspect.logExecution@28:
   Entering com.saber.testHibernate.service.PriceSimulatorService.generatePrice with args=[] 
2026-05-12T22:28:52.279 [INFO] requestId:[                                    ] thread:[scheduling-1             ] c.s.t.service.PriceSimulatorService.generatePrice@55:
   Price event sent | symbol=GOOG price=87.3804 topic=prices 
2026-05-12T22:28:52.280 [INFO] requestId:[                                    ] thread:[scheduling-1             ] c.s.testHibernate.logging.LoggingAspect.logExecution@33:
   Exiting com.saber.testHibernate.service.PriceSimulatorService.generatePrice | executionTime=2 ms 
2026-05-12T22:29:52.288 [INFO] requestId:[                                    ] thread:[scheduling-1             ] c.s.testHibernate.logging.LoggingAspect.logExecution@28:
   Entering com.saber.testHibernate.service.PriceSimulatorService.generatePrice with args=[] 
2026-05-12T22:29:52.289 [INFO] requestId:[                                    ] thread:[scheduling-1             ] c.s.t.service.PriceSimulatorService.generatePrice@55:
   Price event sent | symbol=GOOG price=80.6443 topic=prices 
2026-05-12T22:29:52.290 [INFO] requestId:[                                    ] thread:[scheduling-1             ] c.s.testHibernate.logging.LoggingAspect.logExecution@33:
   Exiting com.saber.testHibernate.service.PriceSimulatorService.generatePrice | executionTime=2 ms 
2026-05-12T22:30:52.282 [INFO] requestId:[                                    ] thread:[scheduling-1             ] c.s.testHibernate.logging.LoggingAspect.logExecution@28:
   Entering com.saber.testHibernate.service.PriceSimulatorService.generatePrice with args=[] 
2026-05-12T22:30:52.284 [INFO] requestId:[                                    ] thread:[scheduling-1             ] c.s.t.service.PriceSimulatorService.generatePrice@55:
   Price event sent | symbol=AAPL price=161.8827 topic=prices 
2026-05-12T22:30:52.285 [INFO] requestId:[                                    ] thread:[scheduling-1             ] c.s.testHibernate.logging.LoggingAspect.logExecution@33:
   Exiting com.saber.testHibernate.service.PriceSimulatorService.generatePrice | executionTime=3 ms 
2026-05-12T22:31:52.279 [INFO] requestId:[                                    ] thread:[scheduling-1             ] c.s.testHibernate.logging.LoggingAspect.logExecution@28:
   Entering com.saber.testHibernate.service.PriceSimulatorService.generatePrice with args=[] 
2026-05-12T22:31:52.283 [INFO] requestId:[                                    ] thread:[scheduling-1             ] c.s.t.service.PriceSimulatorService.generatePrice@55:
   Price event sent | symbol=ETH price=4810.6226 topic=prices 
2026-05-12T22:31:52.283 [INFO] requestId:[                                    ] thread:[scheduling-1             ] c.s.testHibernate.logging.LoggingAspect.logExecution@33:
   Exiting com.saber.testHibernate.service.PriceSimulatorService.generatePrice | executionTime=4 ms 
2026-05-12T22:32:52.279 [INFO] requestId:[                                    ] thread:[scheduling-1             ] c.s.testHibernate.logging.LoggingAspect.logExecution@28:
   Entering com.saber.testHibernate.service.PriceSimulatorService.generatePrice with args=[] 
2026-05-12T22:32:52.282 [INFO] requestId:[                                    ] thread:[scheduling-1             ] c.s.t.service.PriceSimulatorService.generatePrice@55:
   Price event sent | symbol=ETH price=4399.4219 topic=prices 
2026-05-12T22:32:52.282 [INFO] requestId:[                                    ] thread:[scheduling-1             ] c.s.testHibernate.logging.LoggingAspect.logExecution@33:
   Exiting com.saber.testHibernate.service.PriceSimulatorService.generatePrice | executionTime=3 ms 
2026-05-12T22:33:52.291 [INFO] requestId:[                                    ] thread:[scheduling-1             ] c.s.testHibernate.logging.LoggingAspect.logExecution@28:
   Entering com.saber.testHibernate.service.PriceSimulatorService.generatePrice with args=[] 
2026-05-12T22:33:52.293 [INFO] requestId:[                                    ] thread:[scheduling-1             ] c.s.t.service.PriceSimulatorService.generatePrice@55:
   Price event sent | symbol=GOOG price=82.9900 topic=prices 
2026-05-12T22:33:52.294 [INFO] requestId:[                                    ] thread:[scheduling-1             ] c.s.testHibernate.logging.LoggingAspect.logExecution@33:
   Exiting com.saber.testHibernate.service.PriceSimulatorService.generatePrice | executionTime=3 ms 
2026-05-12T22:34:52.286 [INFO] requestId:[                                    ] thread:[scheduling-1             ] c.s.testHibernate.logging.LoggingAspect.logExecution@28:
   Entering com.saber.testHibernate.service.PriceSimulatorService.generatePrice with args=[] 
2026-05-12T22:34:52.288 [INFO] requestId:[                                    ] thread:[scheduling-1             ] c.s.t.service.PriceSimulatorService.generatePrice@55:
   Price event sent | symbol=BTC price=28989.0128 topic=prices 
2026-05-12T22:34:52.289 [INFO] requestId:[                                    ] thread:[scheduling-1             ] c.s.testHibernate.logging.LoggingAspect.logExecution@33:
   Exiting com.saber.testHibernate.service.PriceSimulatorService.generatePrice | executionTime=3 ms 
2026-05-12T22:35:52.287 [INFO] requestId:[                                    ] thread:[scheduling-1             ] c.s.testHibernate.logging.LoggingAspect.logExecution@28:
   Entering com.saber.testHibernate.service.PriceSimulatorService.generatePrice with args=[] 
2026-05-12T22:35:52.289 [INFO] requestId:[                                    ] thread:[scheduling-1             ] c.s.t.service.PriceSimulatorService.generatePrice@55:
   Price event sent | symbol=ETH price=4477.8756 topic=prices 
2026-05-12T22:35:52.289 [INFO] requestId:[                                    ] thread:[scheduling-1             ] c.s.testHibernate.logging.LoggingAspect.logExecution@33:
   Exiting com.saber.testHibernate.service.PriceSimulatorService.generatePrice | executionTime=2 ms 
2026-05-12T22:36:52.288 [INFO] requestId:[                                    ] thread:[scheduling-1             ] c.s.testHibernate.logging.LoggingAspect.logExecution@28:
   Entering com.saber.testHibernate.service.PriceSimulatorService.generatePrice with args=[] 
2026-05-12T22:36:52.290 [INFO] requestId:[                                    ] thread:[scheduling-1             ] c.s.t.service.PriceSimulatorService.generatePrice@55:
   Price event sent | symbol=BTC price=28133.1335 topic=prices 
2026-05-12T22:36:52.290 [INFO] requestId:[                                    ] thread:[scheduling-1             ] c.s.testHibernate.logging.LoggingAspect.logExecution@33:
   Exiting com.saber.testHibernate.service.PriceSimulatorService.generatePrice | executionTime=2 ms 
2026-05-12T22:37:52.287 [INFO] requestId:[                                    ] thread:[scheduling-1             ] c.s.testHibernate.logging.LoggingAspect.logExecution@28:
   Entering com.saber.testHibernate.service.PriceSimulatorService.generatePrice with args=[] 
2026-05-12T22:37:52.289 [INFO] requestId:[                                    ] thread:[scheduling-1             ] c.s.t.service.PriceSimulatorService.generatePrice@55:
   Price event sent | symbol=AAPL price=169.1591 topic=prices 
2026-05-12T22:37:52.289 [INFO] requestId:[                                    ] thread:[scheduling-1             ] c.s.testHibernate.logging.LoggingAspect.logExecution@33:
   Exiting com.saber.testHibernate.service.PriceSimulatorService.generatePrice | executionTime=2 ms 
2026-05-12T22:38:52.287 [INFO] requestId:[                                    ] thread:[scheduling-1             ] c.s.testHibernate.logging.LoggingAspect.logExecution@28:
   Entering com.saber.testHibernate.service.PriceSimulatorService.generatePrice with args=[] 
2026-05-12T22:38:52.289 [INFO] requestId:[                                    ] thread:[scheduling-1             ] c.s.t.service.PriceSimulatorService.generatePrice@55:
   Price event sent | symbol=AAPL price=171.0870 topic=prices 
2026-05-12T22:38:52.292 [INFO] requestId:[                                    ] thread:[scheduling-1             ] c.s.testHibernate.logging.LoggingAspect.logExecution@33:
   Exiting com.saber.testHibernate.service.PriceSimulatorService.generatePrice | executionTime=5 ms 
2026-05-12T22:39:52.283 [INFO] requestId:[                                    ] thread:[scheduling-1             ] c.s.testHibernate.logging.LoggingAspect.logExecution@28:
   Entering com.saber.testHibernate.service.PriceSimulatorService.generatePrice with args=[] 
2026-05-12T22:39:52.286 [INFO] requestId:[                                    ] thread:[scheduling-1             ] c.s.t.service.PriceSimulatorService.generatePrice@55:
   Price event sent | symbol=ETH price=4597.1928 topic=prices 
2026-05-12T22:39:52.286 [INFO] requestId:[                                    ] thread:[scheduling-1             ] c.s.testHibernate.logging.LoggingAspect.logExecution@33:
   Exiting com.saber.testHibernate.service.PriceSimulatorService.generatePrice | executionTime=3 ms 
2026-05-12T22:40:52.295 [INFO] requestId:[                                    ] thread:[scheduling-1             ] c.s.testHibernate.logging.LoggingAspect.logExecution@28:
   Entering com.saber.testHibernate.service.PriceSimulatorService.generatePrice with args=[] 
2026-05-12T22:40:52.297 [INFO] requestId:[                                    ] thread:[scheduling-1             ] c.s.t.service.PriceSimulatorService.generatePrice@55:
   Price event sent | symbol=ETH price=4272.7352 topic=prices 
2026-05-12T22:40:52.297 [INFO] requestId:[                                    ] thread:[scheduling-1             ] c.s.testHibernate.logging.LoggingAspect.logExecution@33:
   Exiting com.saber.testHibernate.service.PriceSimulatorService.generatePrice | executionTime=2 ms 
2026-05-12T22:41:52.293 [INFO] requestId:[                                    ] thread:[scheduling-1             ] c.s.testHibernate.logging.LoggingAspect.logExecution@28:
   Entering com.saber.testHibernate.service.PriceSimulatorService.generatePrice with args=[] 
2026-05-12T22:41:52.294 [INFO] requestId:[                                    ] thread:[scheduling-1             ] c.s.t.service.PriceSimulatorService.generatePrice@55:
   Price event sent | symbol=BTC price=26669.5626 topic=prices 
2026-05-12T22:41:52.294 [INFO] requestId:[                                    ] thread:[scheduling-1             ] c.s.testHibernate.logging.LoggingAspect.logExecution@33:
   Exiting com.saber.testHibernate.service.PriceSimulatorService.generatePrice | executionTime=1 ms 
2026-05-12T22:42:52.291 [INFO] requestId:[                                    ] thread:[scheduling-1             ] c.s.testHibernate.logging.LoggingAspect.logExecution@28:
   Entering com.saber.testHibernate.service.PriceSimulatorService.generatePrice with args=[] 
2026-05-12T22:42:52.294 [INFO] requestId:[                                    ] thread:[scheduling-1             ] c.s.t.service.PriceSimulatorService.generatePrice@55:
   Price event sent | symbol=AAPL price=181.2049 topic=prices 
2026-05-12T22:42:52.294 [INFO] requestId:[                                    ] thread:[scheduling-1             ] c.s.testHibernate.logging.LoggingAspect.logExecution@33:
   Exiting com.saber.testHibernate.service.PriceSimulatorService.generatePrice | executionTime=3 ms 
2026-05-12T22:43:52.294 [INFO] requestId:[                                    ] thread:[scheduling-1             ] c.s.testHibernate.logging.LoggingAspect.logExecution@28:
   Entering com.saber.testHibernate.service.PriceSimulatorService.generatePrice with args=[] 
2026-05-12T22:43:52.298 [INFO] requestId:[                                    ] thread:[scheduling-1             ] c.s.t.service.PriceSimulatorService.generatePrice@55:
   Price event sent | symbol=BTC price=27327.1167 topic=prices 
2026-05-12T22:43:52.298 [INFO] requestId:[                                    ] thread:[scheduling-1             ] c.s.testHibernate.logging.LoggingAspect.logExecution@33:
   Exiting com.saber.testHibernate.service.PriceSimulatorService.generatePrice | executionTime=4 ms 
2026-05-12T22:44:52.295 [INFO] requestId:[                                    ] thread:[scheduling-1             ] c.s.testHibernate.logging.LoggingAspect.logExecution@28:
   Entering com.saber.testHibernate.service.PriceSimulatorService.generatePrice with args=[] 
2026-05-12T22:44:52.298 [INFO] requestId:[                                    ] thread:[scheduling-1             ] c.s.t.service.PriceSimulatorService.generatePrice@55:
   Price event sent | symbol=BTC price=25820.0643 topic=prices 
2026-05-12T22:44:52.298 [INFO] requestId:[                                    ] thread:[scheduling-1             ] c.s.testHibernate.logging.LoggingAspect.logExecution@33:
   Exiting com.saber.testHibernate.service.PriceSimulatorService.generatePrice | executionTime=3 ms 
2026-05-12T22:45:52.290 [INFO] requestId:[                                    ] thread:[scheduling-1             ] c.s.testHibernate.logging.LoggingAspect.logExecution@28:
   Entering com.saber.testHibernate.service.PriceSimulatorService.generatePrice with args=[] 
2026-05-12T22:45:52.294 [INFO] requestId:[                                    ] thread:[scheduling-1             ] c.s.t.service.PriceSimulatorService.generatePrice@55:
   Price event sent | symbol=GOOG price=90.2556 topic=prices 
2026-05-12T22:45:52.295 [INFO] requestId:[                                    ] thread:[scheduling-1             ] c.s.testHibernate.logging.LoggingAspect.logExecution@33:
   Exiting com.saber.testHibernate.service.PriceSimulatorService.generatePrice | executionTime=5 ms 
2026-05-12T22:46:52.297 [INFO] requestId:[                                    ] thread:[scheduling-1             ] c.s.testHibernate.logging.LoggingAspect.logExecution@28:
   Entering com.saber.testHibernate.service.PriceSimulatorService.generatePrice with args=[] 
2026-05-12T22:46:52.299 [INFO] requestId:[                                    ] thread:[scheduling-1             ] c.s.t.service.PriceSimulatorService.generatePrice@55:
   Price event sent | symbol=ETH price=4272.8380 topic=prices 
2026-05-12T22:46:52.299 [INFO] requestId:[                                    ] thread:[scheduling-1             ] c.s.testHibernate.logging.LoggingAspect.logExecution@33:
   Exiting com.saber.testHibernate.service.PriceSimulatorService.generatePrice | executionTime=2 ms 
2026-05-12T22:47:52.297 [INFO] requestId:[                                    ] thread:[scheduling-1             ] c.s.testHibernate.logging.LoggingAspect.logExecution@28:
   Entering com.saber.testHibernate.service.PriceSimulatorService.generatePrice with args=[] 
2026-05-12T22:47:52.300 [INFO] requestId:[                                    ] thread:[scheduling-1             ] c.s.t.service.PriceSimulatorService.generatePrice@55:
   Price event sent | symbol=ETH price=4000.2541 topic=prices 
2026-05-12T22:47:52.300 [INFO] requestId:[                                    ] thread:[scheduling-1             ] c.s.testHibernate.logging.LoggingAspect.logExecution@33:
   Exiting com.saber.testHibernate.service.PriceSimulatorService.generatePrice | executionTime=3 ms 
2026-05-12T22:48:52.296 [INFO] requestId:[                                    ] thread:[scheduling-1             ] c.s.testHibernate.logging.LoggingAspect.logExecution@28:
   Entering com.saber.testHibernate.service.PriceSimulatorService.generatePrice with args=[] 
2026-05-12T22:48:52.298 [INFO] requestId:[                                    ] thread:[scheduling-1             ] c.s.t.service.PriceSimulatorService.generatePrice@55:
   Price event sent | symbol=ETH price=4322.9317 topic=prices 
2026-05-12T22:48:52.299 [INFO] requestId:[                                    ] thread:[scheduling-1             ] c.s.testHibernate.logging.LoggingAspect.logExecution@33:
   Exiting com.saber.testHibernate.service.PriceSimulatorService.generatePrice | executionTime=3 ms 
2026-05-12T22:49:52.286 [INFO] requestId:[                                    ] thread:[scheduling-1             ] c.s.testHibernate.logging.LoggingAspect.logExecution@28:
   Entering com.saber.testHibernate.service.PriceSimulatorService.generatePrice with args=[] 
2026-05-12T22:49:52.290 [INFO] requestId:[                                    ] thread:[scheduling-1             ] c.s.t.service.PriceSimulatorService.generatePrice@55:
   Price event sent | symbol=BTC price=26840.3292 topic=prices 
2026-05-12T22:49:52.291 [INFO] requestId:[                                    ] thread:[scheduling-1             ] c.s.testHibernate.logging.LoggingAspect.logExecution@33:
   Exiting com.saber.testHibernate.service.PriceSimulatorService.generatePrice | executionTime=5 ms 
2026-05-12T22:50:52.295 [INFO] requestId:[                                    ] thread:[scheduling-1             ] c.s.testHibernate.logging.LoggingAspect.logExecution@28:
   Entering com.saber.testHibernate.service.PriceSimulatorService.generatePrice with args=[] 
2026-05-12T22:50:52.297 [INFO] requestId:[                                    ] thread:[scheduling-1             ] c.s.t.service.PriceSimulatorService.generatePrice@55:
   Price event sent | symbol=GOOG price=84.0029 topic=prices 
2026-05-12T22:50:52.297 [INFO] requestId:[                                    ] thread:[scheduling-1             ] c.s.testHibernate.logging.LoggingAspect.logExecution@33:
   Exiting com.saber.testHibernate.service.PriceSimulatorService.generatePrice | executionTime=2 ms 
2026-05-12T22:51:52.302 [INFO] requestId:[                                    ] thread:[scheduling-1             ] c.s.testHibernate.logging.LoggingAspect.logExecution@28:
   Entering com.saber.testHibernate.service.PriceSimulatorService.generatePrice with args=[] 
2026-05-12T22:51:52.304 [INFO] requestId:[                                    ] thread:[scheduling-1             ] c.s.t.service.PriceSimulatorService.generatePrice@55:
   Price event sent | symbol=ETH price=3988.7764 topic=prices 
2026-05-12T22:51:52.304 [INFO] requestId:[                                    ] thread:[scheduling-1             ] c.s.testHibernate.logging.LoggingAspect.logExecution@33:
   Exiting com.saber.testHibernate.service.PriceSimulatorService.generatePrice | executionTime=2 ms 
2026-05-12T22:52:52.291 [INFO] requestId:[                                    ] thread:[scheduling-1             ] c.s.testHibernate.logging.LoggingAspect.logExecution@28:
   Entering com.saber.testHibernate.service.PriceSimulatorService.generatePrice with args=[] 
2026-05-12T22:52:52.294 [INFO] requestId:[                                    ] thread:[scheduling-1             ] c.s.t.service.PriceSimulatorService.generatePrice@55:
   Price event sent | symbol=AAPL price=163.6920 topic=prices 
2026-05-12T22:52:52.294 [INFO] requestId:[                                    ] thread:[scheduling-1             ] c.s.testHibernate.logging.LoggingAspect.logExecution@33:
   Exiting com.saber.testHibernate.service.PriceSimulatorService.generatePrice | executionTime=3 ms 
2026-05-12T22:53:52.302 [INFO] requestId:[                                    ] thread:[scheduling-1             ] c.s.testHibernate.logging.LoggingAspect.logExecution@28:
   Entering com.saber.testHibernate.service.PriceSimulatorService.generatePrice with args=[] 
2026-05-12T22:53:52.304 [INFO] requestId:[                                    ] thread:[scheduling-1             ] c.s.t.service.PriceSimulatorService.generatePrice@55:
   Price event sent | symbol=AAPL price=152.7045 topic=prices 
2026-05-12T22:53:52.306 [INFO] requestId:[                                    ] thread:[scheduling-1             ] c.s.testHibernate.logging.LoggingAspect.logExecution@33:
   Exiting com.saber.testHibernate.service.PriceSimulatorService.generatePrice | executionTime=4 ms 
2026-05-12T22:54:52.292 [INFO] requestId:[                                    ] thread:[scheduling-1             ] c.s.testHibernate.logging.LoggingAspect.logExecution@28:
   Entering com.saber.testHibernate.service.PriceSimulatorService.generatePrice with args=[] 
2026-05-12T22:54:52.294 [INFO] requestId:[                                    ] thread:[scheduling-1             ] c.s.t.service.PriceSimulatorService.generatePrice@55:
   Price event sent | symbol=BTC price=27369.0438 topic=prices 
2026-05-12T22:54:52.296 [INFO] requestId:[                                    ] thread:[scheduling-1             ] c.s.testHibernate.logging.LoggingAspect.logExecution@33:
   Exiting com.saber.testHibernate.service.PriceSimulatorService.generatePrice | executionTime=3 ms 
2026-05-12T22:55:52.292 [INFO] requestId:[                                    ] thread:[scheduling-1             ] c.s.testHibernate.logging.LoggingAspect.logExecution@28:
   Entering com.saber.testHibernate.service.PriceSimulatorService.generatePrice with args=[] 
2026-05-12T22:55:52.295 [INFO] requestId:[                                    ] thread:[scheduling-1             ] c.s.t.service.PriceSimulatorService.generatePrice@55:
   Price event sent | symbol=ETH price=4386.5031 topic=prices 
2026-05-12T22:55:52.295 [INFO] requestId:[                                    ] thread:[scheduling-1             ] c.s.testHibernate.logging.LoggingAspect.logExecution@33:
   Exiting com.saber.testHibernate.service.PriceSimulatorService.generatePrice | executionTime=3 ms 
2026-05-12T22:56:52.298 [INFO] requestId:[                                    ] thread:[scheduling-1             ] c.s.testHibernate.logging.LoggingAspect.logExecution@28:
   Entering com.saber.testHibernate.service.PriceSimulatorService.generatePrice with args=[] 
2026-05-12T22:56:52.300 [INFO] requestId:[                                    ] thread:[scheduling-1             ] c.s.t.service.PriceSimulatorService.generatePrice@55:
   Price event sent | symbol=BTC price=29747.3586 topic=prices 
2026-05-12T22:56:52.301 [INFO] requestId:[                                    ] thread:[scheduling-1             ] c.s.testHibernate.logging.LoggingAspect.logExecution@33:
   Exiting com.saber.testHibernate.service.PriceSimulatorService.generatePrice | executionTime=2 ms 
2026-05-12T22:57:52.295 [INFO] requestId:[                                    ] thread:[scheduling-1             ] c.s.testHibernate.logging.LoggingAspect.logExecution@28:
   Entering com.saber.testHibernate.service.PriceSimulatorService.generatePrice with args=[] 
2026-05-12T22:57:52.296 [INFO] requestId:[                                    ] thread:[scheduling-1             ] c.s.t.service.PriceSimulatorService.generatePrice@55:
   Price event sent | symbol=GOOG price=78.4556 topic=prices 
2026-05-12T22:57:52.296 [INFO] requestId:[                                    ] thread:[scheduling-1             ] c.s.testHibernate.logging.LoggingAspect.logExecution@33:
   Exiting com.saber.testHibernate.service.PriceSimulatorService.generatePrice | executionTime=1 ms 
2026-05-12T22:58:52.292 [INFO] requestId:[                                    ] thread:[scheduling-1             ] c.s.testHibernate.logging.LoggingAspect.logExecution@28:
   Entering com.saber.testHibernate.service.PriceSimulatorService.generatePrice with args=[] 
2026-05-12T22:58:52.293 [INFO] requestId:[                                    ] thread:[scheduling-1             ] c.s.t.service.PriceSimulatorService.generatePrice@55:
   Price event sent | symbol=BTC price=27846.3736 topic=prices 
2026-05-12T22:58:52.293 [INFO] requestId:[                                    ] thread:[scheduling-1             ] c.s.testHibernate.logging.LoggingAspect.logExecution@33:
   Exiting com.saber.testHibernate.service.PriceSimulatorService.generatePrice | executionTime=1 ms 
2026-05-12T22:59:52.306 [INFO] requestId:[                                    ] thread:[scheduling-1             ] c.s.testHibernate.logging.LoggingAspect.logExecution@28:
   Entering com.saber.testHibernate.service.PriceSimulatorService.generatePrice with args=[] 
2026-05-12T22:59:52.309 [INFO] requestId:[                                    ] thread:[scheduling-1             ] c.s.t.service.PriceSimulatorService.generatePrice@55:
   Price event sent | symbol=BTC price=25267.4168 topic=prices 
2026-05-12T22:59:52.309 [INFO] requestId:[                                    ] thread:[scheduling-1             ] c.s.testHibernate.logging.LoggingAspect.logExecution@33:
   Exiting com.saber.testHibernate.service.PriceSimulatorService.generatePrice | executionTime=3 ms 
2026-05-12T23:00:52.302 [INFO] requestId:[                                    ] thread:[scheduling-1             ] c.s.testHibernate.logging.LoggingAspect.logExecution@28:
   Entering com.saber.testHibernate.service.PriceSimulatorService.generatePrice with args=[] 
2026-05-12T23:00:52.303 [INFO] requestId:[                                    ] thread:[scheduling-1             ] c.s.t.service.PriceSimulatorService.generatePrice@55:
   Price event sent | symbol=AAPL price=162.5454 topic=prices 
2026-05-12T23:00:52.304 [INFO] requestId:[                                    ] thread:[scheduling-1             ] c.s.testHibernate.logging.LoggingAspect.logExecution@33:
   Exiting com.saber.testHibernate.service.PriceSimulatorService.generatePrice | executionTime=2 ms 
2026-05-12T23:01:52.304 [INFO] requestId:[                                    ] thread:[scheduling-1             ] c.s.testHibernate.logging.LoggingAspect.logExecution@28:
   Entering com.saber.testHibernate.service.PriceSimulatorService.generatePrice with args=[] 
2026-05-12T23:01:52.308 [INFO] requestId:[                                    ] thread:[scheduling-1             ] c.s.t.service.PriceSimulatorService.generatePrice@55:
   Price event sent | symbol=ETH price=4074.0314 topic=prices 
2026-05-12T23:01:52.308 [INFO] requestId:[                                    ] thread:[scheduling-1             ] c.s.testHibernate.logging.LoggingAspect.logExecution@33:
   Exiting com.saber.testHibernate.service.PriceSimulatorService.generatePrice | executionTime=4 ms 
2026-05-12T23:02:52.295 [INFO] requestId:[                                    ] thread:[scheduling-1             ] c.s.testHibernate.logging.LoggingAspect.logExecution@28:
   Entering com.saber.testHibernate.service.PriceSimulatorService.generatePrice with args=[] 
2026-05-12T23:02:52.297 [INFO] requestId:[                                    ] thread:[scheduling-1             ] c.s.t.service.PriceSimulatorService.generatePrice@55:
   Price event sent | symbol=AAPL price=168.7820 topic=prices 
2026-05-12T23:02:52.298 [INFO] requestId:[                                    ] thread:[scheduling-1             ] c.s.testHibernate.logging.LoggingAspect.logExecution@33:
   Exiting com.saber.testHibernate.service.PriceSimulatorService.generatePrice | executionTime=3 ms 
2026-05-12T23:03:52.309 [INFO] requestId:[                                    ] thread:[scheduling-1             ] c.s.testHibernate.logging.LoggingAspect.logExecution@28:
   Entering com.saber.testHibernate.service.PriceSimulatorService.generatePrice with args=[] 
2026-05-12T23:03:52.313 [INFO] requestId:[                                    ] thread:[scheduling-1             ] c.s.t.service.PriceSimulatorService.generatePrice@55:
   Price event sent | symbol=BTC price=26686.3939 topic=prices 
2026-05-12T23:03:52.314 [INFO] requestId:[                                    ] thread:[scheduling-1             ] c.s.testHibernate.logging.LoggingAspect.logExecution@33:
   Exiting com.saber.testHibernate.service.PriceSimulatorService.generatePrice | executionTime=5 ms 
2026-05-12T23:04:52.310 [INFO] requestId:[                                    ] thread:[scheduling-1             ] c.s.testHibernate.logging.LoggingAspect.logExecution@28:
   Entering com.saber.testHibernate.service.PriceSimulatorService.generatePrice with args=[] 
2026-05-12T23:04:52.312 [INFO] requestId:[                                    ] thread:[scheduling-1             ] c.s.t.service.PriceSimulatorService.generatePrice@55:
   Price event sent | symbol=AAPL price=162.6882 topic=prices 
2026-05-12T23:04:52.314 [INFO] requestId:[                                    ] thread:[scheduling-1             ] c.s.testHibernate.logging.LoggingAspect.logExecution@33:
   Exiting com.saber.testHibernate.service.PriceSimulatorService.generatePrice | executionTime=4 ms 
2026-05-12T23:05:52.302 [INFO] requestId:[                                    ] thread:[scheduling-1             ] c.s.testHibernate.logging.LoggingAspect.logExecution@28:
   Entering com.saber.testHibernate.service.PriceSimulatorService.generatePrice with args=[] 
2026-05-12T23:05:52.305 [INFO] requestId:[                                    ] thread:[scheduling-1             ] c.s.t.service.PriceSimulatorService.generatePrice@55:
   Price event sent | symbol=AAPL price=147.0729 topic=prices 
2026-05-12T23:05:52.306 [INFO] requestId:[                                    ] thread:[scheduling-1             ] c.s.testHibernate.logging.LoggingAspect.logExecution@33:
   Exiting com.saber.testHibernate.service.PriceSimulatorService.generatePrice | executionTime=4 ms 
2026-05-12T23:06:52.296 [INFO] requestId:[                                    ] thread:[scheduling-1             ] c.s.testHibernate.logging.LoggingAspect.logExecution@28:
   Entering com.saber.testHibernate.service.PriceSimulatorService.generatePrice with args=[] 
2026-05-12T23:06:52.298 [INFO] requestId:[                                    ] thread:[scheduling-1             ] c.s.t.service.PriceSimulatorService.generatePrice@55:
   Price event sent | symbol=ETH price=4370.3520 topic=prices 
2026-05-12T23:06:52.298 [INFO] requestId:[                                    ] thread:[scheduling-1             ] c.s.testHibernate.logging.LoggingAspect.logExecution@33:
   Exiting com.saber.testHibernate.service.PriceSimulatorService.generatePrice | executionTime=2 ms 
2026-05-12T23:07:52.311 [INFO] requestId:[                                    ] thread:[scheduling-1             ] c.s.testHibernate.logging.LoggingAspect.logExecution@28:
   Entering com.saber.testHibernate.service.PriceSimulatorService.generatePrice with args=[] 
2026-05-12T23:07:52.314 [INFO] requestId:[                                    ] thread:[scheduling-1             ] c.s.t.service.PriceSimulatorService.generatePrice@55:
   Price event sent | symbol=BTC price=28402.5078 topic=prices 
2026-05-12T23:07:52.314 [INFO] requestId:[                                    ] thread:[scheduling-1             ] c.s.testHibernate.logging.LoggingAspect.logExecution@33:
   Exiting com.saber.testHibernate.service.PriceSimulatorService.generatePrice | executionTime=3 ms 
2026-05-12T23:08:52.298 [INFO] requestId:[                                    ] thread:[scheduling-1             ] c.s.testHibernate.logging.LoggingAspect.logExecution@28:
   Entering com.saber.testHibernate.service.PriceSimulatorService.generatePrice with args=[] 
2026-05-12T23:08:52.301 [INFO] requestId:[                                    ] thread:[scheduling-1             ] c.s.t.service.PriceSimulatorService.generatePrice@55:
   Price event sent | symbol=GOOG price=71.1250 topic=prices 
2026-05-12T23:08:52.302 [INFO] requestId:[                                    ] thread:[scheduling-1             ] c.s.testHibernate.logging.LoggingAspect.logExecution@33:
   Exiting com.saber.testHibernate.service.PriceSimulatorService.generatePrice | executionTime=4 ms 
2026-05-12T23:09:52.305 [INFO] requestId:[                                    ] thread:[scheduling-1             ] c.s.testHibernate.logging.LoggingAspect.logExecution@28:
   Entering com.saber.testHibernate.service.PriceSimulatorService.generatePrice with args=[] 
2026-05-12T23:09:52.307 [INFO] requestId:[                                    ] thread:[scheduling-1             ] c.s.t.service.PriceSimulatorService.generatePrice@55:
   Price event sent | symbol=ETH price=4661.3235 topic=prices 
2026-05-12T23:09:52.308 [INFO] requestId:[                                    ] thread:[scheduling-1             ] c.s.testHibernate.logging.LoggingAspect.logExecution@33:
   Exiting com.saber.testHibernate.service.PriceSimulatorService.generatePrice | executionTime=3 ms 
2026-05-12T23:10:52.304 [INFO] requestId:[                                    ] thread:[scheduling-1             ] c.s.testHibernate.logging.LoggingAspect.logExecution@28:
   Entering com.saber.testHibernate.service.PriceSimulatorService.generatePrice with args=[] 
2026-05-12T23:10:52.305 [INFO] requestId:[                                    ] thread:[scheduling-1             ] c.s.t.service.PriceSimulatorService.generatePrice@55:
   Price event sent | symbol=BTC price=26140.6897 topic=prices 
2026-05-12T23:10:52.306 [INFO] requestId:[                                    ] thread:[scheduling-1             ] c.s.testHibernate.logging.LoggingAspect.logExecution@33:
   Exiting com.saber.testHibernate.service.PriceSimulatorService.generatePrice | executionTime=2 ms 
2026-05-12T23:11:52.314 [INFO] requestId:[                                    ] thread:[scheduling-1             ] c.s.testHibernate.logging.LoggingAspect.logExecution@28:
   Entering com.saber.testHibernate.service.PriceSimulatorService.generatePrice with args=[] 
2026-05-12T23:11:52.316 [INFO] requestId:[                                    ] thread:[scheduling-1             ] c.s.t.service.PriceSimulatorService.generatePrice@55:
   Price event sent | symbol=ETH price=4754.6254 topic=prices 
2026-05-12T23:11:52.316 [INFO] requestId:[                                    ] thread:[scheduling-1             ] c.s.testHibernate.logging.LoggingAspect.logExecution@33:
   Exiting com.saber.testHibernate.service.PriceSimulatorService.generatePrice | executionTime=2 ms 
2026-05-12T23:12:52.305 [INFO] requestId:[                                    ] thread:[scheduling-1             ] c.s.testHibernate.logging.LoggingAspect.logExecution@28:
   Entering com.saber.testHibernate.service.PriceSimulatorService.generatePrice with args=[] 
2026-05-12T23:12:52.307 [INFO] requestId:[                                    ] thread:[scheduling-1             ] c.s.t.service.PriceSimulatorService.generatePrice@55:
   Price event sent | symbol=GOOG price=74.4170 topic=prices 
2026-05-12T23:12:52.308 [INFO] requestId:[                                    ] thread:[scheduling-1             ] c.s.testHibernate.logging.LoggingAspect.logExecution@33:
   Exiting com.saber.testHibernate.service.PriceSimulatorService.generatePrice | executionTime=3 ms 
2026-05-12T23:13:52.304 [INFO] requestId:[                                    ] thread:[scheduling-1             ] c.s.testHibernate.logging.LoggingAspect.logExecution@28:
   Entering com.saber.testHibernate.service.PriceSimulatorService.generatePrice with args=[] 
2026-05-12T23:13:52.305 [INFO] requestId:[                                    ] thread:[scheduling-1             ] c.s.t.service.PriceSimulatorService.generatePrice@55:
   Price event sent | symbol=GOOG price=67.3549 topic=prices 
2026-05-12T23:13:52.306 [INFO] requestId:[                                    ] thread:[scheduling-1             ] c.s.testHibernate.logging.LoggingAspect.logExecution@33:
   Exiting com.saber.testHibernate.service.PriceSimulatorService.generatePrice | executionTime=2 ms 
2026-05-12T23:14:52.311 [INFO] requestId:[                                    ] thread:[scheduling-1             ] c.s.testHibernate.logging.LoggingAspect.logExecution@28:
   Entering com.saber.testHibernate.service.PriceSimulatorService.generatePrice with args=[] 
2026-05-12T23:14:52.313 [INFO] requestId:[                                    ] thread:[scheduling-1             ] c.s.t.service.PriceSimulatorService.generatePrice@55:
   Price event sent | symbol=BTC price=23581.8308 topic=prices 
2026-05-12T23:14:52.315 [INFO] requestId:[                                    ] thread:[scheduling-1             ] c.s.testHibernate.logging.LoggingAspect.logExecution@33:
   Exiting com.saber.testHibernate.service.PriceSimulatorService.generatePrice | executionTime=4 ms 
2026-05-12T23:15:52.302 [INFO] requestId:[                                    ] thread:[scheduling-1             ] c.s.testHibernate.logging.LoggingAspect.logExecution@28:
   Entering com.saber.testHibernate.service.PriceSimulatorService.generatePrice with args=[] 
2026-05-12T23:15:52.304 [INFO] requestId:[                                    ] thread:[scheduling-1             ] c.s.t.service.PriceSimulatorService.generatePrice@55:
   Price event sent | symbol=GOOG price=61.5577 topic=prices 
2026-05-12T23:15:52.305 [INFO] requestId:[                                    ] thread:[scheduling-1             ] c.s.testHibernate.logging.LoggingAspect.logExecution@33:
   Exiting com.saber.testHibernate.service.PriceSimulatorService.generatePrice | executionTime=3 ms 
2026-05-12T23:16:52.303 [INFO] requestId:[                                    ] thread:[scheduling-1             ] c.s.testHibernate.logging.LoggingAspect.logExecution@28:
   Entering com.saber.testHibernate.service.PriceSimulatorService.generatePrice with args=[] 
2026-05-12T23:16:52.305 [INFO] requestId:[                                    ] thread:[scheduling-1             ] c.s.t.service.PriceSimulatorService.generatePrice@55:
   Price event sent | symbol=GOOG price=57.4173 topic=prices 
2026-05-12T23:16:52.306 [INFO] requestId:[                                    ] thread:[scheduling-1             ] c.s.testHibernate.logging.LoggingAspect.logExecution@33:
   Exiting com.saber.testHibernate.service.PriceSimulatorService.generatePrice | executionTime=3 ms 
2026-05-12T23:17:52.307 [INFO] requestId:[                                    ] thread:[scheduling-1             ] c.s.testHibernate.logging.LoggingAspect.logExecution@28:
   Entering com.saber.testHibernate.service.PriceSimulatorService.generatePrice with args=[] 
2026-05-12T23:17:52.309 [INFO] requestId:[                                    ] thread:[scheduling-1             ] c.s.t.service.PriceSimulatorService.generatePrice@55:
   Price event sent | symbol=GOOG price=54.8820 topic=prices 
2026-05-12T23:17:52.310 [INFO] requestId:[                                    ] thread:[scheduling-1             ] c.s.testHibernate.logging.LoggingAspect.logExecution@33:
   Exiting com.saber.testHibernate.service.PriceSimulatorService.generatePrice | executionTime=3 ms 
2026-05-12T23:18:52.317 [INFO] requestId:[                                    ] thread:[scheduling-1             ] c.s.testHibernate.logging.LoggingAspect.logExecution@28:
   Entering com.saber.testHibernate.service.PriceSimulatorService.generatePrice with args=[] 
2026-05-12T23:18:52.319 [INFO] requestId:[                                    ] thread:[scheduling-1             ] c.s.t.service.PriceSimulatorService.generatePrice@55:
   Price event sent | symbol=BTC price=22121.4040 topic=prices 
2026-05-12T23:18:52.320 [INFO] requestId:[                                    ] thread:[scheduling-1             ] c.s.testHibernate.logging.LoggingAspect.logExecution@33:
   Exiting com.saber.testHibernate.service.PriceSimulatorService.generatePrice | executionTime=3 ms 
2026-05-12T23:19:52.316 [INFO] requestId:[                                    ] thread:[scheduling-1             ] c.s.testHibernate.logging.LoggingAspect.logExecution@28:
   Entering com.saber.testHibernate.service.PriceSimulatorService.generatePrice with args=[] 
2026-05-12T23:19:52.318 [INFO] requestId:[                                    ] thread:[scheduling-1             ] c.s.t.service.PriceSimulatorService.generatePrice@55:
   Price event sent | symbol=BTC price=20390.9549 topic=prices 
2026-05-12T23:19:52.319 [INFO] requestId:[                                    ] thread:[scheduling-1             ] c.s.testHibernate.logging.LoggingAspect.logExecution@33:
   Exiting com.saber.testHibernate.service.PriceSimulatorService.generatePrice | executionTime=3 ms 
2026-05-12T23:20:52.311 [INFO] requestId:[                                    ] thread:[scheduling-1             ] c.s.testHibernate.logging.LoggingAspect.logExecution@28:
   Entering com.saber.testHibernate.service.PriceSimulatorService.generatePrice with args=[] 
2026-05-12T23:20:52.313 [INFO] requestId:[                                    ] thread:[scheduling-1             ] c.s.t.service.PriceSimulatorService.generatePrice@55:
   Price event sent | symbol=GOOG price=56.7055 topic=prices 
2026-05-12T23:20:52.313 [INFO] requestId:[                                    ] thread:[scheduling-1             ] c.s.testHibernate.logging.LoggingAspect.logExecution@33:
   Exiting com.saber.testHibernate.service.PriceSimulatorService.generatePrice | executionTime=2 ms 
2026-05-12T23:21:52.313 [INFO] requestId:[                                    ] thread:[scheduling-1             ] c.s.testHibernate.logging.LoggingAspect.logExecution@28:
   Entering com.saber.testHibernate.service.PriceSimulatorService.generatePrice with args=[] 
2026-05-12T23:21:52.316 [INFO] requestId:[                                    ] thread:[scheduling-1             ] c.s.t.service.PriceSimulatorService.generatePrice@55:
   Price event sent | symbol=ETH price=4878.5686 topic=prices 
2026-05-12T23:21:52.316 [INFO] requestId:[                                    ] thread:[scheduling-1             ] c.s.testHibernate.logging.LoggingAspect.logExecution@33:
   Exiting com.saber.testHibernate.service.PriceSimulatorService.generatePrice | executionTime=3 ms 
2026-05-12T23:22:52.312 [INFO] requestId:[                                    ] thread:[scheduling-1             ] c.s.testHibernate.logging.LoggingAspect.logExecution@28:
   Entering com.saber.testHibernate.service.PriceSimulatorService.generatePrice with args=[] 
2026-05-12T23:22:52.314 [INFO] requestId:[                                    ] thread:[scheduling-1             ] c.s.t.service.PriceSimulatorService.generatePrice@55:
   Price event sent | symbol=ETH price=4457.2441 topic=prices 
2026-05-12T23:22:52.314 [INFO] requestId:[                                    ] thread:[scheduling-1             ] c.s.testHibernate.logging.LoggingAspect.logExecution@33:
   Exiting com.saber.testHibernate.service.PriceSimulatorService.generatePrice | executionTime=2 ms 
2026-05-12T23:23:52.318 [INFO] requestId:[                                    ] thread:[scheduling-1             ] c.s.testHibernate.logging.LoggingAspect.logExecution@28:
   Entering com.saber.testHibernate.service.PriceSimulatorService.generatePrice with args=[] 
2026-05-12T23:23:52.321 [INFO] requestId:[                                    ] thread:[scheduling-1             ] c.s.t.service.PriceSimulatorService.generatePrice@55:
   Price event sent | symbol=BTC price=22229.0809 topic=prices 
2026-05-12T23:23:52.323 [INFO] requestId:[                                    ] thread:[scheduling-1             ] c.s.testHibernate.logging.LoggingAspect.logExecution@33:
   Exiting com.saber.testHibernate.service.PriceSimulatorService.generatePrice | executionTime=5 ms 
2026-05-12T23:24:52.321 [INFO] requestId:[                                    ] thread:[scheduling-1             ] c.s.testHibernate.logging.LoggingAspect.logExecution@28:
   Entering com.saber.testHibernate.service.PriceSimulatorService.generatePrice with args=[] 
2026-05-12T23:24:52.324 [INFO] requestId:[                                    ] thread:[scheduling-1             ] c.s.t.service.PriceSimulatorService.generatePrice@55:
   Price event sent | symbol=AAPL price=148.8817 topic=prices 
2026-05-12T23:24:52.325 [INFO] requestId:[                                    ] thread:[scheduling-1             ] c.s.testHibernate.logging.LoggingAspect.logExecution@33:
   Exiting com.saber.testHibernate.service.PriceSimulatorService.generatePrice | executionTime=4 ms 
2026-05-12T23:25:52.309 [INFO] requestId:[                                    ] thread:[scheduling-1             ] c.s.testHibernate.logging.LoggingAspect.logExecution@28:
   Entering com.saber.testHibernate.service.PriceSimulatorService.generatePrice with args=[] 
2026-05-12T23:25:52.310 [INFO] requestId:[                                    ] thread:[scheduling-1             ] c.s.t.service.PriceSimulatorService.generatePrice@55:
   Price event sent | symbol=GOOG price=57.5762 topic=prices 
2026-05-12T23:25:52.311 [INFO] requestId:[                                    ] thread:[scheduling-1             ] c.s.testHibernate.logging.LoggingAspect.logExecution@33:
   Exiting com.saber.testHibernate.service.PriceSimulatorService.generatePrice | executionTime=2 ms 
2026-05-12T23:26:52.309 [INFO] requestId:[                                    ] thread:[scheduling-1             ] c.s.testHibernate.logging.LoggingAspect.logExecution@28:
   Entering com.saber.testHibernate.service.PriceSimulatorService.generatePrice with args=[] 
2026-05-12T23:26:52.311 [INFO] requestId:[                                    ] thread:[scheduling-1             ] c.s.t.service.PriceSimulatorService.generatePrice@55:
   Price event sent | symbol=AAPL price=153.3769 topic=prices 
2026-05-12T23:26:52.311 [INFO] requestId:[                                    ] thread:[scheduling-1             ] c.s.testHibernate.logging.LoggingAspect.logExecution@33:
   Exiting com.saber.testHibernate.service.PriceSimulatorService.generatePrice | executionTime=2 ms 
2026-05-12T23:27:52.314 [INFO] requestId:[                                    ] thread:[scheduling-1             ] c.s.testHibernate.logging.LoggingAspect.logExecution@28:
   Entering com.saber.testHibernate.service.PriceSimulatorService.generatePrice with args=[] 
2026-05-12T23:27:52.318 [INFO] requestId:[                                    ] thread:[scheduling-1             ] c.s.t.service.PriceSimulatorService.generatePrice@55:
   Price event sent | symbol=AAPL price=162.3602 topic=prices 
2026-05-12T23:27:52.318 [INFO] requestId:[                                    ] thread:[scheduling-1             ] c.s.testHibernate.logging.LoggingAspect.logExecution@33:
   Exiting com.saber.testHibernate.service.PriceSimulatorService.generatePrice | executionTime=4 ms 
2026-05-12T23:28:52.316 [INFO] requestId:[                                    ] thread:[scheduling-1             ] c.s.testHibernate.logging.LoggingAspect.logExecution@28:
   Entering com.saber.testHibernate.service.PriceSimulatorService.generatePrice with args=[] 
2026-05-12T23:28:52.318 [INFO] requestId:[                                    ] thread:[scheduling-1             ] c.s.t.service.PriceSimulatorService.generatePrice@55:
   Price event sent | symbol=ETH price=4026.9621 topic=prices 
2026-05-12T23:28:52.319 [INFO] requestId:[                                    ] thread:[scheduling-1             ] c.s.testHibernate.logging.LoggingAspect.logExecution@33:
   Exiting com.saber.testHibernate.service.PriceSimulatorService.generatePrice | executionTime=3 ms 
2026-05-12T23:29:52.316 [INFO] requestId:[                                    ] thread:[scheduling-1             ] c.s.testHibernate.logging.LoggingAspect.logExecution@28:
   Entering com.saber.testHibernate.service.PriceSimulatorService.generatePrice with args=[] 
2026-05-12T23:29:52.318 [INFO] requestId:[                                    ] thread:[scheduling-1             ] c.s.t.service.PriceSimulatorService.generatePrice@55:
   Price event sent | symbol=AAPL price=160.9961 topic=prices 
2026-05-12T23:29:52.319 [INFO] requestId:[                                    ] thread:[scheduling-1             ] c.s.testHibernate.logging.LoggingAspect.logExecution@33:
   Exiting com.saber.testHibernate.service.PriceSimulatorService.generatePrice | executionTime=3 ms 
2026-05-12T23:30:52.324 [INFO] requestId:[                                    ] thread:[scheduling-1             ] c.s.testHibernate.logging.LoggingAspect.logExecution@28:
   Entering com.saber.testHibernate.service.PriceSimulatorService.generatePrice with args=[] 
2026-05-12T23:30:52.327 [INFO] requestId:[                                    ] thread:[scheduling-1             ] c.s.t.service.PriceSimulatorService.generatePrice@55:
   Price event sent | symbol=GOOG price=53.7223 topic=prices 
2026-05-12T23:30:52.328 [INFO] requestId:[                                    ] thread:[scheduling-1             ] c.s.testHibernate.logging.LoggingAspect.logExecution@33:
   Exiting com.saber.testHibernate.service.PriceSimulatorService.generatePrice | executionTime=4 ms 
2026-05-12T23:31:52.320 [INFO] requestId:[                                    ] thread:[scheduling-1             ] c.s.testHibernate.logging.LoggingAspect.logExecution@28:
   Entering com.saber.testHibernate.service.PriceSimulatorService.generatePrice with args=[] 
2026-05-12T23:31:52.322 [INFO] requestId:[                                    ] thread:[scheduling-1             ] c.s.t.service.PriceSimulatorService.generatePrice@55:
   Price event sent | symbol=BTC price=22252.5025 topic=prices 
2026-05-12T23:31:52.327 [INFO] requestId:[                                    ] thread:[scheduling-1             ] c.s.testHibernate.logging.LoggingAspect.logExecution@33:
   Exiting com.saber.testHibernate.service.PriceSimulatorService.generatePrice | executionTime=7 ms 
2026-05-12T23:32:52.321 [INFO] requestId:[                                    ] thread:[scheduling-1             ] c.s.testHibernate.logging.LoggingAspect.logExecution@28:
   Entering com.saber.testHibernate.service.PriceSimulatorService.generatePrice with args=[] 
2026-05-12T23:32:52.323 [INFO] requestId:[                                    ] thread:[scheduling-1             ] c.s.t.service.PriceSimulatorService.generatePrice@55:
   Price event sent | symbol=GOOG price=48.3869 topic=prices 
2026-05-12T23:32:52.325 [INFO] requestId:[                                    ] thread:[scheduling-1             ] c.s.testHibernate.logging.LoggingAspect.logExecution@33:
   Exiting com.saber.testHibernate.service.PriceSimulatorService.generatePrice | executionTime=4 ms 
2026-05-12T23:33:52.317 [INFO] requestId:[                                    ] thread:[scheduling-1             ] c.s.testHibernate.logging.LoggingAspect.logExecution@28:
   Entering com.saber.testHibernate.service.PriceSimulatorService.generatePrice with args=[] 
2026-05-12T23:33:52.318 [INFO] requestId:[                                    ] thread:[scheduling-1             ] c.s.t.service.PriceSimulatorService.generatePrice@55:
   Price event sent | symbol=AAPL price=157.7037 topic=prices 
2026-05-12T23:33:52.319 [INFO] requestId:[                                    ] thread:[scheduling-1             ] c.s.testHibernate.logging.LoggingAspect.logExecution@33:
   Exiting com.saber.testHibernate.service.PriceSimulatorService.generatePrice | executionTime=2 ms 
2026-05-12T23:34:52.316 [INFO] requestId:[                                    ] thread:[scheduling-1             ] c.s.testHibernate.logging.LoggingAspect.logExecution@28:
   Entering com.saber.testHibernate.service.PriceSimulatorService.generatePrice with args=[] 
2026-05-12T23:34:52.320 [INFO] requestId:[                                    ] thread:[scheduling-1             ] c.s.t.service.PriceSimulatorService.generatePrice@55:
   Price event sent | symbol=GOOG price=47.7685 topic=prices 
2026-05-12T23:34:52.321 [INFO] requestId:[                                    ] thread:[scheduling-1             ] c.s.testHibernate.logging.LoggingAspect.logExecution@33:
   Exiting com.saber.testHibernate.service.PriceSimulatorService.generatePrice | executionTime=5 ms 
2026-05-12T23:35:52.322 [INFO] requestId:[                                    ] thread:[scheduling-1             ] c.s.testHibernate.logging.LoggingAspect.logExecution@28:
   Entering com.saber.testHibernate.service.PriceSimulatorService.generatePrice with args=[] 
2026-05-12T23:35:52.325 [INFO] requestId:[                                    ] thread:[scheduling-1             ] c.s.t.service.PriceSimulatorService.generatePrice@55:
   Price event sent | symbol=ETH price=4029.5184 topic=prices 
2026-05-12T23:35:52.326 [INFO] requestId:[                                    ] thread:[scheduling-1             ] c.s.testHibernate.logging.LoggingAspect.logExecution@33:
   Exiting com.saber.testHibernate.service.PriceSimulatorService.generatePrice | executionTime=4 ms 
2026-05-12T23:36:52.316 [INFO] requestId:[                                    ] thread:[scheduling-1             ] c.s.testHibernate.logging.LoggingAspect.logExecution@28:
   Entering com.saber.testHibernate.service.PriceSimulatorService.generatePrice with args=[] 
2026-05-12T23:36:52.318 [INFO] requestId:[                                    ] thread:[scheduling-1             ] c.s.t.service.PriceSimulatorService.generatePrice@55:
   Price event sent | symbol=AAPL price=145.6391 topic=prices 
2026-05-12T23:36:52.318 [INFO] requestId:[                                    ] thread:[scheduling-1             ] c.s.testHibernate.logging.LoggingAspect.logExecution@33:
   Exiting com.saber.testHibernate.service.PriceSimulatorService.generatePrice | executionTime=2 ms 
2026-05-12T23:37:52.326 [INFO] requestId:[                                    ] thread:[scheduling-1             ] c.s.testHibernate.logging.LoggingAspect.logExecution@28:
   Entering com.saber.testHibernate.service.PriceSimulatorService.generatePrice with args=[] 
2026-05-12T23:37:52.330 [INFO] requestId:[                                    ] thread:[scheduling-1             ] c.s.t.service.PriceSimulatorService.generatePrice@55:
   Price event sent | symbol=AAPL price=150.5286 topic=prices 
2026-05-12T23:37:52.330 [INFO] requestId:[                                    ] thread:[scheduling-1             ] c.s.testHibernate.logging.LoggingAspect.logExecution@33:
   Exiting com.saber.testHibernate.service.PriceSimulatorService.generatePrice | executionTime=4 ms 
2026-05-12T23:38:52.319 [INFO] requestId:[                                    ] thread:[scheduling-1             ] c.s.testHibernate.logging.LoggingAspect.logExecution@28:
   Entering com.saber.testHibernate.service.PriceSimulatorService.generatePrice with args=[] 
2026-05-12T23:38:52.321 [INFO] requestId:[                                    ] thread:[scheduling-1             ] c.s.t.service.PriceSimulatorService.generatePrice@55:
   Price event sent | symbol=ETH price=4015.9904 topic=prices 
2026-05-12T23:38:52.321 [INFO] requestId:[                                    ] thread:[scheduling-1             ] c.s.testHibernate.logging.LoggingAspect.logExecution@33:
   Exiting com.saber.testHibernate.service.PriceSimulatorService.generatePrice | executionTime=2 ms 
2026-05-12T23:39:52.322 [INFO] requestId:[                                    ] thread:[scheduling-1             ] c.s.testHibernate.logging.LoggingAspect.logExecution@28:
   Entering com.saber.testHibernate.service.PriceSimulatorService.generatePrice with args=[] 
2026-05-12T23:39:52.324 [INFO] requestId:[                                    ] thread:[scheduling-1             ] c.s.t.service.PriceSimulatorService.generatePrice@55:
   Price event sent | symbol=AAPL price=148.8080 topic=prices 
2026-05-12T23:39:52.324 [INFO] requestId:[                                    ] thread:[scheduling-1             ] c.s.testHibernate.logging.LoggingAspect.logExecution@33:
   Exiting com.saber.testHibernate.service.PriceSimulatorService.generatePrice | executionTime=2 ms 
2026-05-12T23:40:52.315 [INFO] requestId:[                                    ] thread:[scheduling-1             ] c.s.testHibernate.logging.LoggingAspect.logExecution@28:
   Entering com.saber.testHibernate.service.PriceSimulatorService.generatePrice with args=[] 
2026-05-12T23:40:52.317 [INFO] requestId:[                                    ] thread:[scheduling-1             ] c.s.t.service.PriceSimulatorService.generatePrice@55:
   Price event sent | symbol=BTC price=23944.7574 topic=prices 
2026-05-12T23:40:52.317 [INFO] requestId:[                                    ] thread:[scheduling-1             ] c.s.testHibernate.logging.LoggingAspect.logExecution@33:
   Exiting com.saber.testHibernate.service.PriceSimulatorService.generatePrice | executionTime=2 ms 
2026-05-12T23:41:52.321 [INFO] requestId:[                                    ] thread:[scheduling-1             ] c.s.testHibernate.logging.LoggingAspect.logExecution@28:
   Entering com.saber.testHibernate.service.PriceSimulatorService.generatePrice with args=[] 
2026-05-12T23:41:52.323 [INFO] requestId:[                                    ] thread:[scheduling-1             ] c.s.t.service.PriceSimulatorService.generatePrice@55:
   Price event sent | symbol=GOOG price=44.9928 topic=prices 
2026-05-12T23:41:52.325 [INFO] requestId:[                                    ] thread:[scheduling-1             ] c.s.testHibernate.logging.LoggingAspect.logExecution@33:
   Exiting com.saber.testHibernate.service.PriceSimulatorService.generatePrice | executionTime=4 ms 
2026-05-12T23:42:52.317 [INFO] requestId:[                                    ] thread:[scheduling-1             ] c.s.testHibernate.logging.LoggingAspect.logExecution@28:
   Entering com.saber.testHibernate.service.PriceSimulatorService.generatePrice with args=[] 
2026-05-12T23:42:52.319 [INFO] requestId:[                                    ] thread:[scheduling-1             ] c.s.t.service.PriceSimulatorService.generatePrice@55:
   Price event sent | symbol=GOOG price=44.1227 topic=prices 
2026-05-12T23:42:52.319 [INFO] requestId:[                                    ] thread:[scheduling-1             ] c.s.testHibernate.logging.LoggingAspect.logExecution@33:
   Exiting com.saber.testHibernate.service.PriceSimulatorService.generatePrice | executionTime=2 ms 
2026-05-12T23:43:52.318 [INFO] requestId:[                                    ] thread:[scheduling-1             ] c.s.testHibernate.logging.LoggingAspect.logExecution@28:
   Entering com.saber.testHibernate.service.PriceSimulatorService.generatePrice with args=[] 
2026-05-12T23:43:52.320 [INFO] requestId:[                                    ] thread:[scheduling-1             ] c.s.t.service.PriceSimulatorService.generatePrice@55:
   Price event sent | symbol=ETH price=3772.4760 topic=prices 
2026-05-12T23:43:52.322 [INFO] requestId:[                                    ] thread:[scheduling-1             ] c.s.testHibernate.logging.LoggingAspect.logExecution@33:
   Exiting com.saber.testHibernate.service.PriceSimulatorService.generatePrice | executionTime=4 ms 
2026-05-12T23:44:52.330 [INFO] requestId:[                                    ] thread:[scheduling-1             ] c.s.testHibernate.logging.LoggingAspect.logExecution@28:
   Entering com.saber.testHibernate.service.PriceSimulatorService.generatePrice with args=[] 
2026-05-12T23:44:52.335 [INFO] requestId:[                                    ] thread:[scheduling-1             ] c.s.t.service.PriceSimulatorService.generatePrice@55:
   Price event sent | symbol=BTC price=22021.6453 topic=prices 
2026-05-12T23:44:52.335 [INFO] requestId:[                                    ] thread:[scheduling-1             ] c.s.testHibernate.logging.LoggingAspect.logExecution@33:
   Exiting com.saber.testHibernate.service.PriceSimulatorService.generatePrice | executionTime=5 ms 
2026-05-12T23:45:52.330 [INFO] requestId:[                                    ] thread:[scheduling-1             ] c.s.testHibernate.logging.LoggingAspect.logExecution@28:
   Entering com.saber.testHibernate.service.PriceSimulatorService.generatePrice with args=[] 
2026-05-12T23:45:52.332 [INFO] requestId:[                                    ] thread:[scheduling-1             ] c.s.t.service.PriceSimulatorService.generatePrice@55:
   Price event sent | symbol=ETH price=4030.6308 topic=prices 
2026-05-12T23:45:52.333 [INFO] requestId:[                                    ] thread:[scheduling-1             ] c.s.testHibernate.logging.LoggingAspect.logExecution@33:
   Exiting com.saber.testHibernate.service.PriceSimulatorService.generatePrice | executionTime=3 ms 
2026-05-12T23:46:52.322 [INFO] requestId:[                                    ] thread:[scheduling-1             ] c.s.testHibernate.logging.LoggingAspect.logExecution@28:
   Entering com.saber.testHibernate.service.PriceSimulatorService.generatePrice with args=[] 
2026-05-12T23:46:52.324 [INFO] requestId:[                                    ] thread:[scheduling-1             ] c.s.t.service.PriceSimulatorService.generatePrice@55:
   Price event sent | symbol=AAPL price=161.1255 topic=prices 
2026-05-12T23:46:52.325 [INFO] requestId:[                                    ] thread:[scheduling-1             ] c.s.testHibernate.logging.LoggingAspect.logExecution@33:
   Exiting com.saber.testHibernate.service.PriceSimulatorService.generatePrice | executionTime=3 ms 
2026-05-12T23:47:52.323 [INFO] requestId:[                                    ] thread:[scheduling-1             ] c.s.testHibernate.logging.LoggingAspect.logExecution@28:
   Entering com.saber.testHibernate.service.PriceSimulatorService.generatePrice with args=[] 
2026-05-12T23:47:52.325 [INFO] requestId:[                                    ] thread:[scheduling-1             ] c.s.t.service.PriceSimulatorService.generatePrice@55:
   Price event sent | symbol=GOOG price=42.5895 topic=prices 
2026-05-12T23:47:52.326 [INFO] requestId:[                                    ] thread:[scheduling-1             ] c.s.testHibernate.logging.LoggingAspect.logExecution@33:
   Exiting com.saber.testHibernate.service.PriceSimulatorService.generatePrice | executionTime=3 ms 
2026-05-12T23:48:52.323 [INFO] requestId:[                                    ] thread:[scheduling-1             ] c.s.testHibernate.logging.LoggingAspect.logExecution@28:
   Entering com.saber.testHibernate.service.PriceSimulatorService.generatePrice with args=[] 
2026-05-12T23:48:52.325 [INFO] requestId:[                                    ] thread:[scheduling-1             ] c.s.t.service.PriceSimulatorService.generatePrice@55:
   Price event sent | symbol=ETH price=4182.8410 topic=prices 
2026-05-12T23:48:52.326 [INFO] requestId:[                                    ] thread:[scheduling-1             ] c.s.testHibernate.logging.LoggingAspect.logExecution@33:
   Exiting com.saber.testHibernate.service.PriceSimulatorService.generatePrice | executionTime=3 ms 
2026-05-12T23:49:52.330 [INFO] requestId:[                                    ] thread:[scheduling-1             ] c.s.testHibernate.logging.LoggingAspect.logExecution@28:
   Entering com.saber.testHibernate.service.PriceSimulatorService.generatePrice with args=[] 
2026-05-12T23:49:52.332 [INFO] requestId:[                                    ] thread:[scheduling-1             ] c.s.t.service.PriceSimulatorService.generatePrice@55:
   Price event sent | symbol=ETH price=3862.7224 topic=prices 
2026-05-12T23:49:52.333 [INFO] requestId:[                                    ] thread:[scheduling-1             ] c.s.testHibernate.logging.LoggingAspect.logExecution@33:
   Exiting com.saber.testHibernate.service.PriceSimulatorService.generatePrice | executionTime=3 ms 
2026-05-12T23:50:52.328 [INFO] requestId:[                                    ] thread:[scheduling-1             ] c.s.testHibernate.logging.LoggingAspect.logExecution@28:
   Entering com.saber.testHibernate.service.PriceSimulatorService.generatePrice with args=[] 
2026-05-12T23:50:52.331 [INFO] requestId:[                                    ] thread:[scheduling-1             ] c.s.t.service.PriceSimulatorService.generatePrice@55:
   Price event sent | symbol=AAPL price=162.3666 topic=prices 
2026-05-12T23:50:52.331 [INFO] requestId:[                                    ] thread:[scheduling-1             ] c.s.testHibernate.logging.LoggingAspect.logExecution@33:
   Exiting com.saber.testHibernate.service.PriceSimulatorService.generatePrice | executionTime=3 ms 
2026-05-12T23:51:52.326 [INFO] requestId:[                                    ] thread:[scheduling-1             ] c.s.testHibernate.logging.LoggingAspect.logExecution@28:
   Entering com.saber.testHibernate.service.PriceSimulatorService.generatePrice with args=[] 
2026-05-12T23:51:52.328 [INFO] requestId:[                                    ] thread:[scheduling-1             ] c.s.t.service.PriceSimulatorService.generatePrice@55:
   Price event sent | symbol=BTC price=24148.1164 topic=prices 
2026-05-12T23:51:52.329 [INFO] requestId:[                                    ] thread:[scheduling-1             ] c.s.testHibernate.logging.LoggingAspect.logExecution@33:
   Exiting com.saber.testHibernate.service.PriceSimulatorService.generatePrice | executionTime=3 ms 
2026-05-12T23:52:52.335 [INFO] requestId:[                                    ] thread:[scheduling-1             ] c.s.testHibernate.logging.LoggingAspect.logExecution@28:
   Entering com.saber.testHibernate.service.PriceSimulatorService.generatePrice with args=[] 
2026-05-12T23:52:52.339 [INFO] requestId:[                                    ] thread:[scheduling-1             ] c.s.t.service.PriceSimulatorService.generatePrice@55:
   Price event sent | symbol=AAPL price=146.2811 topic=prices 
2026-05-12T23:52:52.339 [INFO] requestId:[                                    ] thread:[scheduling-1             ] c.s.testHibernate.logging.LoggingAspect.logExecution@33:
   Exiting com.saber.testHibernate.service.PriceSimulatorService.generatePrice | executionTime=4 ms 
2026-05-12T23:53:52.330 [INFO] requestId:[                                    ] thread:[scheduling-1             ] c.s.testHibernate.logging.LoggingAspect.logExecution@28:
   Entering com.saber.testHibernate.service.PriceSimulatorService.generatePrice with args=[] 
2026-05-12T23:53:52.332 [INFO] requestId:[                                    ] thread:[scheduling-1             ] c.s.t.service.PriceSimulatorService.generatePrice@55:
   Price event sent | symbol=GOOG price=46.0393 topic=prices 
2026-05-12T23:53:52.335 [INFO] requestId:[                                    ] thread:[scheduling-1             ] c.s.testHibernate.logging.LoggingAspect.logExecution@33:
   Exiting com.saber.testHibernate.service.PriceSimulatorService.generatePrice | executionTime=5 ms 
2026-05-12T23:54:52.327 [INFO] requestId:[                                    ] thread:[scheduling-1             ] c.s.testHibernate.logging.LoggingAspect.logExecution@28:
   Entering com.saber.testHibernate.service.PriceSimulatorService.generatePrice with args=[] 
2026-05-12T23:54:52.332 [INFO] requestId:[                                    ] thread:[scheduling-1             ] c.s.t.service.PriceSimulatorService.generatePrice@55:
   Price event sent | symbol=AAPL price=158.3049 topic=prices 
2026-05-12T23:54:52.332 [INFO] requestId:[                                    ] thread:[scheduling-1             ] c.s.testHibernate.logging.LoggingAspect.logExecution@33:
   Exiting com.saber.testHibernate.service.PriceSimulatorService.generatePrice | executionTime=5 ms 
2026-05-12T23:55:52.324 [INFO] requestId:[                                    ] thread:[scheduling-1             ] c.s.testHibernate.logging.LoggingAspect.logExecution@28:
   Entering com.saber.testHibernate.service.PriceSimulatorService.generatePrice with args=[] 
2026-05-12T23:55:52.328 [INFO] requestId:[                                    ] thread:[scheduling-1             ] c.s.t.service.PriceSimulatorService.generatePrice@55:
   Price event sent | symbol=AAPL price=152.3728 topic=prices 
2026-05-12T23:55:52.328 [INFO] requestId:[                                    ] thread:[scheduling-1             ] c.s.testHibernate.logging.LoggingAspect.logExecution@33:
   Exiting com.saber.testHibernate.service.PriceSimulatorService.generatePrice | executionTime=4 ms 
2026-05-12T23:56:52.333 [INFO] requestId:[                                    ] thread:[scheduling-1             ] c.s.testHibernate.logging.LoggingAspect.logExecution@28:
   Entering com.saber.testHibernate.service.PriceSimulatorService.generatePrice with args=[] 
2026-05-12T23:56:52.336 [INFO] requestId:[                                    ] thread:[scheduling-1             ] c.s.t.service.PriceSimulatorService.generatePrice@55:
   Price event sent | symbol=BTC price=26253.9913 topic=prices 
2026-05-12T23:56:52.337 [INFO] requestId:[                                    ] thread:[scheduling-1             ] c.s.testHibernate.logging.LoggingAspect.logExecution@33:
   Exiting com.saber.testHibernate.service.PriceSimulatorService.generatePrice | executionTime=4 ms 
2026-05-12T23:57:52.331 [INFO] requestId:[                                    ] thread:[scheduling-1             ] c.s.testHibernate.logging.LoggingAspect.logExecution@28:
   Entering com.saber.testHibernate.service.PriceSimulatorService.generatePrice with args=[] 
2026-05-12T23:57:52.334 [INFO] requestId:[                                    ] thread:[scheduling-1             ] c.s.t.service.PriceSimulatorService.generatePrice@55:
   Price event sent | symbol=BTC price=25347.1303 topic=prices 
2026-05-12T23:57:52.334 [INFO] requestId:[                                    ] thread:[scheduling-1             ] c.s.testHibernate.logging.LoggingAspect.logExecution@33:
   Exiting com.saber.testHibernate.service.PriceSimulatorService.generatePrice | executionTime=3 ms 
2026-05-12T23:58:52.335 [INFO] requestId:[                                    ] thread:[scheduling-1             ] c.s.testHibernate.logging.LoggingAspect.logExecution@28:
   Entering com.saber.testHibernate.service.PriceSimulatorService.generatePrice with args=[] 
2026-05-12T23:58:52.337 [INFO] requestId:[                                    ] thread:[scheduling-1             ] c.s.t.service.PriceSimulatorService.generatePrice@55:
   Price event sent | symbol=AAPL price=167.0605 topic=prices 
2026-05-12T23:58:52.338 [INFO] requestId:[                                    ] thread:[scheduling-1             ] c.s.testHibernate.logging.LoggingAspect.logExecution@33:
   Exiting com.saber.testHibernate.service.PriceSimulatorService.generatePrice | executionTime=3 ms 
2026-05-12T23:59:52.328 [INFO] requestId:[                                    ] thread:[scheduling-1             ] c.s.testHibernate.logging.LoggingAspect.logExecution@28:
   Entering com.saber.testHibernate.service.PriceSimulatorService.generatePrice with args=[] 
2026-05-12T23:59:52.330 [INFO] requestId:[                                    ] thread:[scheduling-1             ] c.s.t.service.PriceSimulatorService.generatePrice@55:
   Price event sent | symbol=GOOG price=43.3689 topic=prices 
2026-05-12T23:59:52.330 [INFO] requestId:[                                    ] thread:[scheduling-1             ] c.s.testHibernate.logging.LoggingAspect.logExecution@33:
   Exiting com.saber.testHibernate.service.PriceSimulatorService.generatePrice | executionTime=2 ms 
