2026-05-13T00:00:52.339 [INFO] requestId:[                                    ] thread:[scheduling-1             ] c.s.testHibernate.logging.LoggingAspect.logExecution@28:
   Entering com.saber.testHibernate.service.PriceSimulatorService.generatePrice with args=[] 
2026-05-13T00:00:52.399 [INFO] requestId:[                                    ] thread:[scheduling-1             ] c.s.t.service.PriceSimulatorService.generatePrice@55:
   Price event sent | symbol=ETH price=3874.9438 topic=prices 
2026-05-13T00:00:52.401 [INFO] requestId:[                                    ] thread:[scheduling-1             ] c.s.testHibernate.logging.LoggingAspect.logExecution@33:
   Exiting com.saber.testHibernate.service.PriceSimulatorService.generatePrice | executionTime=61 ms 
2026-05-13T00:01:52.337 [INFO] requestId:[                                    ] thread:[scheduling-1             ] c.s.testHibernate.logging.LoggingAspect.logExecution@28:
   Entering com.saber.testHibernate.service.PriceSimulatorService.generatePrice with args=[] 
2026-05-13T00:01:52.340 [INFO] requestId:[                                    ] thread:[scheduling-1             ] c.s.t.service.PriceSimulatorService.generatePrice@55:
   Price event sent | symbol=ETH price=3574.6068 topic=prices 
2026-05-13T00:01:52.340 [INFO] requestId:[                                    ] thread:[scheduling-1             ] c.s.testHibernate.logging.LoggingAspect.logExecution@33:
   Exiting com.saber.testHibernate.service.PriceSimulatorService.generatePrice | executionTime=3 ms 
2026-05-13T00:02:52.331 [INFO] requestId:[                                    ] thread:[scheduling-1             ] c.s.testHibernate.logging.LoggingAspect.logExecution@28:
   Entering com.saber.testHibernate.service.PriceSimulatorService.generatePrice with args=[] 
2026-05-13T00:02:52.334 [INFO] requestId:[                                    ] thread:[scheduling-1             ] c.s.t.service.PriceSimulatorService.generatePrice@55:
   Price event sent | symbol=ETH price=3559.3327 topic=prices 
2026-05-13T00:02:52.336 [INFO] requestId:[                                    ] thread:[scheduling-1             ] c.s.testHibernate.logging.LoggingAspect.logExecution@33:
   Exiting com.saber.testHibernate.service.PriceSimulatorService.generatePrice | executionTime=5 ms 
2026-05-13T00:03:52.331 [INFO] requestId:[                                    ] thread:[scheduling-1             ] c.s.testHibernate.logging.LoggingAspect.logExecution@28:
   Entering com.saber.testHibernate.service.PriceSimulatorService.generatePrice with args=[] 
2026-05-13T00:03:52.335 [INFO] requestId:[                                    ] thread:[scheduling-1             ] c.s.t.service.PriceSimulatorService.generatePrice@55:
   Price event sent | symbol=ETH price=3822.1229 topic=prices 
2026-05-13T00:03:52.336 [INFO] requestId:[                                    ] thread:[scheduling-1             ] c.s.testHibernate.logging.LoggingAspect.logExecution@33:
   Exiting com.saber.testHibernate.service.PriceSimulatorService.generatePrice | executionTime=5 ms 
2026-05-13T00:04:52.333 [INFO] requestId:[                                    ] thread:[scheduling-1             ] c.s.testHibernate.logging.LoggingAspect.logExecution@28:
   Entering com.saber.testHibernate.service.PriceSimulatorService.generatePrice with args=[] 
2026-05-13T00:04:52.335 [INFO] requestId:[                                    ] thread:[scheduling-1             ] c.s.t.service.PriceSimulatorService.generatePrice@55:
   Price event sent | symbol=BTC price=24207.7786 topic=prices 
2026-05-13T00:04:52.337 [INFO] requestId:[                                    ] thread:[scheduling-1             ] c.s.testHibernate.logging.LoggingAspect.logExecution@33:
   Exiting com.saber.testHibernate.service.PriceSimulatorService.generatePrice | executionTime=4 ms 
2026-05-13T00:05:52.337 [INFO] requestId:[                                    ] thread:[scheduling-1             ] c.s.testHibernate.logging.LoggingAspect.logExecution@28:
   Entering com.saber.testHibernate.service.PriceSimulatorService.generatePrice with args=[] 
2026-05-13T00:05:52.341 [INFO] requestId:[                                    ] thread:[scheduling-1             ] c.s.t.service.PriceSimulatorService.generatePrice@55:
   Price event sent | symbol=AAPL price=166.7628 topic=prices 
2026-05-13T00:05:52.341 [INFO] requestId:[                                    ] thread:[scheduling-1             ] c.s.testHibernate.logging.LoggingAspect.logExecution@33:
   Exiting com.saber.testHibernate.service.PriceSimulatorService.generatePrice | executionTime=4 ms 
2026-05-13T00:06:52.339 [INFO] requestId:[                                    ] thread:[scheduling-1             ] c.s.testHibernate.logging.LoggingAspect.logExecution@28:
   Entering com.saber.testHibernate.service.PriceSimulatorService.generatePrice with args=[] 
2026-05-13T00:06:52.341 [INFO] requestId:[                                    ] thread:[scheduling-1             ] c.s.t.service.PriceSimulatorService.generatePrice@55:
   Price event sent | symbol=GOOG price=39.4210 topic=prices 
2026-05-13T00:06:52.342 [INFO] requestId:[                                    ] thread:[scheduling-1             ] c.s.testHibernate.logging.LoggingAspect.logExecution@33:
   Exiting com.saber.testHibernate.service.PriceSimulatorService.generatePrice | executionTime=3 ms 
2026-05-13T00:07:52.339 [INFO] requestId:[                                    ] thread:[scheduling-1             ] c.s.testHibernate.logging.LoggingAspect.logExecution@28:
   Entering com.saber.testHibernate.service.PriceSimulatorService.generatePrice with args=[] 
2026-05-13T00:07:52.340 [INFO] requestId:[                                    ] thread:[scheduling-1             ] c.s.t.service.PriceSimulatorService.generatePrice@55:
   Price event sent | symbol=BTC price=23908.5221 topic=prices 
2026-05-13T00:07:52.341 [INFO] requestId:[                                    ] thread:[scheduling-1             ] c.s.testHibernate.logging.LoggingAspect.logExecution@33:
   Exiting com.saber.testHibernate.service.PriceSimulatorService.generatePrice | executionTime=2 ms 
2026-05-13T00:08:52.336 [INFO] requestId:[                                    ] thread:[scheduling-1             ] c.s.testHibernate.logging.LoggingAspect.logExecution@28:
   Entering com.saber.testHibernate.service.PriceSimulatorService.generatePrice with args=[] 
2026-05-13T00:08:52.338 [INFO] requestId:[                                    ] thread:[scheduling-1             ] c.s.t.service.PriceSimulatorService.generatePrice@55:
   Price event sent | symbol=ETH price=3746.1709 topic=prices 
2026-05-13T00:08:52.340 [INFO] requestId:[                                    ] thread:[scheduling-1             ] c.s.testHibernate.logging.LoggingAspect.logExecution@33:
   Exiting com.saber.testHibernate.service.PriceSimulatorService.generatePrice | executionTime=4 ms 
2026-05-13T00:09:52.337 [INFO] requestId:[                                    ] thread:[scheduling-1             ] c.s.testHibernate.logging.LoggingAspect.logExecution@28:
   Entering com.saber.testHibernate.service.PriceSimulatorService.generatePrice with args=[] 
2026-05-13T00:09:52.340 [INFO] requestId:[                                    ] thread:[scheduling-1             ] c.s.t.service.PriceSimulatorService.generatePrice@55:
   Price event sent | symbol=AAPL price=163.6554 topic=prices 
2026-05-13T00:09:52.340 [INFO] requestId:[                                    ] thread:[scheduling-1             ] c.s.testHibernate.logging.LoggingAspect.logExecution@33:
   Exiting com.saber.testHibernate.service.PriceSimulatorService.generatePrice | executionTime=3 ms 
2026-05-13T00:10:52.337 [INFO] requestId:[                                    ] thread:[scheduling-1             ] c.s.testHibernate.logging.LoggingAspect.logExecution@28:
   Entering com.saber.testHibernate.service.PriceSimulatorService.generatePrice with args=[] 
2026-05-13T00:10:52.339 [INFO] requestId:[                                    ] thread:[scheduling-1             ] c.s.t.service.PriceSimulatorService.generatePrice@55:
   Price event sent | symbol=AAPL price=159.6227 topic=prices 
2026-05-13T00:10:52.340 [INFO] requestId:[                                    ] thread:[scheduling-1             ] c.s.testHibernate.logging.LoggingAspect.logExecution@33:
   Exiting com.saber.testHibernate.service.PriceSimulatorService.generatePrice | executionTime=3 ms 
2026-05-13T00:11:52.339 [INFO] requestId:[                                    ] thread:[scheduling-1             ] c.s.testHibernate.logging.LoggingAspect.logExecution@28:
   Entering com.saber.testHibernate.service.PriceSimulatorService.generatePrice with args=[] 
2026-05-13T00:11:52.341 [INFO] requestId:[                                    ] thread:[scheduling-1             ] c.s.t.service.PriceSimulatorService.generatePrice@55:
   Price event sent | symbol=BTC price=21980.5081 topic=prices 
2026-05-13T00:11:52.344 [INFO] requestId:[                                    ] thread:[scheduling-1             ] c.s.testHibernate.logging.LoggingAspect.logExecution@33:
   Exiting com.saber.testHibernate.service.PriceSimulatorService.generatePrice | executionTime=5 ms 
2026-05-13T00:12:52.346 [INFO] requestId:[                                    ] thread:[scheduling-1             ] c.s.testHibernate.logging.LoggingAspect.logExecution@28:
   Entering com.saber.testHibernate.service.PriceSimulatorService.generatePrice with args=[] 
2026-05-13T00:12:52.350 [INFO] requestId:[                                    ] thread:[scheduling-1             ] c.s.t.service.PriceSimulatorService.generatePrice@55:
   Price event sent | symbol=GOOG price=41.4734 topic=prices 
2026-05-13T00:12:52.351 [INFO] requestId:[                                    ] thread:[scheduling-1             ] c.s.testHibernate.logging.LoggingAspect.logExecution@33:
   Exiting com.saber.testHibernate.service.PriceSimulatorService.generatePrice | executionTime=5 ms 
2026-05-13T00:13:52.345 [INFO] requestId:[                                    ] thread:[scheduling-1             ] c.s.testHibernate.logging.LoggingAspect.logExecution@28:
   Entering com.saber.testHibernate.service.PriceSimulatorService.generatePrice with args=[] 
2026-05-13T00:13:52.346 [INFO] requestId:[                                    ] thread:[scheduling-1             ] c.s.t.service.PriceSimulatorService.generatePrice@55:
   Price event sent | symbol=ETH price=3886.7698 topic=prices 
2026-05-13T00:13:52.347 [INFO] requestId:[                                    ] thread:[scheduling-1             ] c.s.testHibernate.logging.LoggingAspect.logExecution@33:
   Exiting com.saber.testHibernate.service.PriceSimulatorService.generatePrice | executionTime=2 ms 
2026-05-13T00:14:52.336 [INFO] requestId:[                                    ] thread:[scheduling-1             ] c.s.testHibernate.logging.LoggingAspect.logExecution@28:
   Entering com.saber.testHibernate.service.PriceSimulatorService.generatePrice with args=[] 
2026-05-13T00:14:52.338 [INFO] requestId:[                                    ] thread:[scheduling-1             ] c.s.t.service.PriceSimulatorService.generatePrice@55:
   Price event sent | symbol=GOOG price=45.2890 topic=prices 
2026-05-13T00:14:52.338 [INFO] requestId:[                                    ] thread:[scheduling-1             ] c.s.testHibernate.logging.LoggingAspect.logExecution@33:
   Exiting com.saber.testHibernate.service.PriceSimulatorService.generatePrice | executionTime=2 ms 
2026-05-13T00:15:52.343 [INFO] requestId:[                                    ] thread:[scheduling-1             ] c.s.testHibernate.logging.LoggingAspect.logExecution@28:
   Entering com.saber.testHibernate.service.PriceSimulatorService.generatePrice with args=[] 
2026-05-13T00:15:52.347 [INFO] requestId:[                                    ] thread:[scheduling-1             ] c.s.t.service.PriceSimulatorService.generatePrice@55:
   Price event sent | symbol=BTC price=22904.9909 topic=prices 
2026-05-13T00:15:52.347 [INFO] requestId:[                                    ] thread:[scheduling-1             ] c.s.testHibernate.logging.LoggingAspect.logExecution@33:
   Exiting com.saber.testHibernate.service.PriceSimulatorService.generatePrice | executionTime=4 ms 
2026-05-13T00:16:52.348 [INFO] requestId:[                                    ] thread:[scheduling-1             ] c.s.testHibernate.logging.LoggingAspect.logExecution@28:
   Entering com.saber.testHibernate.service.PriceSimulatorService.generatePrice with args=[] 
2026-05-13T00:16:52.351 [INFO] requestId:[                                    ] thread:[scheduling-1             ] c.s.t.service.PriceSimulatorService.generatePrice@55:
   Price event sent | symbol=AAPL price=173.5253 topic=prices 
2026-05-13T00:16:52.351 [INFO] requestId:[                                    ] thread:[scheduling-1             ] c.s.testHibernate.logging.LoggingAspect.logExecution@33:
   Exiting com.saber.testHibernate.service.PriceSimulatorService.generatePrice | executionTime=3 ms 
2026-05-13T00:17:52.338 [INFO] requestId:[                                    ] thread:[scheduling-1             ] c.s.testHibernate.logging.LoggingAspect.logExecution@28:
   Entering com.saber.testHibernate.service.PriceSimulatorService.generatePrice with args=[] 
2026-05-13T00:17:52.340 [INFO] requestId:[                                    ] thread:[scheduling-1             ] c.s.t.service.PriceSimulatorService.generatePrice@55:
   Price event sent | symbol=GOOG price=44.4040 topic=prices 
2026-05-13T00:17:52.341 [INFO] requestId:[                                    ] thread:[scheduling-1             ] c.s.testHibernate.logging.LoggingAspect.logExecution@33:
   Exiting com.saber.testHibernate.service.PriceSimulatorService.generatePrice | executionTime=3 ms 
2026-05-13T00:18:52.344 [INFO] requestId:[                                    ] thread:[scheduling-1             ] c.s.testHibernate.logging.LoggingAspect.logExecution@28:
   Entering com.saber.testHibernate.service.PriceSimulatorService.generatePrice with args=[] 
2026-05-13T00:18:52.346 [INFO] requestId:[                                    ] thread:[scheduling-1             ] c.s.t.service.PriceSimulatorService.generatePrice@55:
   Price event sent | symbol=AAPL price=185.6723 topic=prices 
2026-05-13T00:18:52.347 [INFO] requestId:[                                    ] thread:[scheduling-1             ] c.s.testHibernate.logging.LoggingAspect.logExecution@33:
   Exiting com.saber.testHibernate.service.PriceSimulatorService.generatePrice | executionTime=3 ms 
2026-05-13T00:19:52.346 [INFO] requestId:[                                    ] thread:[scheduling-1             ] c.s.testHibernate.logging.LoggingAspect.logExecution@28:
   Entering com.saber.testHibernate.service.PriceSimulatorService.generatePrice with args=[] 
2026-05-13T00:19:52.348 [INFO] requestId:[                                    ] thread:[scheduling-1             ] c.s.t.service.PriceSimulatorService.generatePrice@55:
   Price event sent | symbol=AAPL price=184.9408 topic=prices 
2026-05-13T00:19:52.349 [INFO] requestId:[                                    ] thread:[scheduling-1             ] c.s.testHibernate.logging.LoggingAspect.logExecution@33:
   Exiting com.saber.testHibernate.service.PriceSimulatorService.generatePrice | executionTime=3 ms 
2026-05-13T00:20:52.346 [INFO] requestId:[                                    ] thread:[scheduling-1             ] c.s.testHibernate.logging.LoggingAspect.logExecution@28:
   Entering com.saber.testHibernate.service.PriceSimulatorService.generatePrice with args=[] 
2026-05-13T00:20:52.348 [INFO] requestId:[                                    ] thread:[scheduling-1             ] c.s.t.service.PriceSimulatorService.generatePrice@55:
   Price event sent | symbol=BTC price=22947.0100 topic=prices 
2026-05-13T00:20:52.350 [INFO] requestId:[                                    ] thread:[scheduling-1             ] c.s.testHibernate.logging.LoggingAspect.logExecution@33:
   Exiting com.saber.testHibernate.service.PriceSimulatorService.generatePrice | executionTime=4 ms 
2026-05-13T00:21:52.341 [INFO] requestId:[                                    ] thread:[scheduling-1             ] c.s.testHibernate.logging.LoggingAspect.logExecution@28:
   Entering com.saber.testHibernate.service.PriceSimulatorService.generatePrice with args=[] 
2026-05-13T00:21:52.343 [INFO] requestId:[                                    ] thread:[scheduling-1             ] c.s.t.service.PriceSimulatorService.generatePrice@55:
   Price event sent | symbol=BTC price=22952.0370 topic=prices 
2026-05-13T00:21:52.344 [INFO] requestId:[                                    ] thread:[scheduling-1             ] c.s.testHibernate.logging.LoggingAspect.logExecution@33:
   Exiting com.saber.testHibernate.service.PriceSimulatorService.generatePrice | executionTime=3 ms 
2026-05-13T00:22:52.345 [INFO] requestId:[                                    ] thread:[scheduling-1             ] c.s.testHibernate.logging.LoggingAspect.logExecution@28:
   Entering com.saber.testHibernate.service.PriceSimulatorService.generatePrice with args=[] 
2026-05-13T00:22:52.346 [INFO] requestId:[                                    ] thread:[scheduling-1             ] c.s.t.service.PriceSimulatorService.generatePrice@55:
   Price event sent | symbol=BTC price=21849.3506 topic=prices 
2026-05-13T00:22:52.347 [INFO] requestId:[                                    ] thread:[scheduling-1             ] c.s.testHibernate.logging.LoggingAspect.logExecution@33:
   Exiting com.saber.testHibernate.service.PriceSimulatorService.generatePrice | executionTime=2 ms 
2026-05-13T00:23:52.345 [INFO] requestId:[                                    ] thread:[scheduling-1             ] c.s.testHibernate.logging.LoggingAspect.logExecution@28:
   Entering com.saber.testHibernate.service.PriceSimulatorService.generatePrice with args=[] 
2026-05-13T00:23:52.347 [INFO] requestId:[                                    ] thread:[scheduling-1             ] c.s.t.service.PriceSimulatorService.generatePrice@55:
   Price event sent | symbol=AAPL price=188.1207 topic=prices 
2026-05-13T00:23:52.348 [INFO] requestId:[                                    ] thread:[scheduling-1             ] c.s.testHibernate.logging.LoggingAspect.logExecution@33:
   Exiting com.saber.testHibernate.service.PriceSimulatorService.generatePrice | executionTime=3 ms 
2026-05-13T00:24:52.351 [INFO] requestId:[                                    ] thread:[scheduling-1             ] c.s.testHibernate.logging.LoggingAspect.logExecution@28:
   Entering com.saber.testHibernate.service.PriceSimulatorService.generatePrice with args=[] 
2026-05-13T00:24:52.356 [INFO] requestId:[                                    ] thread:[scheduling-1             ] c.s.t.service.PriceSimulatorService.generatePrice@55:
   Price event sent | symbol=GOOG price=44.1784 topic=prices 
2026-05-13T00:24:52.356 [INFO] requestId:[                                    ] thread:[scheduling-1             ] c.s.testHibernate.logging.LoggingAspect.logExecution@33:
   Exiting com.saber.testHibernate.service.PriceSimulatorService.generatePrice | executionTime=5 ms 
2026-05-13T00:25:52.354 [INFO] requestId:[                                    ] thread:[scheduling-1             ] c.s.testHibernate.logging.LoggingAspect.logExecution@28:
   Entering com.saber.testHibernate.service.PriceSimulatorService.generatePrice with args=[] 
2026-05-13T00:25:52.356 [INFO] requestId:[                                    ] thread:[scheduling-1             ] c.s.t.service.PriceSimulatorService.generatePrice@55:
   Price event sent | symbol=AAPL price=205.4798 topic=prices 
2026-05-13T00:25:52.357 [INFO] requestId:[                                    ] thread:[scheduling-1             ] c.s.testHibernate.logging.LoggingAspect.logExecution@33:
   Exiting com.saber.testHibernate.service.PriceSimulatorService.generatePrice | executionTime=3 ms 
2026-05-13T00:26:52.353 [INFO] requestId:[                                    ] thread:[scheduling-1             ] c.s.testHibernate.logging.LoggingAspect.logExecution@28:
   Entering com.saber.testHibernate.service.PriceSimulatorService.generatePrice with args=[] 
2026-05-13T00:26:52.358 [INFO] requestId:[                                    ] thread:[scheduling-1             ] c.s.t.service.PriceSimulatorService.generatePrice@55:
   Price event sent | symbol=GOOG price=44.2416 topic=prices 
2026-05-13T00:26:52.358 [INFO] requestId:[                                    ] thread:[scheduling-1             ] c.s.testHibernate.logging.LoggingAspect.logExecution@33:
   Exiting com.saber.testHibernate.service.PriceSimulatorService.generatePrice | executionTime=5 ms 
2026-05-13T00:27:52.355 [INFO] requestId:[                                    ] thread:[scheduling-1             ] c.s.testHibernate.logging.LoggingAspect.logExecution@28:
   Entering com.saber.testHibernate.service.PriceSimulatorService.generatePrice with args=[] 
2026-05-13T00:27:52.357 [INFO] requestId:[                                    ] thread:[scheduling-1             ] c.s.t.service.PriceSimulatorService.generatePrice@55:
   Price event sent | symbol=BTC price=19820.6985 topic=prices 
2026-05-13T00:27:52.357 [INFO] requestId:[                                    ] thread:[scheduling-1             ] c.s.testHibernate.logging.LoggingAspect.logExecution@33:
   Exiting com.saber.testHibernate.service.PriceSimulatorService.generatePrice | executionTime=2 ms 
2026-05-13T00:28:52.342 [INFO] requestId:[                                    ] thread:[scheduling-1             ] c.s.testHibernate.logging.LoggingAspect.logExecution@28:
   Entering com.saber.testHibernate.service.PriceSimulatorService.generatePrice with args=[] 
2026-05-13T00:28:52.344 [INFO] requestId:[                                    ] thread:[scheduling-1             ] c.s.t.service.PriceSimulatorService.generatePrice@55:
   Price event sent | symbol=ETH price=4135.5520 topic=prices 
2026-05-13T00:28:52.344 [INFO] requestId:[                                    ] thread:[scheduling-1             ] c.s.testHibernate.logging.LoggingAspect.logExecution@33:
   Exiting com.saber.testHibernate.service.PriceSimulatorService.generatePrice | executionTime=2 ms 
2026-05-13T00:29:52.353 [INFO] requestId:[                                    ] thread:[scheduling-1             ] c.s.testHibernate.logging.LoggingAspect.logExecution@28:
   Entering com.saber.testHibernate.service.PriceSimulatorService.generatePrice with args=[] 
2026-05-13T00:29:52.355 [INFO] requestId:[                                    ] thread:[scheduling-1             ] c.s.t.service.PriceSimulatorService.generatePrice@55:
   Price event sent | symbol=BTC price=20150.6643 topic=prices 
2026-05-13T00:29:52.356 [INFO] requestId:[                                    ] thread:[scheduling-1             ] c.s.testHibernate.logging.LoggingAspect.logExecution@33:
   Exiting com.saber.testHibernate.service.PriceSimulatorService.generatePrice | executionTime=3 ms 
2026-05-13T00:30:52.353 [INFO] requestId:[                                    ] thread:[scheduling-1             ] c.s.testHibernate.logging.LoggingAspect.logExecution@28:
   Entering com.saber.testHibernate.service.PriceSimulatorService.generatePrice with args=[] 
2026-05-13T00:30:52.355 [INFO] requestId:[                                    ] thread:[scheduling-1             ] c.s.t.service.PriceSimulatorService.generatePrice@55:
   Price event sent | symbol=AAPL price=202.0645 topic=prices 
2026-05-13T00:30:52.356 [INFO] requestId:[                                    ] thread:[scheduling-1             ] c.s.testHibernate.logging.LoggingAspect.logExecution@33:
   Exiting com.saber.testHibernate.service.PriceSimulatorService.generatePrice | executionTime=3 ms 
2026-05-13T00:31:52.348 [INFO] requestId:[                                    ] thread:[scheduling-1             ] c.s.testHibernate.logging.LoggingAspect.logExecution@28:
   Entering com.saber.testHibernate.service.PriceSimulatorService.generatePrice with args=[] 
2026-05-13T00:31:52.350 [INFO] requestId:[                                    ] thread:[scheduling-1             ] c.s.t.service.PriceSimulatorService.generatePrice@55:
   Price event sent | symbol=AAPL price=218.6830 topic=prices 
2026-05-13T00:31:52.351 [INFO] requestId:[                                    ] thread:[scheduling-1             ] c.s.testHibernate.logging.LoggingAspect.logExecution@33:
   Exiting com.saber.testHibernate.service.PriceSimulatorService.generatePrice | executionTime=3 ms 
2026-05-13T00:32:52.346 [INFO] requestId:[                                    ] thread:[scheduling-1             ] c.s.testHibernate.logging.LoggingAspect.logExecution@28:
   Entering com.saber.testHibernate.service.PriceSimulatorService.generatePrice with args=[] 
2026-05-13T00:32:52.349 [INFO] requestId:[                                    ] thread:[scheduling-1             ] c.s.t.service.PriceSimulatorService.generatePrice@55:
   Price event sent | symbol=BTC price=18768.5357 topic=prices 
2026-05-13T00:32:52.349 [INFO] requestId:[                                    ] thread:[scheduling-1             ] c.s.testHibernate.logging.LoggingAspect.logExecution@33:
   Exiting com.saber.testHibernate.service.PriceSimulatorService.generatePrice | executionTime=3 ms 
2026-05-13T00:33:52.354 [INFO] requestId:[                                    ] thread:[scheduling-1             ] c.s.testHibernate.logging.LoggingAspect.logExecution@28:
   Entering com.saber.testHibernate.service.PriceSimulatorService.generatePrice with args=[] 
2026-05-13T00:33:52.357 [INFO] requestId:[                                    ] thread:[scheduling-1             ] c.s.t.service.PriceSimulatorService.generatePrice@55:
   Price event sent | symbol=BTC price=19642.5603 topic=prices 
2026-05-13T00:33:52.358 [INFO] requestId:[                                    ] thread:[scheduling-1             ] c.s.testHibernate.logging.LoggingAspect.logExecution@33:
   Exiting com.saber.testHibernate.service.PriceSimulatorService.generatePrice | executionTime=4 ms 
2026-05-13T00:34:52.345 [INFO] requestId:[                                    ] thread:[scheduling-1             ] c.s.testHibernate.logging.LoggingAspect.logExecution@28:
   Entering com.saber.testHibernate.service.PriceSimulatorService.generatePrice with args=[] 
2026-05-13T00:34:52.348 [INFO] requestId:[                                    ] thread:[scheduling-1             ] c.s.t.service.PriceSimulatorService.generatePrice@55:
   Price event sent | symbol=BTC price=19230.0262 topic=prices 
2026-05-13T00:34:52.348 [INFO] requestId:[                                    ] thread:[scheduling-1             ] c.s.testHibernate.logging.LoggingAspect.logExecution@33:
   Exiting com.saber.testHibernate.service.PriceSimulatorService.generatePrice | executionTime=3 ms 
2026-05-13T00:35:52.352 [INFO] requestId:[                                    ] thread:[scheduling-1             ] c.s.testHibernate.logging.LoggingAspect.logExecution@28:
   Entering com.saber.testHibernate.service.PriceSimulatorService.generatePrice with args=[] 
2026-05-13T00:35:52.353 [INFO] requestId:[                                    ] thread:[scheduling-1             ] c.s.t.service.PriceSimulatorService.generatePrice@55:
   Price event sent | symbol=BTC price=20957.6699 topic=prices 
2026-05-13T00:35:52.353 [INFO] requestId:[                                    ] thread:[scheduling-1             ] c.s.testHibernate.logging.LoggingAspect.logExecution@33:
   Exiting com.saber.testHibernate.service.PriceSimulatorService.generatePrice | executionTime=1 ms 
2026-05-13T00:36:52.357 [INFO] requestId:[                                    ] thread:[scheduling-1             ] c.s.testHibernate.logging.LoggingAspect.logExecution@28:
   Entering com.saber.testHibernate.service.PriceSimulatorService.generatePrice with args=[] 
2026-05-13T00:36:52.359 [INFO] requestId:[                                    ] thread:[scheduling-1             ] c.s.t.service.PriceSimulatorService.generatePrice@55:
   Price event sent | symbol=GOOG price=47.5873 topic=prices 
2026-05-13T00:36:52.360 [INFO] requestId:[                                    ] thread:[scheduling-1             ] c.s.testHibernate.logging.LoggingAspect.logExecution@33:
   Exiting com.saber.testHibernate.service.PriceSimulatorService.generatePrice | executionTime=3 ms 
2026-05-13T00:37:52.354 [INFO] requestId:[                                    ] thread:[scheduling-1             ] c.s.testHibernate.logging.LoggingAspect.logExecution@28:
   Entering com.saber.testHibernate.service.PriceSimulatorService.generatePrice with args=[] 
2026-05-13T00:37:52.357 [INFO] requestId:[                                    ] thread:[scheduling-1             ] c.s.t.service.PriceSimulatorService.generatePrice@55:
   Price event sent | symbol=ETH price=3915.3761 topic=prices 
2026-05-13T00:37:52.358 [INFO] requestId:[                                    ] thread:[scheduling-1             ] c.s.testHibernate.logging.LoggingAspect.logExecution@33:
   Exiting com.saber.testHibernate.service.PriceSimulatorService.generatePrice | executionTime=4 ms 
2026-05-13T00:38:52.345 [INFO] requestId:[                                    ] thread:[scheduling-1             ] c.s.testHibernate.logging.LoggingAspect.logExecution@28:
   Entering com.saber.testHibernate.service.PriceSimulatorService.generatePrice with args=[] 
2026-05-13T00:38:52.348 [INFO] requestId:[                                    ] thread:[scheduling-1             ] c.s.t.service.PriceSimulatorService.generatePrice@55:
   Price event sent | symbol=GOOG price=49.6951 topic=prices 
2026-05-13T00:38:52.348 [INFO] requestId:[                                    ] thread:[scheduling-1             ] c.s.testHibernate.logging.LoggingAspect.logExecution@33:
   Exiting com.saber.testHibernate.service.PriceSimulatorService.generatePrice | executionTime=3 ms 
2026-05-13T00:39:52.346 [INFO] requestId:[                                    ] thread:[scheduling-1             ] c.s.testHibernate.logging.LoggingAspect.logExecution@28:
   Entering com.saber.testHibernate.service.PriceSimulatorService.generatePrice with args=[] 
2026-05-13T00:39:52.348 [INFO] requestId:[                                    ] thread:[scheduling-1             ] c.s.t.service.PriceSimulatorService.generatePrice@55:
   Price event sent | symbol=ETH price=3742.2357 topic=prices 
2026-05-13T00:39:52.348 [INFO] requestId:[                                    ] thread:[scheduling-1             ] c.s.testHibernate.logging.LoggingAspect.logExecution@33:
   Exiting com.saber.testHibernate.service.PriceSimulatorService.generatePrice | executionTime=2 ms 
2026-05-13T00:40:52.347 [INFO] requestId:[                                    ] thread:[scheduling-1             ] c.s.testHibernate.logging.LoggingAspect.logExecution@28:
   Entering com.saber.testHibernate.service.PriceSimulatorService.generatePrice with args=[] 
2026-05-13T00:40:52.351 [INFO] requestId:[                                    ] thread:[scheduling-1             ] c.s.t.service.PriceSimulatorService.generatePrice@55:
   Price event sent | symbol=AAPL price=213.2951 topic=prices 
2026-05-13T00:40:52.352 [INFO] requestId:[                                    ] thread:[scheduling-1             ] c.s.testHibernate.logging.LoggingAspect.logExecution@33:
   Exiting com.saber.testHibernate.service.PriceSimulatorService.generatePrice | executionTime=5 ms 
2026-05-13T00:41:52.356 [INFO] requestId:[                                    ] thread:[scheduling-1             ] c.s.testHibernate.logging.LoggingAspect.logExecution@28:
   Entering com.saber.testHibernate.service.PriceSimulatorService.generatePrice with args=[] 
2026-05-13T00:41:52.358 [INFO] requestId:[                                    ] thread:[scheduling-1             ] c.s.t.service.PriceSimulatorService.generatePrice@55:
   Price event sent | symbol=AAPL price=198.4194 topic=prices 
2026-05-13T00:41:52.358 [INFO] requestId:[                                    ] thread:[scheduling-1             ] c.s.testHibernate.logging.LoggingAspect.logExecution@33:
   Exiting com.saber.testHibernate.service.PriceSimulatorService.generatePrice | executionTime=2 ms 
2026-05-13T00:42:52.354 [INFO] requestId:[                                    ] thread:[scheduling-1             ] c.s.testHibernate.logging.LoggingAspect.logExecution@28:
   Entering com.saber.testHibernate.service.PriceSimulatorService.generatePrice with args=[] 
2026-05-13T00:42:52.357 [INFO] requestId:[                                    ] thread:[scheduling-1             ] c.s.t.service.PriceSimulatorService.generatePrice@55:
   Price event sent | symbol=BTC price=22287.0874 topic=prices 
2026-05-13T00:42:52.357 [INFO] requestId:[                                    ] thread:[scheduling-1             ] c.s.testHibernate.logging.LoggingAspect.logExecution@33:
   Exiting com.saber.testHibernate.service.PriceSimulatorService.generatePrice | executionTime=3 ms 
2026-05-13T00:43:52.350 [INFO] requestId:[                                    ] thread:[scheduling-1             ] c.s.testHibernate.logging.LoggingAspect.logExecution@28:
   Entering com.saber.testHibernate.service.PriceSimulatorService.generatePrice with args=[] 
2026-05-13T00:43:52.352 [INFO] requestId:[                                    ] thread:[scheduling-1             ] c.s.t.service.PriceSimulatorService.generatePrice@55:
   Price event sent | symbol=ETH price=4034.5566 topic=prices 
2026-05-13T00:43:52.353 [INFO] requestId:[                                    ] thread:[scheduling-1             ] c.s.testHibernate.logging.LoggingAspect.logExecution@33:
   Exiting com.saber.testHibernate.service.PriceSimulatorService.generatePrice | executionTime=3 ms 
2026-05-13T00:44:52.353 [INFO] requestId:[                                    ] thread:[scheduling-1             ] c.s.testHibernate.logging.LoggingAspect.logExecution@28:
   Entering com.saber.testHibernate.service.PriceSimulatorService.generatePrice with args=[] 
2026-05-13T00:44:52.357 [INFO] requestId:[                                    ] thread:[scheduling-1             ] c.s.t.service.PriceSimulatorService.generatePrice@55:
   Price event sent | symbol=GOOG price=50.9766 topic=prices 
2026-05-13T00:44:52.357 [INFO] requestId:[                                    ] thread:[scheduling-1             ] c.s.testHibernate.logging.LoggingAspect.logExecution@33:
   Exiting com.saber.testHibernate.service.PriceSimulatorService.generatePrice | executionTime=4 ms 
2026-05-13T00:45:52.352 [INFO] requestId:[                                    ] thread:[scheduling-1             ] c.s.testHibernate.logging.LoggingAspect.logExecution@28:
   Entering com.saber.testHibernate.service.PriceSimulatorService.generatePrice with args=[] 
2026-05-13T00:45:52.354 [INFO] requestId:[                                    ] thread:[scheduling-1             ] c.s.t.service.PriceSimulatorService.generatePrice@55:
   Price event sent | symbol=ETH price=4353.7868 topic=prices 
2026-05-13T00:45:52.355 [INFO] requestId:[                                    ] thread:[scheduling-1             ] c.s.testHibernate.logging.LoggingAspect.logExecution@33:
   Exiting com.saber.testHibernate.service.PriceSimulatorService.generatePrice | executionTime=3 ms 
2026-05-13T00:46:52.353 [INFO] requestId:[                                    ] thread:[scheduling-1             ] c.s.testHibernate.logging.LoggingAspect.logExecution@28:
   Entering com.saber.testHibernate.service.PriceSimulatorService.generatePrice with args=[] 
2026-05-13T00:46:52.355 [INFO] requestId:[                                    ] thread:[scheduling-1             ] c.s.t.service.PriceSimulatorService.generatePrice@55:
   Price event sent | symbol=ETH price=4177.7482 topic=prices 
2026-05-13T00:46:52.355 [INFO] requestId:[                                    ] thread:[scheduling-1             ] c.s.testHibernate.logging.LoggingAspect.logExecution@33:
   Exiting com.saber.testHibernate.service.PriceSimulatorService.generatePrice | executionTime=2 ms 
2026-05-13T00:47:52.364 [INFO] requestId:[                                    ] thread:[scheduling-1             ] c.s.testHibernate.logging.LoggingAspect.logExecution@28:
   Entering com.saber.testHibernate.service.PriceSimulatorService.generatePrice with args=[] 
2026-05-13T00:47:52.366 [INFO] requestId:[                                    ] thread:[scheduling-1             ] c.s.t.service.PriceSimulatorService.generatePrice@55:
   Price event sent | symbol=GOOG price=51.8506 topic=prices 
2026-05-13T00:47:52.367 [INFO] requestId:[                                    ] thread:[scheduling-1             ] c.s.testHibernate.logging.LoggingAspect.logExecution@33:
   Exiting com.saber.testHibernate.service.PriceSimulatorService.generatePrice | executionTime=3 ms 
2026-05-13T00:48:52.364 [INFO] requestId:[                                    ] thread:[scheduling-1             ] c.s.testHibernate.logging.LoggingAspect.logExecution@28:
   Entering com.saber.testHibernate.service.PriceSimulatorService.generatePrice with args=[] 
2026-05-13T00:48:52.367 [INFO] requestId:[                                    ] thread:[scheduling-1             ] c.s.t.service.PriceSimulatorService.generatePrice@55:
   Price event sent | symbol=GOOG price=47.9929 topic=prices 
2026-05-13T00:48:52.367 [INFO] requestId:[                                    ] thread:[scheduling-1             ] c.s.testHibernate.logging.LoggingAspect.logExecution@33:
   Exiting com.saber.testHibernate.service.PriceSimulatorService.generatePrice | executionTime=3 ms 
2026-05-13T00:49:52.353 [INFO] requestId:[                                    ] thread:[scheduling-1             ] c.s.testHibernate.logging.LoggingAspect.logExecution@28:
   Entering com.saber.testHibernate.service.PriceSimulatorService.generatePrice with args=[] 
2026-05-13T00:49:52.354 [INFO] requestId:[                                    ] thread:[scheduling-1             ] c.s.t.service.PriceSimulatorService.generatePrice@55:
   Price event sent | symbol=GOOG price=45.5721 topic=prices 
2026-05-13T00:49:52.355 [INFO] requestId:[                                    ] thread:[scheduling-1             ] c.s.testHibernate.logging.LoggingAspect.logExecution@33:
   Exiting com.saber.testHibernate.service.PriceSimulatorService.generatePrice | executionTime=2 ms 
2026-05-13T00:50:52.364 [INFO] requestId:[                                    ] thread:[scheduling-1             ] c.s.testHibernate.logging.LoggingAspect.logExecution@28:
   Entering com.saber.testHibernate.service.PriceSimulatorService.generatePrice with args=[] 
2026-05-13T00:50:52.370 [INFO] requestId:[                                    ] thread:[scheduling-1             ] c.s.t.service.PriceSimulatorService.generatePrice@55:
   Price event sent | symbol=BTC price=20293.7863 topic=prices 
2026-05-13T00:50:52.370 [INFO] requestId:[                                    ] thread:[scheduling-1             ] c.s.testHibernate.logging.LoggingAspect.logExecution@33:
   Exiting com.saber.testHibernate.service.PriceSimulatorService.generatePrice | executionTime=6 ms 
2026-05-13T00:51:52.366 [INFO] requestId:[                                    ] thread:[scheduling-1             ] c.s.testHibernate.logging.LoggingAspect.logExecution@28:
   Entering com.saber.testHibernate.service.PriceSimulatorService.generatePrice with args=[] 
2026-05-13T00:51:52.367 [INFO] requestId:[                                    ] thread:[scheduling-1             ] c.s.t.service.PriceSimulatorService.generatePrice@55:
   Price event sent | symbol=AAPL price=188.3763 topic=prices 
2026-05-13T00:51:52.368 [INFO] requestId:[                                    ] thread:[scheduling-1             ] c.s.testHibernate.logging.LoggingAspect.logExecution@33:
   Exiting com.saber.testHibernate.service.PriceSimulatorService.generatePrice | executionTime=2 ms 
2026-05-13T00:52:52.364 [INFO] requestId:[                                    ] thread:[scheduling-1             ] c.s.testHibernate.logging.LoggingAspect.logExecution@28:
   Entering com.saber.testHibernate.service.PriceSimulatorService.generatePrice with args=[] 
2026-05-13T00:52:52.366 [INFO] requestId:[                                    ] thread:[scheduling-1             ] c.s.t.service.PriceSimulatorService.generatePrice@55:
   Price event sent | symbol=AAPL price=176.2038 topic=prices 
2026-05-13T00:52:52.367 [INFO] requestId:[                                    ] thread:[scheduling-1             ] c.s.testHibernate.logging.LoggingAspect.logExecution@33:
   Exiting com.saber.testHibernate.service.PriceSimulatorService.generatePrice | executionTime=3 ms 
2026-05-13T00:53:52.361 [INFO] requestId:[                                    ] thread:[scheduling-1             ] c.s.testHibernate.logging.LoggingAspect.logExecution@28:
   Entering com.saber.testHibernate.service.PriceSimulatorService.generatePrice with args=[] 
2026-05-13T00:53:52.363 [INFO] requestId:[                                    ] thread:[scheduling-1             ] c.s.t.service.PriceSimulatorService.generatePrice@55:
   Price event sent | symbol=AAPL price=160.1827 topic=prices 
2026-05-13T00:53:52.363 [INFO] requestId:[                                    ] thread:[scheduling-1             ] c.s.testHibernate.logging.LoggingAspect.logExecution@33:
   Exiting com.saber.testHibernate.service.PriceSimulatorService.generatePrice | executionTime=2 ms 
2026-05-13T00:54:52.366 [INFO] requestId:[                                    ] thread:[scheduling-1             ] c.s.testHibernate.logging.LoggingAspect.logExecution@28:
   Entering com.saber.testHibernate.service.PriceSimulatorService.generatePrice with args=[] 
2026-05-13T00:54:52.367 [INFO] requestId:[                                    ] thread:[scheduling-1             ] c.s.t.service.PriceSimulatorService.generatePrice@55:
   Price event sent | symbol=ETH price=4335.8281 topic=prices 
2026-05-13T00:54:52.367 [INFO] requestId:[                                    ] thread:[scheduling-1             ] c.s.testHibernate.logging.LoggingAspect.logExecution@33:
   Exiting com.saber.testHibernate.service.PriceSimulatorService.generatePrice | executionTime=1 ms 
2026-05-13T00:55:52.355 [INFO] requestId:[                                    ] thread:[scheduling-1             ] c.s.testHibernate.logging.LoggingAspect.logExecution@28:
   Entering com.saber.testHibernate.service.PriceSimulatorService.generatePrice with args=[] 
2026-05-13T00:55:52.358 [INFO] requestId:[                                    ] thread:[scheduling-1             ] c.s.t.service.PriceSimulatorService.generatePrice@55:
   Price event sent | symbol=ETH price=3911.1056 topic=prices 
2026-05-13T00:55:52.358 [INFO] requestId:[                                    ] thread:[scheduling-1             ] c.s.testHibernate.logging.LoggingAspect.logExecution@33:
   Exiting com.saber.testHibernate.service.PriceSimulatorService.generatePrice | executionTime=3 ms 
2026-05-13T00:56:52.355 [INFO] requestId:[                                    ] thread:[scheduling-1             ] c.s.testHibernate.logging.LoggingAspect.logExecution@28:
   Entering com.saber.testHibernate.service.PriceSimulatorService.generatePrice with args=[] 
2026-05-13T00:56:52.358 [INFO] requestId:[                                    ] thread:[scheduling-1             ] c.s.t.service.PriceSimulatorService.generatePrice@55:
   Price event sent | symbol=GOOG price=47.0871 topic=prices 
2026-05-13T00:56:52.359 [INFO] requestId:[                                    ] thread:[scheduling-1             ] c.s.testHibernate.logging.LoggingAspect.logExecution@33:
   Exiting com.saber.testHibernate.service.PriceSimulatorService.generatePrice | executionTime=4 ms 
2026-05-13T00:57:52.369 [INFO] requestId:[                                    ] thread:[scheduling-1             ] c.s.testHibernate.logging.LoggingAspect.logExecution@28:
   Entering com.saber.testHibernate.service.PriceSimulatorService.generatePrice with args=[] 
2026-05-13T00:57:52.371 [INFO] requestId:[                                    ] thread:[scheduling-1             ] c.s.t.service.PriceSimulatorService.generatePrice@55:
   Price event sent | symbol=GOOG price=44.1483 topic=prices 
2026-05-13T00:57:52.372 [INFO] requestId:[                                    ] thread:[scheduling-1             ] c.s.testHibernate.logging.LoggingAspect.logExecution@33:
   Exiting com.saber.testHibernate.service.PriceSimulatorService.generatePrice | executionTime=3 ms 
2026-05-13T00:58:52.366 [INFO] requestId:[                                    ] thread:[scheduling-1             ] c.s.testHibernate.logging.LoggingAspect.logExecution@28:
   Entering com.saber.testHibernate.service.PriceSimulatorService.generatePrice with args=[] 
2026-05-13T00:58:52.367 [INFO] requestId:[                                    ] thread:[scheduling-1             ] c.s.t.service.PriceSimulatorService.generatePrice@55:
   Price event sent | symbol=GOOG price=47.0191 topic=prices 
2026-05-13T00:58:52.367 [INFO] requestId:[                                    ] thread:[scheduling-1             ] c.s.testHibernate.logging.LoggingAspect.logExecution@33:
   Exiting com.saber.testHibernate.service.PriceSimulatorService.generatePrice | executionTime=1 ms 
2026-05-13T00:59:52.365 [INFO] requestId:[                                    ] thread:[scheduling-1             ] c.s.testHibernate.logging.LoggingAspect.logExecution@28:
   Entering com.saber.testHibernate.service.PriceSimulatorService.generatePrice with args=[] 
2026-05-13T00:59:52.367 [INFO] requestId:[                                    ] thread:[scheduling-1             ] c.s.t.service.PriceSimulatorService.generatePrice@55:
   Price event sent | symbol=GOOG price=47.4616 topic=prices 
2026-05-13T00:59:52.367 [INFO] requestId:[                                    ] thread:[scheduling-1             ] c.s.testHibernate.logging.LoggingAspect.logExecution@33:
   Exiting com.saber.testHibernate.service.PriceSimulatorService.generatePrice | executionTime=2 ms 
2026-05-13T01:00:52.361 [INFO] requestId:[                                    ] thread:[scheduling-1             ] c.s.testHibernate.logging.LoggingAspect.logExecution@28:
   Entering com.saber.testHibernate.service.PriceSimulatorService.generatePrice with args=[] 
2026-05-13T01:00:52.363 [INFO] requestId:[                                    ] thread:[scheduling-1             ] c.s.t.service.PriceSimulatorService.generatePrice@55:
   Price event sent | symbol=BTC price=19049.7440 topic=prices 
2026-05-13T01:00:52.363 [INFO] requestId:[                                    ] thread:[scheduling-1             ] c.s.testHibernate.logging.LoggingAspect.logExecution@33:
   Exiting com.saber.testHibernate.service.PriceSimulatorService.generatePrice | executionTime=2 ms 
2026-05-13T01:01:52.363 [INFO] requestId:[                                    ] thread:[scheduling-1             ] c.s.testHibernate.logging.LoggingAspect.logExecution@28:
   Entering com.saber.testHibernate.service.PriceSimulatorService.generatePrice with args=[] 
2026-05-13T01:01:52.365 [INFO] requestId:[                                    ] thread:[scheduling-1             ] c.s.t.service.PriceSimulatorService.generatePrice@55:
   Price event sent | symbol=GOOG price=49.9491 topic=prices 
2026-05-13T01:01:52.365 [INFO] requestId:[                                    ] thread:[scheduling-1             ] c.s.testHibernate.logging.LoggingAspect.logExecution@33:
   Exiting com.saber.testHibernate.service.PriceSimulatorService.generatePrice | executionTime=2 ms 
2026-05-13T01:02:52.357 [INFO] requestId:[                                    ] thread:[scheduling-1             ] c.s.testHibernate.logging.LoggingAspect.logExecution@28:
   Entering com.saber.testHibernate.service.PriceSimulatorService.generatePrice with args=[] 
2026-05-13T01:02:52.359 [INFO] requestId:[                                    ] thread:[scheduling-1             ] c.s.t.service.PriceSimulatorService.generatePrice@55:
   Price event sent | symbol=ETH price=3955.1514 topic=prices 
2026-05-13T01:02:52.360 [INFO] requestId:[                                    ] thread:[scheduling-1             ] c.s.testHibernate.logging.LoggingAspect.logExecution@33:
   Exiting com.saber.testHibernate.service.PriceSimulatorService.generatePrice | executionTime=3 ms 
2026-05-13T01:03:52.362 [INFO] requestId:[                                    ] thread:[scheduling-1             ] c.s.testHibernate.logging.LoggingAspect.logExecution@28:
   Entering com.saber.testHibernate.service.PriceSimulatorService.generatePrice with args=[] 
2026-05-13T01:03:52.364 [INFO] requestId:[                                    ] thread:[scheduling-1             ] c.s.t.service.PriceSimulatorService.generatePrice@55:
   Price event sent | symbol=AAPL price=148.1254 topic=prices 
2026-05-13T01:03:52.365 [INFO] requestId:[                                    ] thread:[scheduling-1             ] c.s.testHibernate.logging.LoggingAspect.logExecution@33:
   Exiting com.saber.testHibernate.service.PriceSimulatorService.generatePrice | executionTime=3 ms 
2026-05-13T01:04:52.359 [INFO] requestId:[                                    ] thread:[scheduling-1             ] c.s.testHibernate.logging.LoggingAspect.logExecution@28:
   Entering com.saber.testHibernate.service.PriceSimulatorService.generatePrice with args=[] 
2026-05-13T01:04:52.361 [INFO] requestId:[                                    ] thread:[scheduling-1             ] c.s.t.service.PriceSimulatorService.generatePrice@55:
   Price event sent | symbol=ETH price=3638.7066 topic=prices 
2026-05-13T01:04:52.361 [INFO] requestId:[                                    ] thread:[scheduling-1             ] c.s.testHibernate.logging.LoggingAspect.logExecution@33:
   Exiting com.saber.testHibernate.service.PriceSimulatorService.generatePrice | executionTime=2 ms 
2026-05-13T01:05:52.370 [INFO] requestId:[                                    ] thread:[scheduling-1             ] c.s.testHibernate.logging.LoggingAspect.logExecution@28:
   Entering com.saber.testHibernate.service.PriceSimulatorService.generatePrice with args=[] 
2026-05-13T01:05:52.373 [INFO] requestId:[                                    ] thread:[scheduling-1             ] c.s.t.service.PriceSimulatorService.generatePrice@55:
   Price event sent | symbol=BTC price=19963.2232 topic=prices 
2026-05-13T01:05:52.373 [INFO] requestId:[                                    ] thread:[scheduling-1             ] c.s.testHibernate.logging.LoggingAspect.logExecution@33:
   Exiting com.saber.testHibernate.service.PriceSimulatorService.generatePrice | executionTime=3 ms 
2026-05-13T01:06:52.371 [INFO] requestId:[                                    ] thread:[scheduling-1             ] c.s.testHibernate.logging.LoggingAspect.logExecution@28:
   Entering com.saber.testHibernate.service.PriceSimulatorService.generatePrice with args=[] 
2026-05-13T01:06:52.373 [INFO] requestId:[                                    ] thread:[scheduling-1             ] c.s.t.service.PriceSimulatorService.generatePrice@55:
   Price event sent | symbol=GOOG price=46.5576 topic=prices 
2026-05-13T01:06:52.374 [INFO] requestId:[                                    ] thread:[scheduling-1             ] c.s.testHibernate.logging.LoggingAspect.logExecution@33:
   Exiting com.saber.testHibernate.service.PriceSimulatorService.generatePrice | executionTime=3 ms 
2026-05-13T01:07:52.361 [INFO] requestId:[                                    ] thread:[scheduling-1             ] c.s.testHibernate.logging.LoggingAspect.logExecution@28:
   Entering com.saber.testHibernate.service.PriceSimulatorService.generatePrice with args=[] 
2026-05-13T01:07:52.363 [INFO] requestId:[                                    ] thread:[scheduling-1             ] c.s.t.service.PriceSimulatorService.generatePrice@55:
   Price event sent | symbol=GOOG price=45.1308 topic=prices 
2026-05-13T01:07:52.364 [INFO] requestId:[                                    ] thread:[scheduling-1             ] c.s.testHibernate.logging.LoggingAspect.logExecution@33:
   Exiting com.saber.testHibernate.service.PriceSimulatorService.generatePrice | executionTime=3 ms 
2026-05-13T01:08:52.372 [INFO] requestId:[                                    ] thread:[scheduling-1             ] c.s.testHibernate.logging.LoggingAspect.logExecution@28:
   Entering com.saber.testHibernate.service.PriceSimulatorService.generatePrice with args=[] 
2026-05-13T01:08:52.374 [INFO] requestId:[                                    ] thread:[scheduling-1             ] c.s.t.service.PriceSimulatorService.generatePrice@55:
   Price event sent | symbol=ETH price=3485.3457 topic=prices 
2026-05-13T01:08:52.375 [INFO] requestId:[                                    ] thread:[scheduling-1             ] c.s.testHibernate.logging.LoggingAspect.logExecution@33:
   Exiting com.saber.testHibernate.service.PriceSimulatorService.generatePrice | executionTime=3 ms 
2026-05-13T01:09:52.373 [INFO] requestId:[                                    ] thread:[scheduling-1             ] c.s.testHibernate.logging.LoggingAspect.logExecution@28:
   Entering com.saber.testHibernate.service.PriceSimulatorService.generatePrice with args=[] 
2026-05-13T01:09:52.377 [INFO] requestId:[                                    ] thread:[scheduling-1             ] c.s.t.service.PriceSimulatorService.generatePrice@55:
   Price event sent | symbol=AAPL price=141.4822 topic=prices 
2026-05-13T01:09:52.378 [INFO] requestId:[                                    ] thread:[scheduling-1             ] c.s.testHibernate.logging.LoggingAspect.logExecution@33:
   Exiting com.saber.testHibernate.service.PriceSimulatorService.generatePrice | executionTime=5 ms 
2026-05-13T01:10:52.366 [INFO] requestId:[                                    ] thread:[scheduling-1             ] c.s.testHibernate.logging.LoggingAspect.logExecution@28:
   Entering com.saber.testHibernate.service.PriceSimulatorService.generatePrice with args=[] 
2026-05-13T01:10:52.368 [INFO] requestId:[                                    ] thread:[scheduling-1             ] c.s.t.service.PriceSimulatorService.generatePrice@55:
   Price event sent | symbol=BTC price=20955.2234 topic=prices 
2026-05-13T01:10:52.369 [INFO] requestId:[                                    ] thread:[scheduling-1             ] c.s.testHibernate.logging.LoggingAspect.logExecution@33:
   Exiting com.saber.testHibernate.service.PriceSimulatorService.generatePrice | executionTime=3 ms 
2026-05-13T01:11:52.362 [INFO] requestId:[                                    ] thread:[scheduling-1             ] c.s.testHibernate.logging.LoggingAspect.logExecution@28:
   Entering com.saber.testHibernate.service.PriceSimulatorService.generatePrice with args=[] 
2026-05-13T01:11:52.365 [INFO] requestId:[                                    ] thread:[scheduling-1             ] c.s.t.service.PriceSimulatorService.generatePrice@55:
   Price event sent | symbol=AAPL price=147.2156 topic=prices 
2026-05-13T01:11:52.365 [INFO] requestId:[                                    ] thread:[scheduling-1             ] c.s.testHibernate.logging.LoggingAspect.logExecution@33:
   Exiting com.saber.testHibernate.service.PriceSimulatorService.generatePrice | executionTime=3 ms 
2026-05-13T01:12:52.372 [INFO] requestId:[                                    ] thread:[scheduling-1             ] c.s.testHibernate.logging.LoggingAspect.logExecution@28:
   Entering com.saber.testHibernate.service.PriceSimulatorService.generatePrice with args=[] 
2026-05-13T01:12:52.375 [INFO] requestId:[                                    ] thread:[scheduling-1             ] c.s.t.service.PriceSimulatorService.generatePrice@55:
   Price event sent | symbol=BTC price=21132.4324 topic=prices 
2026-05-13T01:12:52.376 [INFO] requestId:[                                    ] thread:[scheduling-1             ] c.s.testHibernate.logging.LoggingAspect.logExecution@33:
   Exiting com.saber.testHibernate.service.PriceSimulatorService.generatePrice | executionTime=4 ms 
2026-05-13T01:13:52.374 [INFO] requestId:[                                    ] thread:[scheduling-1             ] c.s.testHibernate.logging.LoggingAspect.logExecution@28:
   Entering com.saber.testHibernate.service.PriceSimulatorService.generatePrice with args=[] 
2026-05-13T01:13:52.376 [INFO] requestId:[                                    ] thread:[scheduling-1             ] c.s.t.service.PriceSimulatorService.generatePrice@55:
   Price event sent | symbol=GOOG price=48.5542 topic=prices 
2026-05-13T01:13:52.377 [INFO] requestId:[                                    ] thread:[scheduling-1             ] c.s.testHibernate.logging.LoggingAspect.logExecution@33:
   Exiting com.saber.testHibernate.service.PriceSimulatorService.generatePrice | executionTime=3 ms 
2026-05-13T01:14:52.370 [INFO] requestId:[                                    ] thread:[scheduling-1             ] c.s.testHibernate.logging.LoggingAspect.logExecution@28:
   Entering com.saber.testHibernate.service.PriceSimulatorService.generatePrice with args=[] 
2026-05-13T01:14:52.372 [INFO] requestId:[                                    ] thread:[scheduling-1             ] c.s.t.service.PriceSimulatorService.generatePrice@55:
   Price event sent | symbol=AAPL price=137.2729 topic=prices 
2026-05-13T01:14:52.373 [INFO] requestId:[                                    ] thread:[scheduling-1             ] c.s.testHibernate.logging.LoggingAspect.logExecution@33:
   Exiting com.saber.testHibernate.service.PriceSimulatorService.generatePrice | executionTime=3 ms 
2026-05-13T01:15:52.377 [INFO] requestId:[                                    ] thread:[scheduling-1             ] c.s.testHibernate.logging.LoggingAspect.logExecution@28:
   Entering com.saber.testHibernate.service.PriceSimulatorService.generatePrice with args=[] 
2026-05-13T01:15:52.382 [INFO] requestId:[                                    ] thread:[scheduling-1             ] c.s.t.service.PriceSimulatorService.generatePrice@55:
   Price event sent | symbol=BTC price=22442.2038 topic=prices 
2026-05-13T01:15:52.382 [INFO] requestId:[                                    ] thread:[scheduling-1             ] c.s.testHibernate.logging.LoggingAspect.logExecution@33:
   Exiting com.saber.testHibernate.service.PriceSimulatorService.generatePrice | executionTime=5 ms 
2026-05-13T01:16:52.375 [INFO] requestId:[                                    ] thread:[scheduling-1             ] c.s.testHibernate.logging.LoggingAspect.logExecution@28:
   Entering com.saber.testHibernate.service.PriceSimulatorService.generatePrice with args=[] 
2026-05-13T01:16:52.377 [INFO] requestId:[                                    ] thread:[scheduling-1             ] c.s.t.service.PriceSimulatorService.generatePrice@55:
   Price event sent | symbol=BTC price=20725.2489 topic=prices 
2026-05-13T01:16:52.378 [INFO] requestId:[                                    ] thread:[scheduling-1             ] c.s.testHibernate.logging.LoggingAspect.logExecution@33:
   Exiting com.saber.testHibernate.service.PriceSimulatorService.generatePrice | executionTime=3 ms 
2026-05-13T01:17:52.366 [INFO] requestId:[                                    ] thread:[scheduling-1             ] c.s.testHibernate.logging.LoggingAspect.logExecution@28:
   Entering com.saber.testHibernate.service.PriceSimulatorService.generatePrice with args=[] 
2026-05-13T01:17:52.368 [INFO] requestId:[                                    ] thread:[scheduling-1             ] c.s.t.service.PriceSimulatorService.generatePrice@55:
   Price event sent | symbol=BTC price=18814.0686 topic=prices 
2026-05-13T01:17:52.368 [INFO] requestId:[                                    ] thread:[scheduling-1             ] c.s.testHibernate.logging.LoggingAspect.logExecution@33:
   Exiting com.saber.testHibernate.service.PriceSimulatorService.generatePrice | executionTime=2 ms 
2026-05-13T01:18:52.375 [INFO] requestId:[                                    ] thread:[scheduling-1             ] c.s.testHibernate.logging.LoggingAspect.logExecution@28:
   Entering com.saber.testHibernate.service.PriceSimulatorService.generatePrice with args=[] 
2026-05-13T01:18:52.376 [INFO] requestId:[                                    ] thread:[scheduling-1             ] c.s.t.service.PriceSimulatorService.generatePrice@55:
   Price event sent | symbol=AAPL price=132.0676 topic=prices 
2026-05-13T01:18:52.377 [INFO] requestId:[                                    ] thread:[scheduling-1             ] c.s.testHibernate.logging.LoggingAspect.logExecution@33:
   Exiting com.saber.testHibernate.service.PriceSimulatorService.generatePrice | executionTime=2 ms 
2026-05-13T01:19:52.372 [INFO] requestId:[                                    ] thread:[scheduling-1             ] c.s.testHibernate.logging.LoggingAspect.logExecution@28:
   Entering com.saber.testHibernate.service.PriceSimulatorService.generatePrice with args=[] 
2026-05-13T01:19:52.373 [INFO] requestId:[                                    ] thread:[scheduling-1             ] c.s.t.service.PriceSimulatorService.generatePrice@55:
   Price event sent | symbol=AAPL price=122.4823 topic=prices 
2026-05-13T01:19:52.373 [INFO] requestId:[                                    ] thread:[scheduling-1             ] c.s.testHibernate.logging.LoggingAspect.logExecution@33:
   Exiting com.saber.testHibernate.service.PriceSimulatorService.generatePrice | executionTime=1 ms 
2026-05-13T01:20:52.376 [INFO] requestId:[                                    ] thread:[scheduling-1             ] c.s.testHibernate.logging.LoggingAspect.logExecution@28:
   Entering com.saber.testHibernate.service.PriceSimulatorService.generatePrice with args=[] 
2026-05-13T01:20:52.378 [INFO] requestId:[                                    ] thread:[scheduling-1             ] c.s.t.service.PriceSimulatorService.generatePrice@55:
   Price event sent | symbol=AAPL price=117.9251 topic=prices 
2026-05-13T01:20:52.379 [INFO] requestId:[                                    ] thread:[scheduling-1             ] c.s.testHibernate.logging.LoggingAspect.logExecution@33:
   Exiting com.saber.testHibernate.service.PriceSimulatorService.generatePrice | executionTime=3 ms 
2026-05-13T01:21:52.369 [INFO] requestId:[                                    ] thread:[scheduling-1             ] c.s.testHibernate.logging.LoggingAspect.logExecution@28:
   Entering com.saber.testHibernate.service.PriceSimulatorService.generatePrice with args=[] 
2026-05-13T01:21:52.370 [INFO] requestId:[                                    ] thread:[scheduling-1             ] c.s.t.service.PriceSimulatorService.generatePrice@55:
   Price event sent | symbol=ETH price=3460.6703 topic=prices 
2026-05-13T01:21:52.371 [INFO] requestId:[                                    ] thread:[scheduling-1             ] c.s.testHibernate.logging.LoggingAspect.logExecution@33:
   Exiting com.saber.testHibernate.service.PriceSimulatorService.generatePrice | executionTime=2 ms 
2026-05-13T01:22:52.374 [INFO] requestId:[                                    ] thread:[scheduling-1             ] c.s.testHibernate.logging.LoggingAspect.logExecution@28:
   Entering com.saber.testHibernate.service.PriceSimulatorService.generatePrice with args=[] 
2026-05-13T01:22:52.376 [INFO] requestId:[                                    ] thread:[scheduling-1             ] c.s.t.service.PriceSimulatorService.generatePrice@55:
   Price event sent | symbol=ETH price=3253.9637 topic=prices 
2026-05-13T01:22:52.376 [INFO] requestId:[                                    ] thread:[scheduling-1             ] c.s.testHibernate.logging.LoggingAspect.logExecution@33:
   Exiting com.saber.testHibernate.service.PriceSimulatorService.generatePrice | executionTime=2 ms 
2026-05-13T01:23:52.369 [INFO] requestId:[                                    ] thread:[scheduling-1             ] c.s.testHibernate.logging.LoggingAspect.logExecution@28:
   Entering com.saber.testHibernate.service.PriceSimulatorService.generatePrice with args=[] 
2026-05-13T01:23:52.371 [INFO] requestId:[                                    ] thread:[scheduling-1             ] c.s.t.service.PriceSimulatorService.generatePrice@55:
   Price event sent | symbol=ETH price=3029.2493 topic=prices 
2026-05-13T01:23:52.371 [INFO] requestId:[                                    ] thread:[scheduling-1             ] c.s.testHibernate.logging.LoggingAspect.logExecution@33:
   Exiting com.saber.testHibernate.service.PriceSimulatorService.generatePrice | executionTime=2 ms 
2026-05-13T01:24:52.369 [INFO] requestId:[                                    ] thread:[scheduling-1             ] c.s.testHibernate.logging.LoggingAspect.logExecution@28:
   Entering com.saber.testHibernate.service.PriceSimulatorService.generatePrice with args=[] 
2026-05-13T01:24:52.371 [INFO] requestId:[                                    ] thread:[scheduling-1             ] c.s.t.service.PriceSimulatorService.generatePrice@55:
   Price event sent | symbol=GOOG price=44.9999 topic=prices 
2026-05-13T01:24:52.371 [INFO] requestId:[                                    ] thread:[scheduling-1             ] c.s.testHibernate.logging.LoggingAspect.logExecution@33:
   Exiting com.saber.testHibernate.service.PriceSimulatorService.generatePrice | executionTime=2 ms 
2026-05-13T01:25:52.380 [INFO] requestId:[                                    ] thread:[scheduling-1             ] c.s.testHibernate.logging.LoggingAspect.logExecution@28:
   Entering com.saber.testHibernate.service.PriceSimulatorService.generatePrice with args=[] 
2026-05-13T01:25:52.382 [INFO] requestId:[                                    ] thread:[scheduling-1             ] c.s.t.service.PriceSimulatorService.generatePrice@55:
   Price event sent | symbol=AAPL price=113.6770 topic=prices 
2026-05-13T01:25:52.382 [INFO] requestId:[                                    ] thread:[scheduling-1             ] c.s.testHibernate.logging.LoggingAspect.logExecution@33:
   Exiting com.saber.testHibernate.service.PriceSimulatorService.generatePrice | executionTime=2 ms 
2026-05-13T01:26:52.370 [INFO] requestId:[                                    ] thread:[scheduling-1             ] c.s.testHibernate.logging.LoggingAspect.logExecution@28:
   Entering com.saber.testHibernate.service.PriceSimulatorService.generatePrice with args=[] 
2026-05-13T01:26:52.372 [INFO] requestId:[                                    ] thread:[scheduling-1             ] c.s.t.service.PriceSimulatorService.generatePrice@55:
   Price event sent | symbol=BTC price=20276.4516 topic=prices 
2026-05-13T01:26:52.373 [INFO] requestId:[                                    ] thread:[scheduling-1             ] c.s.testHibernate.logging.LoggingAspect.logExecution@33:
   Exiting com.saber.testHibernate.service.PriceSimulatorService.generatePrice | executionTime=3 ms 
2026-05-13T01:27:52.372 [INFO] requestId:[                                    ] thread:[scheduling-1             ] c.s.testHibernate.logging.LoggingAspect.logExecution@28:
   Entering com.saber.testHibernate.service.PriceSimulatorService.generatePrice with args=[] 
2026-05-13T01:27:52.373 [INFO] requestId:[                                    ] thread:[scheduling-1             ] c.s.t.service.PriceSimulatorService.generatePrice@55:
   Price event sent | symbol=ETH price=2799.9182 topic=prices 
2026-05-13T01:27:52.373 [INFO] requestId:[                                    ] thread:[scheduling-1             ] c.s.testHibernate.logging.LoggingAspect.logExecution@33:
   Exiting com.saber.testHibernate.service.PriceSimulatorService.generatePrice | executionTime=1 ms 
2026-05-13T01:28:52.373 [INFO] requestId:[                                    ] thread:[scheduling-1             ] c.s.testHibernate.logging.LoggingAspect.logExecution@28:
   Entering com.saber.testHibernate.service.PriceSimulatorService.generatePrice with args=[] 
2026-05-13T01:28:52.376 [INFO] requestId:[                                    ] thread:[scheduling-1             ] c.s.t.service.PriceSimulatorService.generatePrice@55:
   Price event sent | symbol=AAPL price=111.2372 topic=prices 
2026-05-13T01:28:52.377 [INFO] requestId:[                                    ] thread:[scheduling-1             ] c.s.testHibernate.logging.LoggingAspect.logExecution@33:
   Exiting com.saber.testHibernate.service.PriceSimulatorService.generatePrice | executionTime=4 ms 
2026-05-13T01:29:52.382 [INFO] requestId:[                                    ] thread:[scheduling-1             ] c.s.testHibernate.logging.LoggingAspect.logExecution@28:
   Entering com.saber.testHibernate.service.PriceSimulatorService.generatePrice with args=[] 
2026-05-13T01:29:52.385 [INFO] requestId:[                                    ] thread:[scheduling-1             ] c.s.t.service.PriceSimulatorService.generatePrice@55:
   Price event sent | symbol=ETH price=2717.1475 topic=prices 
2026-05-13T01:29:52.386 [INFO] requestId:[                                    ] thread:[scheduling-1             ] c.s.testHibernate.logging.LoggingAspect.logExecution@33:
   Exiting com.saber.testHibernate.service.PriceSimulatorService.generatePrice | executionTime=4 ms 
2026-05-13T01:30:52.381 [INFO] requestId:[                                    ] thread:[scheduling-1             ] c.s.testHibernate.logging.LoggingAspect.logExecution@28:
   Entering com.saber.testHibernate.service.PriceSimulatorService.generatePrice with args=[] 
2026-05-13T01:30:52.385 [INFO] requestId:[                                    ] thread:[scheduling-1             ] c.s.t.service.PriceSimulatorService.generatePrice@55:
   Price event sent | symbol=BTC price=18637.5088 topic=prices 
2026-05-13T01:30:52.386 [INFO] requestId:[                                    ] thread:[scheduling-1             ] c.s.testHibernate.logging.LoggingAspect.logExecution@33:
   Exiting com.saber.testHibernate.service.PriceSimulatorService.generatePrice | executionTime=5 ms 
2026-05-13T01:31:52.378 [INFO] requestId:[                                    ] thread:[scheduling-1             ] c.s.testHibernate.logging.LoggingAspect.logExecution@28:
   Entering com.saber.testHibernate.service.PriceSimulatorService.generatePrice with args=[] 
2026-05-13T01:31:52.380 [INFO] requestId:[                                    ] thread:[scheduling-1             ] c.s.t.service.PriceSimulatorService.generatePrice@55:
   Price event sent | symbol=ETH price=2466.4611 topic=prices 
2026-05-13T01:31:52.381 [INFO] requestId:[                                    ] thread:[scheduling-1             ] c.s.testHibernate.logging.LoggingAspect.logExecution@33:
   Exiting com.saber.testHibernate.service.PriceSimulatorService.generatePrice | executionTime=3 ms 
2026-05-13T01:32:52.373 [INFO] requestId:[                                    ] thread:[scheduling-1             ] c.s.testHibernate.logging.LoggingAspect.logExecution@28:
   Entering com.saber.testHibernate.service.PriceSimulatorService.generatePrice with args=[] 
2026-05-13T01:32:52.376 [INFO] requestId:[                                    ] thread:[scheduling-1             ] c.s.t.service.PriceSimulatorService.generatePrice@55:
   Price event sent | symbol=GOOG price=44.4562 topic=prices 
2026-05-13T01:32:52.376 [INFO] requestId:[                                    ] thread:[scheduling-1             ] c.s.testHibernate.logging.LoggingAspect.logExecution@33:
   Exiting com.saber.testHibernate.service.PriceSimulatorService.generatePrice | executionTime=3 ms 
2026-05-13T01:33:52.383 [INFO] requestId:[                                    ] thread:[scheduling-1             ] c.s.testHibernate.logging.LoggingAspect.logExecution@28:
   Entering com.saber.testHibernate.service.PriceSimulatorService.generatePrice with args=[] 
2026-05-13T01:33:52.385 [INFO] requestId:[                                    ] thread:[scheduling-1             ] c.s.t.service.PriceSimulatorService.generatePrice@55:
   Price event sent | symbol=BTC price=20484.2464 topic=prices 
2026-05-13T01:33:52.386 [INFO] requestId:[                                    ] thread:[scheduling-1             ] c.s.testHibernate.logging.LoggingAspect.logExecution@33:
   Exiting com.saber.testHibernate.service.PriceSimulatorService.generatePrice | executionTime=3 ms 
2026-05-13T01:34:52.382 [INFO] requestId:[                                    ] thread:[scheduling-1             ] c.s.testHibernate.logging.LoggingAspect.logExecution@28:
   Entering com.saber.testHibernate.service.PriceSimulatorService.generatePrice with args=[] 
2026-05-13T01:34:52.384 [INFO] requestId:[                                    ] thread:[scheduling-1             ] c.s.t.service.PriceSimulatorService.generatePrice@55:
   Price event sent | symbol=BTC price=20456.7399 topic=prices 
2026-05-13T01:34:52.386 [INFO] requestId:[                                    ] thread:[scheduling-1             ] c.s.testHibernate.logging.LoggingAspect.logExecution@33:
   Exiting com.saber.testHibernate.service.PriceSimulatorService.generatePrice | executionTime=4 ms 
2026-05-13T01:35:52.372 [INFO] requestId:[                                    ] thread:[scheduling-1             ] c.s.testHibernate.logging.LoggingAspect.logExecution@28:
   Entering com.saber.testHibernate.service.PriceSimulatorService.generatePrice with args=[] 
2026-05-13T01:35:52.374 [INFO] requestId:[                                    ] thread:[scheduling-1             ] c.s.t.service.PriceSimulatorService.generatePrice@55:
   Price event sent | symbol=ETH price=2505.4720 topic=prices 
2026-05-13T01:35:52.374 [INFO] requestId:[                                    ] thread:[scheduling-1             ] c.s.testHibernate.logging.LoggingAspect.logExecution@33:
   Exiting com.saber.testHibernate.service.PriceSimulatorService.generatePrice | executionTime=2 ms 
2026-05-13T01:36:52.374 [INFO] requestId:[                                    ] thread:[scheduling-1             ] c.s.testHibernate.logging.LoggingAspect.logExecution@28:
   Entering com.saber.testHibernate.service.PriceSimulatorService.generatePrice with args=[] 
2026-05-13T01:36:52.376 [INFO] requestId:[                                    ] thread:[scheduling-1             ] c.s.t.service.PriceSimulatorService.generatePrice@55:
   Price event sent | symbol=BTC price=21893.6836 topic=prices 
2026-05-13T01:36:52.377 [INFO] requestId:[                                    ] thread:[scheduling-1             ] c.s.testHibernate.logging.LoggingAspect.logExecution@33:
   Exiting com.saber.testHibernate.service.PriceSimulatorService.generatePrice | executionTime=3 ms 
2026-05-13T01:37:52.382 [INFO] requestId:[                                    ] thread:[scheduling-1             ] c.s.testHibernate.logging.LoggingAspect.logExecution@28:
   Entering com.saber.testHibernate.service.PriceSimulatorService.generatePrice with args=[] 
2026-05-13T01:37:52.383 [INFO] requestId:[                                    ] thread:[scheduling-1             ] c.s.t.service.PriceSimulatorService.generatePrice@55:
   Price event sent | symbol=GOOG price=44.3657 topic=prices 
2026-05-13T01:37:52.385 [INFO] requestId:[                                    ] thread:[scheduling-1             ] c.s.testHibernate.logging.LoggingAspect.logExecution@33:
   Exiting com.saber.testHibernate.service.PriceSimulatorService.generatePrice | executionTime=3 ms 
2026-05-13T01:38:52.386 [INFO] requestId:[                                    ] thread:[scheduling-1             ] c.s.testHibernate.logging.LoggingAspect.logExecution@28:
   Entering com.saber.testHibernate.service.PriceSimulatorService.generatePrice with args=[] 
2026-05-13T01:38:52.388 [INFO] requestId:[                                    ] thread:[scheduling-1             ] c.s.t.service.PriceSimulatorService.generatePrice@55:
   Price event sent | symbol=BTC price=19788.7444 topic=prices 
2026-05-13T01:38:52.390 [INFO] requestId:[                                    ] thread:[scheduling-1             ] c.s.testHibernate.logging.LoggingAspect.logExecution@33:
   Exiting com.saber.testHibernate.service.PriceSimulatorService.generatePrice | executionTime=4 ms 
2026-05-13T01:39:52.382 [INFO] requestId:[                                    ] thread:[scheduling-1             ] c.s.testHibernate.logging.LoggingAspect.logExecution@28:
   Entering com.saber.testHibernate.service.PriceSimulatorService.generatePrice with args=[] 
2026-05-13T01:39:52.384 [INFO] requestId:[                                    ] thread:[scheduling-1             ] c.s.t.service.PriceSimulatorService.generatePrice@55:
   Price event sent | symbol=GOOG price=47.2650 topic=prices 
2026-05-13T01:39:52.385 [INFO] requestId:[                                    ] thread:[scheduling-1             ] c.s.testHibernate.logging.LoggingAspect.logExecution@33:
   Exiting com.saber.testHibernate.service.PriceSimulatorService.generatePrice | executionTime=3 ms 
2026-05-13T01:40:52.385 [INFO] requestId:[                                    ] thread:[scheduling-1             ] c.s.testHibernate.logging.LoggingAspect.logExecution@28:
   Entering com.saber.testHibernate.service.PriceSimulatorService.generatePrice with args=[] 
2026-05-13T01:40:52.387 [INFO] requestId:[                                    ] thread:[scheduling-1             ] c.s.t.service.PriceSimulatorService.generatePrice@55:
   Price event sent | symbol=AAPL price=121.8055 topic=prices 
2026-05-13T01:40:52.388 [INFO] requestId:[                                    ] thread:[scheduling-1             ] c.s.testHibernate.logging.LoggingAspect.logExecution@33:
   Exiting com.saber.testHibernate.service.PriceSimulatorService.generatePrice | executionTime=3 ms 
2026-05-13T01:41:52.382 [INFO] requestId:[                                    ] thread:[scheduling-1             ] c.s.testHibernate.logging.LoggingAspect.logExecution@28:
   Entering com.saber.testHibernate.service.PriceSimulatorService.generatePrice with args=[] 
2026-05-13T01:41:52.384 [INFO] requestId:[                                    ] thread:[scheduling-1             ] c.s.t.service.PriceSimulatorService.generatePrice@55:
   Price event sent | symbol=AAPL price=112.4216 topic=prices 
2026-05-13T01:41:52.385 [INFO] requestId:[                                    ] thread:[scheduling-1             ] c.s.testHibernate.logging.LoggingAspect.logExecution@33:
   Exiting com.saber.testHibernate.service.PriceSimulatorService.generatePrice | executionTime=3 ms 
2026-05-13T01:42:52.376 [INFO] requestId:[                                    ] thread:[scheduling-1             ] c.s.testHibernate.logging.LoggingAspect.logExecution@28:
   Entering com.saber.testHibernate.service.PriceSimulatorService.generatePrice with args=[] 
2026-05-13T01:42:52.378 [INFO] requestId:[                                    ] thread:[scheduling-1             ] c.s.t.service.PriceSimulatorService.generatePrice@55:
   Price event sent | symbol=BTC price=20417.7278 topic=prices 
2026-05-13T01:42:52.379 [INFO] requestId:[                                    ] thread:[scheduling-1             ] c.s.testHibernate.logging.LoggingAspect.logExecution@33:
   Exiting com.saber.testHibernate.service.PriceSimulatorService.generatePrice | executionTime=3 ms 
2026-05-13T01:43:52.389 [INFO] requestId:[                                    ] thread:[scheduling-1             ] c.s.testHibernate.logging.LoggingAspect.logExecution@28:
   Entering com.saber.testHibernate.service.PriceSimulatorService.generatePrice with args=[] 
2026-05-13T01:43:52.391 [INFO] requestId:[                                    ] thread:[scheduling-1             ] c.s.t.service.PriceSimulatorService.generatePrice@55:
   Price event sent | symbol=AAPL price=112.4725 topic=prices 
2026-05-13T01:43:52.391 [INFO] requestId:[                                    ] thread:[scheduling-1             ] c.s.testHibernate.logging.LoggingAspect.logExecution@33:
   Exiting com.saber.testHibernate.service.PriceSimulatorService.generatePrice | executionTime=2 ms 
2026-05-13T01:44:52.379 [INFO] requestId:[                                    ] thread:[scheduling-1             ] c.s.testHibernate.logging.LoggingAspect.logExecution@28:
   Entering com.saber.testHibernate.service.PriceSimulatorService.generatePrice with args=[] 
2026-05-13T01:44:52.381 [INFO] requestId:[                                    ] thread:[scheduling-1             ] c.s.t.service.PriceSimulatorService.generatePrice@55:
   Price event sent | symbol=ETH price=2464.8312 topic=prices 
2026-05-13T01:44:52.382 [INFO] requestId:[                                    ] thread:[scheduling-1             ] c.s.testHibernate.logging.LoggingAspect.logExecution@33:
   Exiting com.saber.testHibernate.service.PriceSimulatorService.generatePrice | executionTime=3 ms 
2026-05-13T01:45:52.389 [INFO] requestId:[                                    ] thread:[scheduling-1             ] c.s.testHibernate.logging.LoggingAspect.logExecution@28:
   Entering com.saber.testHibernate.service.PriceSimulatorService.generatePrice with args=[] 
2026-05-13T01:45:52.390 [INFO] requestId:[                                    ] thread:[scheduling-1             ] c.s.t.service.PriceSimulatorService.generatePrice@55:
   Price event sent | symbol=BTC price=20012.8668 topic=prices 
2026-05-13T01:45:52.391 [INFO] requestId:[                                    ] thread:[scheduling-1             ] c.s.testHibernate.logging.LoggingAspect.logExecution@33:
   Exiting com.saber.testHibernate.service.PriceSimulatorService.generatePrice | executionTime=2 ms 
2026-05-13T01:46:52.392 [INFO] requestId:[                                    ] thread:[scheduling-1             ] c.s.testHibernate.logging.LoggingAspect.logExecution@28:
   Entering com.saber.testHibernate.service.PriceSimulatorService.generatePrice with args=[] 
2026-05-13T01:46:52.394 [INFO] requestId:[                                    ] thread:[scheduling-1             ] c.s.t.service.PriceSimulatorService.generatePrice@55:
   Price event sent | symbol=GOOG price=43.7942 topic=prices 
2026-05-13T01:46:52.394 [INFO] requestId:[                                    ] thread:[scheduling-1             ] c.s.testHibernate.logging.LoggingAspect.logExecution@33:
   Exiting com.saber.testHibernate.service.PriceSimulatorService.generatePrice | executionTime=2 ms 
2026-05-13T01:47:52.382 [INFO] requestId:[                                    ] thread:[scheduling-1             ] c.s.testHibernate.logging.LoggingAspect.logExecution@28:
   Entering com.saber.testHibernate.service.PriceSimulatorService.generatePrice with args=[] 
2026-05-13T01:47:52.385 [INFO] requestId:[                                    ] thread:[scheduling-1             ] c.s.t.service.PriceSimulatorService.generatePrice@55:
   Price event sent | symbol=BTC price=20127.1447 topic=prices 
2026-05-13T01:47:52.385 [INFO] requestId:[                                    ] thread:[scheduling-1             ] c.s.testHibernate.logging.LoggingAspect.logExecution@33:
   Exiting com.saber.testHibernate.service.PriceSimulatorService.generatePrice | executionTime=3 ms 
2026-05-13T01:48:52.392 [INFO] requestId:[                                    ] thread:[scheduling-1             ] c.s.testHibernate.logging.LoggingAspect.logExecution@28:
   Entering com.saber.testHibernate.service.PriceSimulatorService.generatePrice with args=[] 
2026-05-13T01:48:52.394 [INFO] requestId:[                                    ] thread:[scheduling-1             ] c.s.t.service.PriceSimulatorService.generatePrice@55:
   Price event sent | symbol=AAPL price=113.1076 topic=prices 
2026-05-13T01:48:52.395 [INFO] requestId:[                                    ] thread:[scheduling-1             ] c.s.testHibernate.logging.LoggingAspect.logExecution@33:
   Exiting com.saber.testHibernate.service.PriceSimulatorService.generatePrice | executionTime=3 ms 
2026-05-13T01:49:52.392 [INFO] requestId:[                                    ] thread:[scheduling-1             ] c.s.testHibernate.logging.LoggingAspect.logExecution@28:
   Entering com.saber.testHibernate.service.PriceSimulatorService.generatePrice with args=[] 
2026-05-13T01:49:52.396 [INFO] requestId:[                                    ] thread:[scheduling-1             ] c.s.t.service.PriceSimulatorService.generatePrice@55:
   Price event sent | symbol=AAPL price=122.6374 topic=prices 
2026-05-13T01:49:52.398 [INFO] requestId:[                                    ] thread:[scheduling-1             ] c.s.testHibernate.logging.LoggingAspect.logExecution@33:
   Exiting com.saber.testHibernate.service.PriceSimulatorService.generatePrice | executionTime=6 ms 
2026-05-13T01:50:52.391 [INFO] requestId:[                                    ] thread:[scheduling-1             ] c.s.testHibernate.logging.LoggingAspect.logExecution@28:
   Entering com.saber.testHibernate.service.PriceSimulatorService.generatePrice with args=[] 
2026-05-13T01:50:52.393 [INFO] requestId:[                                    ] thread:[scheduling-1             ] c.s.t.service.PriceSimulatorService.generatePrice@55:
   Price event sent | symbol=AAPL price=128.2392 topic=prices 
2026-05-13T01:50:52.394 [INFO] requestId:[                                    ] thread:[scheduling-1             ] c.s.testHibernate.logging.LoggingAspect.logExecution@33:
   Exiting com.saber.testHibernate.service.PriceSimulatorService.generatePrice | executionTime=3 ms 
2026-05-13T01:51:52.384 [INFO] requestId:[                                    ] thread:[scheduling-1             ] c.s.testHibernate.logging.LoggingAspect.logExecution@28:
   Entering com.saber.testHibernate.service.PriceSimulatorService.generatePrice with args=[] 
2026-05-13T01:51:52.385 [INFO] requestId:[                                    ] thread:[scheduling-1             ] c.s.t.service.PriceSimulatorService.generatePrice@55:
   Price event sent | symbol=AAPL price=130.5389 topic=prices 
2026-05-13T01:51:52.386 [INFO] requestId:[                                    ] thread:[scheduling-1             ] c.s.testHibernate.logging.LoggingAspect.logExecution@33:
   Exiting com.saber.testHibernate.service.PriceSimulatorService.generatePrice | executionTime=2 ms 
2026-05-13T01:52:52.379 [INFO] requestId:[                                    ] thread:[scheduling-1             ] c.s.testHibernate.logging.LoggingAspect.logExecution@28:
   Entering com.saber.testHibernate.service.PriceSimulatorService.generatePrice with args=[] 
2026-05-13T01:52:52.382 [INFO] requestId:[                                    ] thread:[scheduling-1             ] c.s.t.service.PriceSimulatorService.generatePrice@55:
   Price event sent | symbol=AAPL price=131.4835 topic=prices 
2026-05-13T01:52:52.382 [INFO] requestId:[                                    ] thread:[scheduling-1             ] c.s.testHibernate.logging.LoggingAspect.logExecution@33:
   Exiting com.saber.testHibernate.service.PriceSimulatorService.generatePrice | executionTime=3 ms 
2026-05-13T01:53:52.385 [INFO] requestId:[                                    ] thread:[scheduling-1             ] c.s.testHibernate.logging.LoggingAspect.logExecution@28:
   Entering com.saber.testHibernate.service.PriceSimulatorService.generatePrice with args=[] 
2026-05-13T01:53:52.388 [INFO] requestId:[                                    ] thread:[scheduling-1             ] c.s.t.service.PriceSimulatorService.generatePrice@55:
   Price event sent | symbol=GOOG price=40.0540 topic=prices 
2026-05-13T01:53:52.388 [INFO] requestId:[                                    ] thread:[scheduling-1             ] c.s.testHibernate.logging.LoggingAspect.logExecution@33:
   Exiting com.saber.testHibernate.service.PriceSimulatorService.generatePrice | executionTime=3 ms 
2026-05-13T01:54:52.389 [INFO] requestId:[                                    ] thread:[scheduling-1             ] c.s.testHibernate.logging.LoggingAspect.logExecution@28:
   Entering com.saber.testHibernate.service.PriceSimulatorService.generatePrice with args=[] 
2026-05-13T01:54:52.391 [INFO] requestId:[                                    ] thread:[scheduling-1             ] c.s.t.service.PriceSimulatorService.generatePrice@55:
   Price event sent | symbol=BTC price=19290.0982 topic=prices 
2026-05-13T01:54:52.392 [INFO] requestId:[                                    ] thread:[scheduling-1             ] c.s.testHibernate.logging.LoggingAspect.logExecution@33:
   Exiting com.saber.testHibernate.service.PriceSimulatorService.generatePrice | executionTime=3 ms 
2026-05-13T01:55:52.385 [INFO] requestId:[                                    ] thread:[scheduling-1             ] c.s.testHibernate.logging.LoggingAspect.logExecution@28:
   Entering com.saber.testHibernate.service.PriceSimulatorService.generatePrice with args=[] 
2026-05-13T01:55:52.387 [INFO] requestId:[                                    ] thread:[scheduling-1             ] c.s.t.service.PriceSimulatorService.generatePrice@55:
   Price event sent | symbol=BTC price=17363.9295 topic=prices 
2026-05-13T01:55:52.389 [INFO] requestId:[                                    ] thread:[scheduling-1             ] c.s.testHibernate.logging.LoggingAspect.logExecution@33:
   Exiting com.saber.testHibernate.service.PriceSimulatorService.generatePrice | executionTime=4 ms 
2026-05-13T01:56:52.394 [INFO] requestId:[                                    ] thread:[scheduling-1             ] c.s.testHibernate.logging.LoggingAspect.logExecution@28:
   Entering com.saber.testHibernate.service.PriceSimulatorService.generatePrice with args=[] 
2026-05-13T01:56:52.396 [INFO] requestId:[                                    ] thread:[scheduling-1             ] c.s.t.service.PriceSimulatorService.generatePrice@55:
   Price event sent | symbol=AAPL price=132.6552 topic=prices 
2026-05-13T01:56:52.398 [INFO] requestId:[                                    ] thread:[scheduling-1             ] c.s.testHibernate.logging.LoggingAspect.logExecution@33:
   Exiting com.saber.testHibernate.service.PriceSimulatorService.generatePrice | executionTime=4 ms 
2026-05-13T01:57:52.384 [INFO] requestId:[                                    ] thread:[scheduling-1             ] c.s.testHibernate.logging.LoggingAspect.logExecution@28:
   Entering com.saber.testHibernate.service.PriceSimulatorService.generatePrice with args=[] 
2026-05-13T01:57:52.386 [INFO] requestId:[                                    ] thread:[scheduling-1             ] c.s.t.service.PriceSimulatorService.generatePrice@55:
   Price event sent | symbol=ETH price=2391.4876 topic=prices 
2026-05-13T01:57:52.387 [INFO] requestId:[                                    ] thread:[scheduling-1             ] c.s.testHibernate.logging.LoggingAspect.logExecution@33:
   Exiting com.saber.testHibernate.service.PriceSimulatorService.generatePrice | executionTime=3 ms 
2026-05-13T01:58:52.388 [INFO] requestId:[                                    ] thread:[scheduling-1             ] c.s.testHibernate.logging.LoggingAspect.logExecution@28:
   Entering com.saber.testHibernate.service.PriceSimulatorService.generatePrice with args=[] 
2026-05-13T01:58:52.390 [INFO] requestId:[                                    ] thread:[scheduling-1             ] c.s.t.service.PriceSimulatorService.generatePrice@55:
   Price event sent | symbol=GOOG price=38.1141 topic=prices 
2026-05-13T01:58:52.390 [INFO] requestId:[                                    ] thread:[scheduling-1             ] c.s.testHibernate.logging.LoggingAspect.logExecution@33:
   Exiting com.saber.testHibernate.service.PriceSimulatorService.generatePrice | executionTime=2 ms 
2026-05-13T01:59:52.385 [INFO] requestId:[                                    ] thread:[scheduling-1             ] c.s.testHibernate.logging.LoggingAspect.logExecution@28:
   Entering com.saber.testHibernate.service.PriceSimulatorService.generatePrice with args=[] 
2026-05-13T01:59:52.387 [INFO] requestId:[                                    ] thread:[scheduling-1             ] c.s.t.service.PriceSimulatorService.generatePrice@55:
   Price event sent | symbol=ETH price=2263.3195 topic=prices 
2026-05-13T01:59:52.388 [INFO] requestId:[                                    ] thread:[scheduling-1             ] c.s.testHibernate.logging.LoggingAspect.logExecution@33:
   Exiting com.saber.testHibernate.service.PriceSimulatorService.generatePrice | executionTime=3 ms 
2026-05-13T02:00:52.391 [INFO] requestId:[                                    ] thread:[scheduling-1             ] c.s.testHibernate.logging.LoggingAspect.logExecution@28:
   Entering com.saber.testHibernate.service.PriceSimulatorService.generatePrice with args=[] 
2026-05-13T02:00:52.393 [INFO] requestId:[                                    ] thread:[scheduling-1             ] c.s.t.service.PriceSimulatorService.generatePrice@55:
   Price event sent | symbol=GOOG price=36.9784 topic=prices 
2026-05-13T02:00:52.394 [INFO] requestId:[                                    ] thread:[scheduling-1             ] c.s.testHibernate.logging.LoggingAspect.logExecution@33:
   Exiting com.saber.testHibernate.service.PriceSimulatorService.generatePrice | executionTime=3 ms 
2026-05-13T02:01:52.395 [INFO] requestId:[                                    ] thread:[scheduling-1             ] c.s.testHibernate.logging.LoggingAspect.logExecution@28:
   Entering com.saber.testHibernate.service.PriceSimulatorService.generatePrice with args=[] 
2026-05-13T02:01:52.398 [INFO] requestId:[                                    ] thread:[scheduling-1             ] c.s.t.service.PriceSimulatorService.generatePrice@55:
   Price event sent | symbol=ETH price=2300.3586 topic=prices 
2026-05-13T02:01:52.398 [INFO] requestId:[                                    ] thread:[scheduling-1             ] c.s.testHibernate.logging.LoggingAspect.logExecution@33:
   Exiting com.saber.testHibernate.service.PriceSimulatorService.generatePrice | executionTime=3 ms 
2026-05-13T02:02:52.384 [INFO] requestId:[                                    ] thread:[scheduling-1             ] c.s.testHibernate.logging.LoggingAspect.logExecution@28:
   Entering com.saber.testHibernate.service.PriceSimulatorService.generatePrice with args=[] 
2026-05-13T02:02:52.386 [INFO] requestId:[                                    ] thread:[scheduling-1             ] c.s.t.service.PriceSimulatorService.generatePrice@55:
   Price event sent | symbol=GOOG price=37.8909 topic=prices 
2026-05-13T02:02:52.387 [INFO] requestId:[                                    ] thread:[scheduling-1             ] c.s.testHibernate.logging.LoggingAspect.logExecution@33:
   Exiting com.saber.testHibernate.service.PriceSimulatorService.generatePrice | executionTime=3 ms 
2026-05-13T02:03:52.390 [INFO] requestId:[                                    ] thread:[scheduling-1             ] c.s.testHibernate.logging.LoggingAspect.logExecution@28:
   Entering com.saber.testHibernate.service.PriceSimulatorService.generatePrice with args=[] 
2026-05-13T02:03:52.391 [INFO] requestId:[                                    ] thread:[scheduling-1             ] c.s.t.service.PriceSimulatorService.generatePrice@55:
   Price event sent | symbol=AAPL price=140.2799 topic=prices 
2026-05-13T02:03:52.392 [INFO] requestId:[                                    ] thread:[scheduling-1             ] c.s.testHibernate.logging.LoggingAspect.logExecution@33:
   Exiting com.saber.testHibernate.service.PriceSimulatorService.generatePrice | executionTime=2 ms 
2026-05-13T02:04:52.384 [INFO] requestId:[                                    ] thread:[scheduling-1             ] c.s.testHibernate.logging.LoggingAspect.logExecution@28:
   Entering com.saber.testHibernate.service.PriceSimulatorService.generatePrice with args=[] 
2026-05-13T02:04:52.386 [INFO] requestId:[                                    ] thread:[scheduling-1             ] c.s.t.service.PriceSimulatorService.generatePrice@55:
   Price event sent | symbol=ETH price=2349.9232 topic=prices 
2026-05-13T02:04:52.387 [INFO] requestId:[                                    ] thread:[scheduling-1             ] c.s.testHibernate.logging.LoggingAspect.logExecution@33:
   Exiting com.saber.testHibernate.service.PriceSimulatorService.generatePrice | executionTime=3 ms 
2026-05-13T02:05:52.388 [INFO] requestId:[                                    ] thread:[scheduling-1             ] c.s.testHibernate.logging.LoggingAspect.logExecution@28:
   Entering com.saber.testHibernate.service.PriceSimulatorService.generatePrice with args=[] 
2026-05-13T02:05:52.390 [INFO] requestId:[                                    ] thread:[scheduling-1             ] c.s.t.service.PriceSimulatorService.generatePrice@55:
   Price event sent | symbol=BTC price=17647.4719 topic=prices 
2026-05-13T02:05:52.392 [INFO] requestId:[                                    ] thread:[scheduling-1             ] c.s.testHibernate.logging.LoggingAspect.logExecution@33:
   Exiting com.saber.testHibernate.service.PriceSimulatorService.generatePrice | executionTime=4 ms 
2026-05-13T02:06:52.398 [INFO] requestId:[                                    ] thread:[scheduling-1             ] c.s.testHibernate.logging.LoggingAspect.logExecution@28:
   Entering com.saber.testHibernate.service.PriceSimulatorService.generatePrice with args=[] 
2026-05-13T02:06:52.399 [INFO] requestId:[                                    ] thread:[scheduling-1             ] c.s.t.service.PriceSimulatorService.generatePrice@55:
   Price event sent | symbol=AAPL price=137.7469 topic=prices 
2026-05-13T02:06:52.400 [INFO] requestId:[                                    ] thread:[scheduling-1             ] c.s.testHibernate.logging.LoggingAspect.logExecution@33:
   Exiting com.saber.testHibernate.service.PriceSimulatorService.generatePrice | executionTime=2 ms 
2026-05-13T02:07:52.400 [INFO] requestId:[                                    ] thread:[scheduling-1             ] c.s.testHibernate.logging.LoggingAspect.logExecution@28:
   Entering com.saber.testHibernate.service.PriceSimulatorService.generatePrice with args=[] 
2026-05-13T02:07:52.402 [INFO] requestId:[                                    ] thread:[scheduling-1             ] c.s.t.service.PriceSimulatorService.generatePrice@55:
   Price event sent | symbol=BTC price=17771.3509 topic=prices 
2026-05-13T02:07:52.402 [INFO] requestId:[                                    ] thread:[scheduling-1             ] c.s.testHibernate.logging.LoggingAspect.logExecution@33:
   Exiting com.saber.testHibernate.service.PriceSimulatorService.generatePrice | executionTime=2 ms 
2026-05-13T02:08:52.396 [INFO] requestId:[                                    ] thread:[scheduling-1             ] c.s.testHibernate.logging.LoggingAspect.logExecution@28:
   Entering com.saber.testHibernate.service.PriceSimulatorService.generatePrice with args=[] 
2026-05-13T02:08:52.398 [INFO] requestId:[                                    ] thread:[scheduling-1             ] c.s.t.service.PriceSimulatorService.generatePrice@55:
   Price event sent | symbol=AAPL price=124.7642 topic=prices 
2026-05-13T02:08:52.398 [INFO] requestId:[                                    ] thread:[scheduling-1             ] c.s.testHibernate.logging.LoggingAspect.logExecution@33:
   Exiting com.saber.testHibernate.service.PriceSimulatorService.generatePrice | executionTime=2 ms 
2026-05-13T02:09:52.401 [INFO] requestId:[                                    ] thread:[scheduling-1             ] c.s.testHibernate.logging.LoggingAspect.logExecution@28:
   Entering com.saber.testHibernate.service.PriceSimulatorService.generatePrice with args=[] 
2026-05-13T02:09:52.402 [INFO] requestId:[                                    ] thread:[scheduling-1             ] c.s.t.service.PriceSimulatorService.generatePrice@55:
   Price event sent | symbol=BTC price=18895.6576 topic=prices 
2026-05-13T02:09:52.403 [INFO] requestId:[                                    ] thread:[scheduling-1             ] c.s.testHibernate.logging.LoggingAspect.logExecution@33:
   Exiting com.saber.testHibernate.service.PriceSimulatorService.generatePrice | executionTime=2 ms 
2026-05-13T02:10:52.389 [INFO] requestId:[                                    ] thread:[scheduling-1             ] c.s.testHibernate.logging.LoggingAspect.logExecution@28:
   Entering com.saber.testHibernate.service.PriceSimulatorService.generatePrice with args=[] 
2026-05-13T02:10:52.391 [INFO] requestId:[                                    ] thread:[scheduling-1             ] c.s.t.service.PriceSimulatorService.generatePrice@55:
   Price event sent | symbol=AAPL price=119.9311 topic=prices 
2026-05-13T02:10:52.391 [INFO] requestId:[                                    ] thread:[scheduling-1             ] c.s.testHibernate.logging.LoggingAspect.logExecution@33:
   Exiting com.saber.testHibernate.service.PriceSimulatorService.generatePrice | executionTime=2 ms 
2026-05-13T02:11:52.391 [INFO] requestId:[                                    ] thread:[scheduling-1             ] c.s.testHibernate.logging.LoggingAspect.logExecution@28:
   Entering com.saber.testHibernate.service.PriceSimulatorService.generatePrice with args=[] 
2026-05-13T02:11:52.393 [INFO] requestId:[                                    ] thread:[scheduling-1             ] c.s.t.service.PriceSimulatorService.generatePrice@55:
   Price event sent | symbol=GOOG price=39.5570 topic=prices 
2026-05-13T02:11:52.393 [INFO] requestId:[                                    ] thread:[scheduling-1             ] c.s.testHibernate.logging.LoggingAspect.logExecution@33:
   Exiting com.saber.testHibernate.service.PriceSimulatorService.generatePrice | executionTime=2 ms 
2026-05-13T02:12:52.390 [INFO] requestId:[                                    ] thread:[scheduling-1             ] c.s.testHibernate.logging.LoggingAspect.logExecution@28:
   Entering com.saber.testHibernate.service.PriceSimulatorService.generatePrice with args=[] 
2026-05-13T02:12:52.392 [INFO] requestId:[                                    ] thread:[scheduling-1             ] c.s.t.service.PriceSimulatorService.generatePrice@55:
   Price event sent | symbol=AAPL price=124.2080 topic=prices 
2026-05-13T02:12:52.393 [INFO] requestId:[                                    ] thread:[scheduling-1             ] c.s.testHibernate.logging.LoggingAspect.logExecution@33:
   Exiting com.saber.testHibernate.service.PriceSimulatorService.generatePrice | executionTime=3 ms 
2026-05-13T02:13:52.398 [INFO] requestId:[                                    ] thread:[scheduling-1             ] c.s.testHibernate.logging.LoggingAspect.logExecution@28:
   Entering com.saber.testHibernate.service.PriceSimulatorService.generatePrice with args=[] 
2026-05-13T02:13:52.400 [INFO] requestId:[                                    ] thread:[scheduling-1             ] c.s.t.service.PriceSimulatorService.generatePrice@55:
   Price event sent | symbol=BTC price=20664.3707 topic=prices 
2026-05-13T02:13:52.402 [INFO] requestId:[                                    ] thread:[scheduling-1             ] c.s.testHibernate.logging.LoggingAspect.logExecution@33:
   Exiting com.saber.testHibernate.service.PriceSimulatorService.generatePrice | executionTime=4 ms 
2026-05-13T02:14:52.403 [INFO] requestId:[                                    ] thread:[scheduling-1             ] c.s.testHibernate.logging.LoggingAspect.logExecution@28:
   Entering com.saber.testHibernate.service.PriceSimulatorService.generatePrice with args=[] 
2026-05-13T02:14:52.405 [INFO] requestId:[                                    ] thread:[scheduling-1             ] c.s.t.service.PriceSimulatorService.generatePrice@55:
   Price event sent | symbol=AAPL price=128.2314 topic=prices 
2026-05-13T02:14:52.405 [INFO] requestId:[                                    ] thread:[scheduling-1             ] c.s.testHibernate.logging.LoggingAspect.logExecution@33:
   Exiting com.saber.testHibernate.service.PriceSimulatorService.generatePrice | executionTime=2 ms 
2026-05-13T02:15:52.397 [INFO] requestId:[                                    ] thread:[scheduling-1             ] c.s.testHibernate.logging.LoggingAspect.logExecution@28:
   Entering com.saber.testHibernate.service.PriceSimulatorService.generatePrice with args=[] 
2026-05-13T02:15:52.400 [INFO] requestId:[                                    ] thread:[scheduling-1             ] c.s.t.service.PriceSimulatorService.generatePrice@55:
   Price event sent | symbol=ETH price=2432.0173 topic=prices 
2026-05-13T02:15:52.400 [INFO] requestId:[                                    ] thread:[scheduling-1             ] c.s.testHibernate.logging.LoggingAspect.logExecution@33:
   Exiting com.saber.testHibernate.service.PriceSimulatorService.generatePrice | executionTime=3 ms 
2026-05-13T02:16:52.401 [INFO] requestId:[                                    ] thread:[scheduling-1             ] c.s.testHibernate.logging.LoggingAspect.logExecution@28:
   Entering com.saber.testHibernate.service.PriceSimulatorService.generatePrice with args=[] 
2026-05-13T02:16:52.403 [INFO] requestId:[                                    ] thread:[scheduling-1             ] c.s.t.service.PriceSimulatorService.generatePrice@55:
   Price event sent | symbol=AAPL price=128.5865 topic=prices 
2026-05-13T02:16:52.404 [INFO] requestId:[                                    ] thread:[scheduling-1             ] c.s.testHibernate.logging.LoggingAspect.logExecution@33:
   Exiting com.saber.testHibernate.service.PriceSimulatorService.generatePrice | executionTime=3 ms 
2026-05-13T02:17:52.391 [INFO] requestId:[                                    ] thread:[scheduling-1             ] c.s.testHibernate.logging.LoggingAspect.logExecution@28:
   Entering com.saber.testHibernate.service.PriceSimulatorService.generatePrice with args=[] 
2026-05-13T02:17:52.393 [INFO] requestId:[                                    ] thread:[scheduling-1             ] c.s.t.service.PriceSimulatorService.generatePrice@55:
   Price event sent | symbol=AAPL price=126.7136 topic=prices 
2026-05-13T02:17:52.393 [INFO] requestId:[                                    ] thread:[scheduling-1             ] c.s.testHibernate.logging.LoggingAspect.logExecution@33:
   Exiting com.saber.testHibernate.service.PriceSimulatorService.generatePrice | executionTime=2 ms 
2026-05-13T02:18:52.398 [INFO] requestId:[                                    ] thread:[scheduling-1             ] c.s.testHibernate.logging.LoggingAspect.logExecution@28:
   Entering com.saber.testHibernate.service.PriceSimulatorService.generatePrice with args=[] 
2026-05-13T02:18:52.400 [INFO] requestId:[                                    ] thread:[scheduling-1             ] c.s.t.service.PriceSimulatorService.generatePrice@55:
   Price event sent | symbol=GOOG price=39.8011 topic=prices 
2026-05-13T02:18:52.400 [INFO] requestId:[                                    ] thread:[scheduling-1             ] c.s.testHibernate.logging.LoggingAspect.logExecution@33:
   Exiting com.saber.testHibernate.service.PriceSimulatorService.generatePrice | executionTime=2 ms 
2026-05-13T02:19:52.392 [INFO] requestId:[                                    ] thread:[scheduling-1             ] c.s.testHibernate.logging.LoggingAspect.logExecution@28:
   Entering com.saber.testHibernate.service.PriceSimulatorService.generatePrice with args=[] 
2026-05-13T02:19:52.394 [INFO] requestId:[                                    ] thread:[scheduling-1             ] c.s.t.service.PriceSimulatorService.generatePrice@55:
   Price event sent | symbol=AAPL price=116.8919 topic=prices 
2026-05-13T02:19:52.395 [INFO] requestId:[                                    ] thread:[scheduling-1             ] c.s.testHibernate.logging.LoggingAspect.logExecution@33:
   Exiting com.saber.testHibernate.service.PriceSimulatorService.generatePrice | executionTime=3 ms 
2026-05-13T02:20:52.396 [INFO] requestId:[                                    ] thread:[scheduling-1             ] c.s.testHibernate.logging.LoggingAspect.logExecution@28:
   Entering com.saber.testHibernate.service.PriceSimulatorService.generatePrice with args=[] 
2026-05-13T02:20:52.398 [INFO] requestId:[                                    ] thread:[scheduling-1             ] c.s.t.service.PriceSimulatorService.generatePrice@55:
   Price event sent | symbol=BTC price=21656.7032 topic=prices 
2026-05-13T02:20:52.399 [INFO] requestId:[                                    ] thread:[scheduling-1             ] c.s.testHibernate.logging.LoggingAspect.logExecution@33:
   Exiting com.saber.testHibernate.service.PriceSimulatorService.generatePrice | executionTime=3 ms 
2026-05-13T02:21:52.405 [INFO] requestId:[                                    ] thread:[scheduling-1             ] c.s.testHibernate.logging.LoggingAspect.logExecution@28:
   Entering com.saber.testHibernate.service.PriceSimulatorService.generatePrice with args=[] 
2026-05-13T02:21:52.407 [INFO] requestId:[                                    ] thread:[scheduling-1             ] c.s.t.service.PriceSimulatorService.generatePrice@55:
   Price event sent | symbol=BTC price=22538.0688 topic=prices 
2026-05-13T02:21:52.407 [INFO] requestId:[                                    ] thread:[scheduling-1             ] c.s.testHibernate.logging.LoggingAspect.logExecution@33:
   Exiting com.saber.testHibernate.service.PriceSimulatorService.generatePrice | executionTime=2 ms 
2026-05-13T02:22:52.397 [INFO] requestId:[                                    ] thread:[scheduling-1             ] c.s.testHibernate.logging.LoggingAspect.logExecution@28:
   Entering com.saber.testHibernate.service.PriceSimulatorService.generatePrice with args=[] 
2026-05-13T02:22:52.401 [INFO] requestId:[                                    ] thread:[scheduling-1             ] c.s.t.service.PriceSimulatorService.generatePrice@55:
   Price event sent | symbol=GOOG price=37.5544 topic=prices 
2026-05-13T02:22:52.401 [INFO] requestId:[                                    ] thread:[scheduling-1             ] c.s.testHibernate.logging.LoggingAspect.logExecution@33:
   Exiting com.saber.testHibernate.service.PriceSimulatorService.generatePrice | executionTime=4 ms 
2026-05-13T02:23:52.406 [INFO] requestId:[                                    ] thread:[scheduling-1             ] c.s.testHibernate.logging.LoggingAspect.logExecution@28:
   Entering com.saber.testHibernate.service.PriceSimulatorService.generatePrice with args=[] 
2026-05-13T02:23:52.407 [INFO] requestId:[                                    ] thread:[scheduling-1             ] c.s.t.service.PriceSimulatorService.generatePrice@55:
   Price event sent | symbol=ETH price=2653.0084 topic=prices 
2026-05-13T02:23:52.408 [INFO] requestId:[                                    ] thread:[scheduling-1             ] c.s.testHibernate.logging.LoggingAspect.logExecution@33:
   Exiting com.saber.testHibernate.service.PriceSimulatorService.generatePrice | executionTime=2 ms 
2026-05-13T02:24:52.396 [INFO] requestId:[                                    ] thread:[scheduling-1             ] c.s.testHibernate.logging.LoggingAspect.logExecution@28:
   Entering com.saber.testHibernate.service.PriceSimulatorService.generatePrice with args=[] 
2026-05-13T02:24:52.400 [INFO] requestId:[                                    ] thread:[scheduling-1             ] c.s.t.service.PriceSimulatorService.generatePrice@55:
   Price event sent | symbol=GOOG price=37.4948 topic=prices 
2026-05-13T02:24:52.400 [INFO] requestId:[                                    ] thread:[scheduling-1             ] c.s.testHibernate.logging.LoggingAspect.logExecution@33:
   Exiting com.saber.testHibernate.service.PriceSimulatorService.generatePrice | executionTime=4 ms 
2026-05-13T02:25:52.395 [INFO] requestId:[                                    ] thread:[scheduling-1             ] c.s.testHibernate.logging.LoggingAspect.logExecution@28:
   Entering com.saber.testHibernate.service.PriceSimulatorService.generatePrice with args=[] 
2026-05-13T02:25:52.397 [INFO] requestId:[                                    ] thread:[scheduling-1             ] c.s.t.service.PriceSimulatorService.generatePrice@55:
   Price event sent | symbol=GOOG price=38.1975 topic=prices 
2026-05-13T02:25:52.398 [INFO] requestId:[                                    ] thread:[scheduling-1             ] c.s.testHibernate.logging.LoggingAspect.logExecution@33:
   Exiting com.saber.testHibernate.service.PriceSimulatorService.generatePrice | executionTime=3 ms 
2026-05-13T02:26:52.408 [INFO] requestId:[                                    ] thread:[scheduling-1             ] c.s.testHibernate.logging.LoggingAspect.logExecution@28:
   Entering com.saber.testHibernate.service.PriceSimulatorService.generatePrice with args=[] 
2026-05-13T02:26:52.410 [INFO] requestId:[                                    ] thread:[scheduling-1             ] c.s.t.service.PriceSimulatorService.generatePrice@55:
   Price event sent | symbol=BTC price=21759.7837 topic=prices 
2026-05-13T02:26:52.411 [INFO] requestId:[                                    ] thread:[scheduling-1             ] c.s.testHibernate.logging.LoggingAspect.logExecution@33:
   Exiting com.saber.testHibernate.service.PriceSimulatorService.generatePrice | executionTime=3 ms 
2026-05-13T02:27:52.396 [INFO] requestId:[                                    ] thread:[scheduling-1             ] c.s.testHibernate.logging.LoggingAspect.logExecution@28:
   Entering com.saber.testHibernate.service.PriceSimulatorService.generatePrice with args=[] 
2026-05-13T02:27:52.398 [INFO] requestId:[                                    ] thread:[scheduling-1             ] c.s.t.service.PriceSimulatorService.generatePrice@55:
   Price event sent | symbol=AAPL price=106.9601 topic=prices 
2026-05-13T02:27:52.399 [INFO] requestId:[                                    ] thread:[scheduling-1             ] c.s.testHibernate.logging.LoggingAspect.logExecution@33:
   Exiting com.saber.testHibernate.service.PriceSimulatorService.generatePrice | executionTime=3 ms 
2026-05-13T02:28:52.404 [INFO] requestId:[                                    ] thread:[scheduling-1             ] c.s.testHibernate.logging.LoggingAspect.logExecution@28:
   Entering com.saber.testHibernate.service.PriceSimulatorService.generatePrice with args=[] 
2026-05-13T02:28:52.406 [INFO] requestId:[                                    ] thread:[scheduling-1             ] c.s.t.service.PriceSimulatorService.generatePrice@55:
   Price event sent | symbol=BTC price=21378.7729 topic=prices 
2026-05-13T02:28:52.406 [INFO] requestId:[                                    ] thread:[scheduling-1             ] c.s.testHibernate.logging.LoggingAspect.logExecution@33:
   Exiting com.saber.testHibernate.service.PriceSimulatorService.generatePrice | executionTime=2 ms 
2026-05-13T02:29:52.404 [INFO] requestId:[                                    ] thread:[scheduling-1             ] c.s.testHibernate.logging.LoggingAspect.logExecution@28:
   Entering com.saber.testHibernate.service.PriceSimulatorService.generatePrice with args=[] 
2026-05-13T02:29:52.408 [INFO] requestId:[                                    ] thread:[scheduling-1             ] c.s.t.service.PriceSimulatorService.generatePrice@55:
   Price event sent | symbol=BTC price=22398.2304 topic=prices 
2026-05-13T02:29:52.408 [INFO] requestId:[                                    ] thread:[scheduling-1             ] c.s.testHibernate.logging.LoggingAspect.logExecution@33:
   Exiting com.saber.testHibernate.service.PriceSimulatorService.generatePrice | executionTime=4 ms 
2026-05-13T02:30:52.407 [INFO] requestId:[                                    ] thread:[scheduling-1             ] c.s.testHibernate.logging.LoggingAspect.logExecution@28:
   Entering com.saber.testHibernate.service.PriceSimulatorService.generatePrice with args=[] 
2026-05-13T02:30:52.409 [INFO] requestId:[                                    ] thread:[scheduling-1             ] c.s.t.service.PriceSimulatorService.generatePrice@55:
   Price event sent | symbol=BTC price=20826.5745 topic=prices 
2026-05-13T02:30:52.409 [INFO] requestId:[                                    ] thread:[scheduling-1             ] c.s.testHibernate.logging.LoggingAspect.logExecution@33:
   Exiting com.saber.testHibernate.service.PriceSimulatorService.generatePrice | executionTime=2 ms 
2026-05-13T02:31:52.404 [INFO] requestId:[                                    ] thread:[scheduling-1             ] c.s.testHibernate.logging.LoggingAspect.logExecution@28:
   Entering com.saber.testHibernate.service.PriceSimulatorService.generatePrice with args=[] 
2026-05-13T02:31:52.405 [INFO] requestId:[                                    ] thread:[scheduling-1             ] c.s.t.service.PriceSimulatorService.generatePrice@55:
   Price event sent | symbol=BTC price=20743.0280 topic=prices 
2026-05-13T02:31:52.406 [INFO] requestId:[                                    ] thread:[scheduling-1             ] c.s.testHibernate.logging.LoggingAspect.logExecution@33:
   Exiting com.saber.testHibernate.service.PriceSimulatorService.generatePrice | executionTime=2 ms 
2026-05-13T02:32:52.408 [INFO] requestId:[                                    ] thread:[scheduling-1             ] c.s.testHibernate.logging.LoggingAspect.logExecution@28:
   Entering com.saber.testHibernate.service.PriceSimulatorService.generatePrice with args=[] 
2026-05-13T02:32:52.410 [INFO] requestId:[                                    ] thread:[scheduling-1             ] c.s.t.service.PriceSimulatorService.generatePrice@55:
   Price event sent | symbol=AAPL price=112.4312 topic=prices 
2026-05-13T02:32:52.411 [INFO] requestId:[                                    ] thread:[scheduling-1             ] c.s.testHibernate.logging.LoggingAspect.logExecution@33:
   Exiting com.saber.testHibernate.service.PriceSimulatorService.generatePrice | executionTime=3 ms 
2026-05-13T02:33:52.404 [INFO] requestId:[                                    ] thread:[scheduling-1             ] c.s.testHibernate.logging.LoggingAspect.logExecution@28:
   Entering com.saber.testHibernate.service.PriceSimulatorService.generatePrice with args=[] 
2026-05-13T02:33:52.406 [INFO] requestId:[                                    ] thread:[scheduling-1             ] c.s.t.service.PriceSimulatorService.generatePrice@55:
   Price event sent | symbol=ETH price=2598.2001 topic=prices 
2026-05-13T02:33:52.407 [INFO] requestId:[                                    ] thread:[scheduling-1             ] c.s.testHibernate.logging.LoggingAspect.logExecution@33:
   Exiting com.saber.testHibernate.service.PriceSimulatorService.generatePrice | executionTime=3 ms 
2026-05-13T02:34:52.407 [INFO] requestId:[                                    ] thread:[scheduling-1             ] c.s.testHibernate.logging.LoggingAspect.logExecution@28:
   Entering com.saber.testHibernate.service.PriceSimulatorService.generatePrice with args=[] 
2026-05-13T02:34:52.410 [INFO] requestId:[                                    ] thread:[scheduling-1             ] c.s.t.service.PriceSimulatorService.generatePrice@55:
   Price event sent | symbol=GOOG price=40.3900 topic=prices 
2026-05-13T02:34:52.411 [INFO] requestId:[                                    ] thread:[scheduling-1             ] c.s.testHibernate.logging.LoggingAspect.logExecution@33:
   Exiting com.saber.testHibernate.service.PriceSimulatorService.generatePrice | executionTime=4 ms 
2026-05-13T02:35:52.405 [INFO] requestId:[                                    ] thread:[scheduling-1             ] c.s.testHibernate.logging.LoggingAspect.logExecution@28:
   Entering com.saber.testHibernate.service.PriceSimulatorService.generatePrice with args=[] 
2026-05-13T02:35:52.407 [INFO] requestId:[                                    ] thread:[scheduling-1             ] c.s.t.service.PriceSimulatorService.generatePrice@55:
   Price event sent | symbol=ETH price=2399.8085 topic=prices 
2026-05-13T02:35:52.407 [INFO] requestId:[                                    ] thread:[scheduling-1             ] c.s.testHibernate.logging.LoggingAspect.logExecution@33:
   Exiting com.saber.testHibernate.service.PriceSimulatorService.generatePrice | executionTime=2 ms 
2026-05-13T02:36:52.410 [INFO] requestId:[                                    ] thread:[scheduling-1             ] c.s.testHibernate.logging.LoggingAspect.logExecution@28:
   Entering com.saber.testHibernate.service.PriceSimulatorService.generatePrice with args=[] 
2026-05-13T02:36:52.413 [INFO] requestId:[                                    ] thread:[scheduling-1             ] c.s.t.service.PriceSimulatorService.generatePrice@55:
   Price event sent | symbol=ETH price=2321.4686 topic=prices 
2026-05-13T02:36:52.414 [INFO] requestId:[                                    ] thread:[scheduling-1             ] c.s.testHibernate.logging.LoggingAspect.logExecution@33:
   Exiting com.saber.testHibernate.service.PriceSimulatorService.generatePrice | executionTime=4 ms 
2026-05-13T02:37:52.399 [INFO] requestId:[                                    ] thread:[scheduling-1             ] c.s.testHibernate.logging.LoggingAspect.logExecution@28:
   Entering com.saber.testHibernate.service.PriceSimulatorService.generatePrice with args=[] 
2026-05-13T02:37:52.401 [INFO] requestId:[                                    ] thread:[scheduling-1             ] c.s.t.service.PriceSimulatorService.generatePrice@55:
   Price event sent | symbol=ETH price=2519.3555 topic=prices 
2026-05-13T02:37:52.401 [INFO] requestId:[                                    ] thread:[scheduling-1             ] c.s.testHibernate.logging.LoggingAspect.logExecution@33:
   Exiting com.saber.testHibernate.service.PriceSimulatorService.generatePrice | executionTime=2 ms 
2026-05-13T02:38:52.401 [INFO] requestId:[                                    ] thread:[scheduling-1             ] c.s.testHibernate.logging.LoggingAspect.logExecution@28:
   Entering com.saber.testHibernate.service.PriceSimulatorService.generatePrice with args=[] 
2026-05-13T02:38:52.404 [INFO] requestId:[                                    ] thread:[scheduling-1             ] c.s.t.service.PriceSimulatorService.generatePrice@55:
   Price event sent | symbol=AAPL price=113.5888 topic=prices 
2026-05-13T02:38:52.405 [INFO] requestId:[                                    ] thread:[scheduling-1             ] c.s.testHibernate.logging.LoggingAspect.logExecution@33:
   Exiting com.saber.testHibernate.service.PriceSimulatorService.generatePrice | executionTime=4 ms 
2026-05-13T02:39:52.404 [INFO] requestId:[                                    ] thread:[scheduling-1             ] c.s.testHibernate.logging.LoggingAspect.logExecution@28:
   Entering com.saber.testHibernate.service.PriceSimulatorService.generatePrice with args=[] 
2026-05-13T02:39:52.406 [INFO] requestId:[                                    ] thread:[scheduling-1             ] c.s.t.service.PriceSimulatorService.generatePrice@55:
   Price event sent | symbol=GOOG price=39.4041 topic=prices 
2026-05-13T02:39:52.407 [INFO] requestId:[                                    ] thread:[scheduling-1             ] c.s.testHibernate.logging.LoggingAspect.logExecution@33:
   Exiting com.saber.testHibernate.service.PriceSimulatorService.generatePrice | executionTime=3 ms 
2026-05-13T02:40:52.409 [INFO] requestId:[                                    ] thread:[scheduling-1             ] c.s.testHibernate.logging.LoggingAspect.logExecution@28:
   Entering com.saber.testHibernate.service.PriceSimulatorService.generatePrice with args=[] 
2026-05-13T02:40:52.411 [INFO] requestId:[                                    ] thread:[scheduling-1             ] c.s.t.service.PriceSimulatorService.generatePrice@55:
   Price event sent | symbol=BTC price=20630.6256 topic=prices 
2026-05-13T02:40:52.412 [INFO] requestId:[                                    ] thread:[scheduling-1             ] c.s.testHibernate.logging.LoggingAspect.logExecution@33:
   Exiting com.saber.testHibernate.service.PriceSimulatorService.generatePrice | executionTime=3 ms 
2026-05-13T02:41:52.415 [INFO] requestId:[                                    ] thread:[scheduling-1             ] c.s.testHibernate.logging.LoggingAspect.logExecution@28:
   Entering com.saber.testHibernate.service.PriceSimulatorService.generatePrice with args=[] 
2026-05-13T02:41:52.417 [INFO] requestId:[                                    ] thread:[scheduling-1             ] c.s.t.service.PriceSimulatorService.generatePrice@55:
   Price event sent | symbol=ETH price=2517.2547 topic=prices 
2026-05-13T02:41:52.417 [INFO] requestId:[                                    ] thread:[scheduling-1             ] c.s.testHibernate.logging.LoggingAspect.logExecution@33:
   Exiting com.saber.testHibernate.service.PriceSimulatorService.generatePrice | executionTime=2 ms 
2026-05-13T02:42:52.414 [INFO] requestId:[                                    ] thread:[scheduling-1             ] c.s.testHibernate.logging.LoggingAspect.logExecution@28:
   Entering com.saber.testHibernate.service.PriceSimulatorService.generatePrice with args=[] 
2026-05-13T02:42:52.416 [INFO] requestId:[                                    ] thread:[scheduling-1             ] c.s.t.service.PriceSimulatorService.generatePrice@55:
   Price event sent | symbol=BTC price=19007.8334 topic=prices 
2026-05-13T02:42:52.420 [INFO] requestId:[                                    ] thread:[scheduling-1             ] c.s.testHibernate.logging.LoggingAspect.logExecution@33:
   Exiting com.saber.testHibernate.service.PriceSimulatorService.generatePrice | executionTime=6 ms 
2026-05-13T02:43:52.409 [INFO] requestId:[                                    ] thread:[scheduling-1             ] c.s.testHibernate.logging.LoggingAspect.logExecution@28:
   Entering com.saber.testHibernate.service.PriceSimulatorService.generatePrice with args=[] 
2026-05-13T02:43:52.412 [INFO] requestId:[                                    ] thread:[scheduling-1             ] c.s.t.service.PriceSimulatorService.generatePrice@55:
   Price event sent | symbol=AAPL price=121.4160 topic=prices 
2026-05-13T02:43:52.413 [INFO] requestId:[                                    ] thread:[scheduling-1             ] c.s.testHibernate.logging.LoggingAspect.logExecution@33:
   Exiting com.saber.testHibernate.service.PriceSimulatorService.generatePrice | executionTime=4 ms 
2026-05-13T02:44:52.407 [INFO] requestId:[                                    ] thread:[scheduling-1             ] c.s.testHibernate.logging.LoggingAspect.logExecution@28:
   Entering com.saber.testHibernate.service.PriceSimulatorService.generatePrice with args=[] 
2026-05-13T02:44:52.409 [INFO] requestId:[                                    ] thread:[scheduling-1             ] c.s.t.service.PriceSimulatorService.generatePrice@55:
   Price event sent | symbol=AAPL price=127.2712 topic=prices 
2026-05-13T02:44:52.412 [INFO] requestId:[                                    ] thread:[scheduling-1             ] c.s.testHibernate.logging.LoggingAspect.logExecution@33:
   Exiting com.saber.testHibernate.service.PriceSimulatorService.generatePrice | executionTime=5 ms 
2026-05-13T02:45:52.409 [INFO] requestId:[                                    ] thread:[scheduling-1             ] c.s.testHibernate.logging.LoggingAspect.logExecution@28:
   Entering com.saber.testHibernate.service.PriceSimulatorService.generatePrice with args=[] 
2026-05-13T02:45:52.411 [INFO] requestId:[                                    ] thread:[scheduling-1             ] c.s.t.service.PriceSimulatorService.generatePrice@55:
   Price event sent | symbol=AAPL price=114.7062 topic=prices 
2026-05-13T02:45:52.412 [INFO] requestId:[                                    ] thread:[scheduling-1             ] c.s.testHibernate.logging.LoggingAspect.logExecution@33:
   Exiting com.saber.testHibernate.service.PriceSimulatorService.generatePrice | executionTime=3 ms 
2026-05-13T02:46:52.402 [INFO] requestId:[                                    ] thread:[scheduling-1             ] c.s.testHibernate.logging.LoggingAspect.logExecution@28:
   Entering com.saber.testHibernate.service.PriceSimulatorService.generatePrice with args=[] 
2026-05-13T02:46:52.404 [INFO] requestId:[                                    ] thread:[scheduling-1             ] c.s.t.service.PriceSimulatorService.generatePrice@55:
   Price event sent | symbol=AAPL price=122.0919 topic=prices 
2026-05-13T02:46:52.404 [INFO] requestId:[                                    ] thread:[scheduling-1             ] c.s.testHibernate.logging.LoggingAspect.logExecution@33:
   Exiting com.saber.testHibernate.service.PriceSimulatorService.generatePrice | executionTime=2 ms 
2026-05-13T02:47:52.403 [INFO] requestId:[                                    ] thread:[scheduling-1             ] c.s.testHibernate.logging.LoggingAspect.logExecution@28:
   Entering com.saber.testHibernate.service.PriceSimulatorService.generatePrice with args=[] 
2026-05-13T02:47:52.405 [INFO] requestId:[                                    ] thread:[scheduling-1             ] c.s.t.service.PriceSimulatorService.generatePrice@55:
   Price event sent | symbol=ETH price=2751.8650 topic=prices 
2026-05-13T02:47:52.406 [INFO] requestId:[                                    ] thread:[scheduling-1             ] c.s.testHibernate.logging.LoggingAspect.logExecution@33:
   Exiting com.saber.testHibernate.service.PriceSimulatorService.generatePrice | executionTime=3 ms 
2026-05-13T02:48:52.415 [INFO] requestId:[                                    ] thread:[scheduling-1             ] c.s.testHibernate.logging.LoggingAspect.logExecution@28:
   Entering com.saber.testHibernate.service.PriceSimulatorService.generatePrice with args=[] 
2026-05-13T02:48:52.417 [INFO] requestId:[                                    ] thread:[scheduling-1             ] c.s.t.service.PriceSimulatorService.generatePrice@55:
   Price event sent | symbol=GOOG price=35.4806 topic=prices 
2026-05-13T02:48:52.417 [INFO] requestId:[                                    ] thread:[scheduling-1             ] c.s.testHibernate.logging.LoggingAspect.logExecution@33:
   Exiting com.saber.testHibernate.service.PriceSimulatorService.generatePrice | executionTime=2 ms 
2026-05-13T02:49:52.414 [INFO] requestId:[                                    ] thread:[scheduling-1             ] c.s.testHibernate.logging.LoggingAspect.logExecution@28:
   Entering com.saber.testHibernate.service.PriceSimulatorService.generatePrice with args=[] 
2026-05-13T02:49:52.416 [INFO] requestId:[                                    ] thread:[scheduling-1             ] c.s.t.service.PriceSimulatorService.generatePrice@55:
   Price event sent | symbol=BTC price=18780.8943 topic=prices 
2026-05-13T02:49:52.417 [INFO] requestId:[                                    ] thread:[scheduling-1             ] c.s.testHibernate.logging.LoggingAspect.logExecution@33:
   Exiting com.saber.testHibernate.service.PriceSimulatorService.generatePrice | executionTime=3 ms 
2026-05-13T02:50:52.418 [INFO] requestId:[                                    ] thread:[scheduling-1             ] c.s.testHibernate.logging.LoggingAspect.logExecution@28:
   Entering com.saber.testHibernate.service.PriceSimulatorService.generatePrice with args=[] 
2026-05-13T02:50:52.421 [INFO] requestId:[                                    ] thread:[scheduling-1             ] c.s.t.service.PriceSimulatorService.generatePrice@55:
   Price event sent | symbol=ETH price=2972.1239 topic=prices 
2026-05-13T02:50:52.421 [INFO] requestId:[                                    ] thread:[scheduling-1             ] c.s.testHibernate.logging.LoggingAspect.logExecution@33:
   Exiting com.saber.testHibernate.service.PriceSimulatorService.generatePrice | executionTime=3 ms 
2026-05-13T02:51:52.418 [INFO] requestId:[                                    ] thread:[scheduling-1             ] c.s.testHibernate.logging.LoggingAspect.logExecution@28:
   Entering com.saber.testHibernate.service.PriceSimulatorService.generatePrice with args=[] 
2026-05-13T02:51:52.422 [INFO] requestId:[                                    ] thread:[scheduling-1             ] c.s.t.service.PriceSimulatorService.generatePrice@55:
   Price event sent | symbol=GOOG price=32.7715 topic=prices 
2026-05-13T02:51:52.422 [INFO] requestId:[                                    ] thread:[scheduling-1             ] c.s.testHibernate.logging.LoggingAspect.logExecution@33:
   Exiting com.saber.testHibernate.service.PriceSimulatorService.generatePrice | executionTime=4 ms 
2026-05-13T02:52:52.406 [INFO] requestId:[                                    ] thread:[scheduling-1             ] c.s.testHibernate.logging.LoggingAspect.logExecution@28:
   Entering com.saber.testHibernate.service.PriceSimulatorService.generatePrice with args=[] 
2026-05-13T02:52:52.407 [INFO] requestId:[                                    ] thread:[scheduling-1             ] c.s.t.service.PriceSimulatorService.generatePrice@55:
   Price event sent | symbol=ETH price=2986.5632 topic=prices 
2026-05-13T02:52:52.408 [INFO] requestId:[                                    ] thread:[scheduling-1             ] c.s.testHibernate.logging.LoggingAspect.logExecution@33:
   Exiting com.saber.testHibernate.service.PriceSimulatorService.generatePrice | executionTime=2 ms 
2026-05-13T02:53:52.410 [INFO] requestId:[                                    ] thread:[scheduling-1             ] c.s.testHibernate.logging.LoggingAspect.logExecution@28:
   Entering com.saber.testHibernate.service.PriceSimulatorService.generatePrice with args=[] 
2026-05-13T02:53:52.412 [INFO] requestId:[                                    ] thread:[scheduling-1             ] c.s.t.service.PriceSimulatorService.generatePrice@55:
   Price event sent | symbol=GOOG price=35.3986 topic=prices 
2026-05-13T02:53:52.414 [INFO] requestId:[                                    ] thread:[scheduling-1             ] c.s.testHibernate.logging.LoggingAspect.logExecution@33:
   Exiting com.saber.testHibernate.service.PriceSimulatorService.generatePrice | executionTime=4 ms 
2026-05-13T02:54:52.415 [INFO] requestId:[                                    ] thread:[scheduling-1             ] c.s.testHibernate.logging.LoggingAspect.logExecution@28:
   Entering com.saber.testHibernate.service.PriceSimulatorService.generatePrice with args=[] 
2026-05-13T02:54:52.417 [INFO] requestId:[                                    ] thread:[scheduling-1             ] c.s.t.service.PriceSimulatorService.generatePrice@55:
   Price event sent | symbol=ETH price=3050.4108 topic=prices 
2026-05-13T02:54:52.417 [INFO] requestId:[                                    ] thread:[scheduling-1             ] c.s.testHibernate.logging.LoggingAspect.logExecution@33:
   Exiting com.saber.testHibernate.service.PriceSimulatorService.generatePrice | executionTime=2 ms 
2026-05-13T02:55:52.417 [INFO] requestId:[                                    ] thread:[scheduling-1             ] c.s.testHibernate.logging.LoggingAspect.logExecution@28:
   Entering com.saber.testHibernate.service.PriceSimulatorService.generatePrice with args=[] 
2026-05-13T02:55:52.419 [INFO] requestId:[                                    ] thread:[scheduling-1             ] c.s.t.service.PriceSimulatorService.generatePrice@55:
   Price event sent | symbol=ETH price=2888.3068 topic=prices 
2026-05-13T02:55:52.419 [INFO] requestId:[                                    ] thread:[scheduling-1             ] c.s.testHibernate.logging.LoggingAspect.logExecution@33:
   Exiting com.saber.testHibernate.service.PriceSimulatorService.generatePrice | executionTime=2 ms 
2026-05-13T02:56:52.426 [INFO] requestId:[                                    ] thread:[scheduling-1             ] c.s.testHibernate.logging.LoggingAspect.logExecution@28:
   Entering com.saber.testHibernate.service.PriceSimulatorService.generatePrice with args=[] 
2026-05-13T02:56:52.428 [INFO] requestId:[                                    ] thread:[scheduling-1             ] c.s.t.service.PriceSimulatorService.generatePrice@55:
   Price event sent | symbol=GOOG price=38.0972 topic=prices 
2026-05-13T02:56:52.429 [INFO] requestId:[                                    ] thread:[scheduling-1             ] c.s.testHibernate.logging.LoggingAspect.logExecution@33:
   Exiting com.saber.testHibernate.service.PriceSimulatorService.generatePrice | executionTime=3 ms 
2026-05-13T02:57:52.426 [INFO] requestId:[                                    ] thread:[scheduling-1             ] c.s.testHibernate.logging.LoggingAspect.logExecution@28:
   Entering com.saber.testHibernate.service.PriceSimulatorService.generatePrice with args=[] 
2026-05-13T02:57:52.427 [INFO] requestId:[                                    ] thread:[scheduling-1             ] c.s.t.service.PriceSimulatorService.generatePrice@55:
   Price event sent | symbol=GOOG price=36.4971 topic=prices 
2026-05-13T02:57:52.428 [INFO] requestId:[                                    ] thread:[scheduling-1             ] c.s.testHibernate.logging.LoggingAspect.logExecution@33:
   Exiting com.saber.testHibernate.service.PriceSimulatorService.generatePrice | executionTime=2 ms 
2026-05-13T02:58:52.425 [INFO] requestId:[                                    ] thread:[scheduling-1             ] c.s.testHibernate.logging.LoggingAspect.logExecution@28:
   Entering com.saber.testHibernate.service.PriceSimulatorService.generatePrice with args=[] 
2026-05-13T02:58:52.427 [INFO] requestId:[                                    ] thread:[scheduling-1             ] c.s.t.service.PriceSimulatorService.generatePrice@55:
   Price event sent | symbol=ETH price=2784.6191 topic=prices 
2026-05-13T02:58:52.428 [INFO] requestId:[                                    ] thread:[scheduling-1             ] c.s.testHibernate.logging.LoggingAspect.logExecution@33:
   Exiting com.saber.testHibernate.service.PriceSimulatorService.generatePrice | executionTime=3 ms 
2026-05-13T02:59:52.437 [INFO] requestId:[                                    ] thread:[scheduling-1             ] c.s.testHibernate.logging.LoggingAspect.logExecution@28:
   Entering com.saber.testHibernate.service.PriceSimulatorService.generatePrice with args=[] 
2026-05-13T02:59:52.439 [INFO] requestId:[                                    ] thread:[scheduling-1             ] c.s.t.service.PriceSimulatorService.generatePrice@55:
   Price event sent | symbol=GOOG price=37.6311 topic=prices 
2026-05-13T02:59:52.440 [INFO] requestId:[                                    ] thread:[scheduling-1             ] c.s.testHibernate.logging.LoggingAspect.logExecution@33:
   Exiting com.saber.testHibernate.service.PriceSimulatorService.generatePrice | executionTime=3 ms 
2026-05-13T03:00:52.437 [INFO] requestId:[                                    ] thread:[scheduling-1             ] c.s.testHibernate.logging.LoggingAspect.logExecution@28:
   Entering com.saber.testHibernate.service.PriceSimulatorService.generatePrice with args=[] 
2026-05-13T03:00:52.439 [INFO] requestId:[                                    ] thread:[scheduling-1             ] c.s.t.service.PriceSimulatorService.generatePrice@55:
   Price event sent | symbol=ETH price=2775.6528 topic=prices 
2026-05-13T03:00:52.439 [INFO] requestId:[                                    ] thread:[scheduling-1             ] c.s.testHibernate.logging.LoggingAspect.logExecution@33:
   Exiting com.saber.testHibernate.service.PriceSimulatorService.generatePrice | executionTime=2 ms 
2026-05-13T03:01:52.439 [INFO] requestId:[                                    ] thread:[scheduling-1             ] c.s.testHibernate.logging.LoggingAspect.logExecution@28:
   Entering com.saber.testHibernate.service.PriceSimulatorService.generatePrice with args=[] 
2026-05-13T03:01:52.441 [INFO] requestId:[                                    ] thread:[scheduling-1             ] c.s.t.service.PriceSimulatorService.generatePrice@55:
   Price event sent | symbol=ETH price=2987.5202 topic=prices 
2026-05-13T03:01:52.442 [INFO] requestId:[                                    ] thread:[scheduling-1             ] c.s.testHibernate.logging.LoggingAspect.logExecution@33:
   Exiting com.saber.testHibernate.service.PriceSimulatorService.generatePrice | executionTime=3 ms 
2026-05-13T03:02:52.448 [INFO] requestId:[                                    ] thread:[scheduling-1             ] c.s.testHibernate.logging.LoggingAspect.logExecution@28:
   Entering com.saber.testHibernate.service.PriceSimulatorService.generatePrice with args=[] 
2026-05-13T03:02:52.450 [INFO] requestId:[                                    ] thread:[scheduling-1             ] c.s.t.service.PriceSimulatorService.generatePrice@55:
   Price event sent | symbol=GOOG price=41.2914 topic=prices 
2026-05-13T03:02:52.451 [INFO] requestId:[                                    ] thread:[scheduling-1             ] c.s.testHibernate.logging.LoggingAspect.logExecution@33:
   Exiting com.saber.testHibernate.service.PriceSimulatorService.generatePrice | executionTime=3 ms 
2026-05-13T03:03:52.447 [INFO] requestId:[                                    ] thread:[scheduling-1             ] c.s.testHibernate.logging.LoggingAspect.logExecution@28:
   Entering com.saber.testHibernate.service.PriceSimulatorService.generatePrice with args=[] 
2026-05-13T03:03:52.449 [INFO] requestId:[                                    ] thread:[scheduling-1             ] c.s.t.service.PriceSimulatorService.generatePrice@55:
   Price event sent | symbol=ETH price=2936.9608 topic=prices 
2026-05-13T03:03:52.449 [INFO] requestId:[                                    ] thread:[scheduling-1             ] c.s.testHibernate.logging.LoggingAspect.logExecution@33:
   Exiting com.saber.testHibernate.service.PriceSimulatorService.generatePrice | executionTime=2 ms 
2026-05-13T03:04:52.446 [INFO] requestId:[                                    ] thread:[scheduling-1             ] c.s.testHibernate.logging.LoggingAspect.logExecution@28:
   Entering com.saber.testHibernate.service.PriceSimulatorService.generatePrice with args=[] 
2026-05-13T03:04:52.449 [INFO] requestId:[                                    ] thread:[scheduling-1             ] c.s.t.service.PriceSimulatorService.generatePrice@55:
   Price event sent | symbol=AAPL price=120.7547 topic=prices 
2026-05-13T03:04:52.449 [INFO] requestId:[                                    ] thread:[scheduling-1             ] c.s.testHibernate.logging.LoggingAspect.logExecution@33:
   Exiting com.saber.testHibernate.service.PriceSimulatorService.generatePrice | executionTime=3 ms 
2026-05-13T03:05:52.446 [INFO] requestId:[                                    ] thread:[scheduling-1             ] c.s.testHibernate.logging.LoggingAspect.logExecution@28:
   Entering com.saber.testHibernate.service.PriceSimulatorService.generatePrice with args=[] 
2026-05-13T03:05:52.448 [INFO] requestId:[                                    ] thread:[scheduling-1             ] c.s.t.service.PriceSimulatorService.generatePrice@55:
   Price event sent | symbol=GOOG price=39.5702 topic=prices 
2026-05-13T03:05:52.451 [INFO] requestId:[                                    ] thread:[scheduling-1             ] c.s.testHibernate.logging.LoggingAspect.logExecution@33:
   Exiting com.saber.testHibernate.service.PriceSimulatorService.generatePrice | executionTime=5 ms 
2026-05-13T03:06:52.448 [INFO] requestId:[                                    ] thread:[scheduling-1             ] c.s.testHibernate.logging.LoggingAspect.logExecution@28:
   Entering com.saber.testHibernate.service.PriceSimulatorService.generatePrice with args=[] 
2026-05-13T03:06:52.450 [INFO] requestId:[                                    ] thread:[scheduling-1             ] c.s.t.service.PriceSimulatorService.generatePrice@55:
   Price event sent | symbol=GOOG price=41.4267 topic=prices 
2026-05-13T03:06:52.450 [INFO] requestId:[                                    ] thread:[scheduling-1             ] c.s.testHibernate.logging.LoggingAspect.logExecution@33:
   Exiting com.saber.testHibernate.service.PriceSimulatorService.generatePrice | executionTime=2 ms 
2026-05-13T03:07:52.449 [INFO] requestId:[                                    ] thread:[scheduling-1             ] c.s.testHibernate.logging.LoggingAspect.logExecution@28:
   Entering com.saber.testHibernate.service.PriceSimulatorService.generatePrice with args=[] 
2026-05-13T03:07:52.451 [INFO] requestId:[                                    ] thread:[scheduling-1             ] c.s.t.service.PriceSimulatorService.generatePrice@55:
   Price event sent | symbol=ETH price=2944.5826 topic=prices 
2026-05-13T03:07:52.452 [INFO] requestId:[                                    ] thread:[scheduling-1             ] c.s.testHibernate.logging.LoggingAspect.logExecution@33:
   Exiting com.saber.testHibernate.service.PriceSimulatorService.generatePrice | executionTime=3 ms 
2026-05-13T03:08:52.458 [INFO] requestId:[                                    ] thread:[scheduling-1             ] c.s.testHibernate.logging.LoggingAspect.logExecution@28:
   Entering com.saber.testHibernate.service.PriceSimulatorService.generatePrice with args=[] 
2026-05-13T03:08:52.460 [INFO] requestId:[                                    ] thread:[scheduling-1             ] c.s.t.service.PriceSimulatorService.generatePrice@55:
   Price event sent | symbol=ETH price=3202.7212 topic=prices 
2026-05-13T03:08:52.460 [INFO] requestId:[                                    ] thread:[scheduling-1             ] c.s.testHibernate.logging.LoggingAspect.logExecution@33:
   Exiting com.saber.testHibernate.service.PriceSimulatorService.generatePrice | executionTime=2 ms 
2026-05-13T03:09:52.460 [INFO] requestId:[                                    ] thread:[scheduling-1             ] c.s.testHibernate.logging.LoggingAspect.logExecution@28:
   Entering com.saber.testHibernate.service.PriceSimulatorService.generatePrice with args=[] 
2026-05-13T03:09:52.463 [INFO] requestId:[                                    ] thread:[scheduling-1             ] c.s.t.service.PriceSimulatorService.generatePrice@55:
   Price event sent | symbol=BTC price=18671.2504 topic=prices 
2026-05-13T03:09:52.463 [INFO] requestId:[                                    ] thread:[scheduling-1             ] c.s.testHibernate.logging.LoggingAspect.logExecution@33:
   Exiting com.saber.testHibernate.service.PriceSimulatorService.generatePrice | executionTime=3 ms 
2026-05-13T03:10:52.465 [INFO] requestId:[                                    ] thread:[scheduling-1             ] c.s.testHibernate.logging.LoggingAspect.logExecution@28:
   Entering com.saber.testHibernate.service.PriceSimulatorService.generatePrice with args=[] 
2026-05-13T03:10:52.467 [INFO] requestId:[                                    ] thread:[scheduling-1             ] c.s.t.service.PriceSimulatorService.generatePrice@55:
   Price event sent | symbol=AAPL price=110.6732 topic=prices 
2026-05-13T03:10:52.467 [INFO] requestId:[                                    ] thread:[scheduling-1             ] c.s.testHibernate.logging.LoggingAspect.logExecution@33:
   Exiting com.saber.testHibernate.service.PriceSimulatorService.generatePrice | executionTime=2 ms 
2026-05-13T03:11:52.466 [INFO] requestId:[                                    ] thread:[scheduling-1             ] c.s.testHibernate.logging.LoggingAspect.logExecution@28:
   Entering com.saber.testHibernate.service.PriceSimulatorService.generatePrice with args=[] 
2026-05-13T03:11:52.468 [INFO] requestId:[                                    ] thread:[scheduling-1             ] c.s.t.service.PriceSimulatorService.generatePrice@55:
   Price event sent | symbol=GOOG price=39.8331 topic=prices 
2026-05-13T03:11:52.470 [INFO] requestId:[                                    ] thread:[scheduling-1             ] c.s.testHibernate.logging.LoggingAspect.logExecution@33:
   Exiting com.saber.testHibernate.service.PriceSimulatorService.generatePrice | executionTime=4 ms 
2026-05-13T03:12:52.468 [INFO] requestId:[                                    ] thread:[scheduling-1             ] c.s.testHibernate.logging.LoggingAspect.logExecution@28:
   Entering com.saber.testHibernate.service.PriceSimulatorService.generatePrice with args=[] 
2026-05-13T03:12:52.470 [INFO] requestId:[                                    ] thread:[scheduling-1             ] c.s.t.service.PriceSimulatorService.generatePrice@55:
   Price event sent | symbol=GOOG price=37.4854 topic=prices 
2026-05-13T03:12:52.470 [INFO] requestId:[                                    ] thread:[scheduling-1             ] c.s.testHibernate.logging.LoggingAspect.logExecution@33:
   Exiting com.saber.testHibernate.service.PriceSimulatorService.generatePrice | executionTime=2 ms 
2026-05-13T03:13:52.472 [INFO] requestId:[                                    ] thread:[scheduling-1             ] c.s.testHibernate.logging.LoggingAspect.logExecution@28:
   Entering com.saber.testHibernate.service.PriceSimulatorService.generatePrice with args=[] 
2026-05-13T03:13:52.475 [INFO] requestId:[                                    ] thread:[scheduling-1             ] c.s.t.service.PriceSimulatorService.generatePrice@55:
   Price event sent | symbol=GOOG price=34.7896 topic=prices 
2026-05-13T03:13:52.477 [INFO] requestId:[                                    ] thread:[scheduling-1             ] c.s.testHibernate.logging.LoggingAspect.logExecution@33:
   Exiting com.saber.testHibernate.service.PriceSimulatorService.generatePrice | executionTime=5 ms 
2026-05-13T03:14:52.470 [INFO] requestId:[                                    ] thread:[scheduling-1             ] c.s.testHibernate.logging.LoggingAspect.logExecution@28:
   Entering com.saber.testHibernate.service.PriceSimulatorService.generatePrice with args=[] 
2026-05-13T03:14:52.472 [INFO] requestId:[                                    ] thread:[scheduling-1             ] c.s.t.service.PriceSimulatorService.generatePrice@55:
   Price event sent | symbol=ETH price=3511.0693 topic=prices 
2026-05-13T03:14:52.472 [INFO] requestId:[                                    ] thread:[scheduling-1             ] c.s.testHibernate.logging.LoggingAspect.logExecution@33:
   Exiting com.saber.testHibernate.service.PriceSimulatorService.generatePrice | executionTime=2 ms 
2026-05-13T03:15:52.470 [INFO] requestId:[                                    ] thread:[scheduling-1             ] c.s.testHibernate.logging.LoggingAspect.logExecution@28:
   Entering com.saber.testHibernate.service.PriceSimulatorService.generatePrice with args=[] 
2026-05-13T03:15:52.472 [INFO] requestId:[                                    ] thread:[scheduling-1             ] c.s.t.service.PriceSimulatorService.generatePrice@55:
   Price event sent | symbol=AAPL price=109.5284 topic=prices 
2026-05-13T03:15:52.472 [INFO] requestId:[                                    ] thread:[scheduling-1             ] c.s.testHibernate.logging.LoggingAspect.logExecution@33:
   Exiting com.saber.testHibernate.service.PriceSimulatorService.generatePrice | executionTime=2 ms 
2026-05-13T03:16:52.486 [INFO] requestId:[                                    ] thread:[scheduling-1             ] c.s.testHibernate.logging.LoggingAspect.logExecution@28:
   Entering com.saber.testHibernate.service.PriceSimulatorService.generatePrice with args=[] 
2026-05-13T03:16:52.488 [INFO] requestId:[                                    ] thread:[scheduling-1             ] c.s.t.service.PriceSimulatorService.generatePrice@55:
   Price event sent | symbol=GOOG price=38.0071 topic=prices 
2026-05-13T03:16:52.488 [INFO] requestId:[                                    ] thread:[scheduling-1             ] c.s.testHibernate.logging.LoggingAspect.logExecution@33:
   Exiting com.saber.testHibernate.service.PriceSimulatorService.generatePrice | executionTime=2 ms 
2026-05-13T03:17:52.491 [INFO] requestId:[                                    ] thread:[scheduling-1             ] c.s.testHibernate.logging.LoggingAspect.logExecution@28:
   Entering com.saber.testHibernate.service.PriceSimulatorService.generatePrice with args=[] 
2026-05-13T03:17:52.493 [INFO] requestId:[                                    ] thread:[scheduling-1             ] c.s.t.service.PriceSimulatorService.generatePrice@55:
   Price event sent | symbol=BTC price=18493.9342 topic=prices 
2026-05-13T03:17:52.494 [INFO] requestId:[                                    ] thread:[scheduling-1             ] c.s.testHibernate.logging.LoggingAspect.logExecution@33:
   Exiting com.saber.testHibernate.service.PriceSimulatorService.generatePrice | executionTime=3 ms 
2026-05-13T03:18:52.488 [INFO] requestId:[                                    ] thread:[scheduling-1             ] c.s.testHibernate.logging.LoggingAspect.logExecution@28:
   Entering com.saber.testHibernate.service.PriceSimulatorService.generatePrice with args=[] 
2026-05-13T03:18:52.491 [INFO] requestId:[                                    ] thread:[scheduling-1             ] c.s.t.service.PriceSimulatorService.generatePrice@55:
   Price event sent | symbol=ETH price=3505.2515 topic=prices 
2026-05-13T03:18:52.491 [INFO] requestId:[                                    ] thread:[scheduling-1             ] c.s.testHibernate.logging.LoggingAspect.logExecution@33:
   Exiting com.saber.testHibernate.service.PriceSimulatorService.generatePrice | executionTime=3 ms 
2026-05-13T03:19:52.493 [INFO] requestId:[                                    ] thread:[scheduling-1             ] c.s.testHibernate.logging.LoggingAspect.logExecution@28:
   Entering com.saber.testHibernate.service.PriceSimulatorService.generatePrice with args=[] 
2026-05-13T03:19:52.496 [INFO] requestId:[                                    ] thread:[scheduling-1             ] c.s.t.service.PriceSimulatorService.generatePrice@55:
   Price event sent | symbol=BTC price=18028.3756 topic=prices 
2026-05-13T03:19:52.496 [INFO] requestId:[                                    ] thread:[scheduling-1             ] c.s.testHibernate.logging.LoggingAspect.logExecution@33:
   Exiting com.saber.testHibernate.service.PriceSimulatorService.generatePrice | executionTime=3 ms 
2026-05-13T03:20:52.488 [INFO] requestId:[                                    ] thread:[scheduling-1             ] c.s.testHibernate.logging.LoggingAspect.logExecution@28:
   Entering com.saber.testHibernate.service.PriceSimulatorService.generatePrice with args=[] 
2026-05-13T03:20:52.490 [INFO] requestId:[                                    ] thread:[scheduling-1             ] c.s.t.service.PriceSimulatorService.generatePrice@55:
   Price event sent | symbol=BTC price=18503.5102 topic=prices 
2026-05-13T03:20:52.491 [INFO] requestId:[                                    ] thread:[scheduling-1             ] c.s.testHibernate.logging.LoggingAspect.logExecution@33:
   Exiting com.saber.testHibernate.service.PriceSimulatorService.generatePrice | executionTime=3 ms 
2026-05-13T03:21:52.488 [INFO] requestId:[                                    ] thread:[scheduling-1             ] c.s.testHibernate.logging.LoggingAspect.logExecution@28:
   Entering com.saber.testHibernate.service.PriceSimulatorService.generatePrice with args=[] 
2026-05-13T03:21:52.490 [INFO] requestId:[                                    ] thread:[scheduling-1             ] c.s.t.service.PriceSimulatorService.generatePrice@55:
   Price event sent | symbol=BTC price=19850.0459 topic=prices 
2026-05-13T03:21:52.490 [INFO] requestId:[                                    ] thread:[scheduling-1             ] c.s.testHibernate.logging.LoggingAspect.logExecution@33:
   Exiting com.saber.testHibernate.service.PriceSimulatorService.generatePrice | executionTime=2 ms 
2026-05-13T03:22:52.502 [INFO] requestId:[                                    ] thread:[scheduling-1             ] c.s.testHibernate.logging.LoggingAspect.logExecution@28:
   Entering com.saber.testHibernate.service.PriceSimulatorService.generatePrice with args=[] 
2026-05-13T03:22:52.503 [INFO] requestId:[                                    ] thread:[scheduling-1             ] c.s.t.service.PriceSimulatorService.generatePrice@55:
   Price event sent | symbol=BTC price=20358.6443 topic=prices 
2026-05-13T03:22:52.504 [INFO] requestId:[                                    ] thread:[scheduling-1             ] c.s.testHibernate.logging.LoggingAspect.logExecution@33:
   Exiting com.saber.testHibernate.service.PriceSimulatorService.generatePrice | executionTime=2 ms 
2026-05-13T03:23:52.504 [INFO] requestId:[                                    ] thread:[scheduling-1             ] c.s.testHibernate.logging.LoggingAspect.logExecution@28:
   Entering com.saber.testHibernate.service.PriceSimulatorService.generatePrice with args=[] 
2026-05-13T03:23:52.506 [INFO] requestId:[                                    ] thread:[scheduling-1             ] c.s.t.service.PriceSimulatorService.generatePrice@55:
   Price event sent | symbol=AAPL price=111.4209 topic=prices 
2026-05-13T03:23:52.508 [INFO] requestId:[                                    ] thread:[scheduling-1             ] c.s.testHibernate.logging.LoggingAspect.logExecution@33:
   Exiting com.saber.testHibernate.service.PriceSimulatorService.generatePrice | executionTime=4 ms 
2026-05-13T03:24:52.504 [INFO] requestId:[                                    ] thread:[scheduling-1             ] c.s.testHibernate.logging.LoggingAspect.logExecution@28:
   Entering com.saber.testHibernate.service.PriceSimulatorService.generatePrice with args=[] 
2026-05-13T03:24:52.506 [INFO] requestId:[                                    ] thread:[scheduling-1             ] c.s.t.service.PriceSimulatorService.generatePrice@55:
   Price event sent | symbol=BTC price=21458.9576 topic=prices 
2026-05-13T03:24:52.507 [INFO] requestId:[                                    ] thread:[scheduling-1             ] c.s.testHibernate.logging.LoggingAspect.logExecution@33:
   Exiting com.saber.testHibernate.service.PriceSimulatorService.generatePrice | executionTime=3 ms 
2026-05-13T03:25:52.499 [INFO] requestId:[                                    ] thread:[scheduling-1             ] c.s.testHibernate.logging.LoggingAspect.logExecution@28:
   Entering com.saber.testHibernate.service.PriceSimulatorService.generatePrice with args=[] 
2026-05-13T03:25:52.502 [INFO] requestId:[                                    ] thread:[scheduling-1             ] c.s.t.service.PriceSimulatorService.generatePrice@55:
   Price event sent | symbol=BTC price=19821.6809 topic=prices 
2026-05-13T03:25:52.503 [INFO] requestId:[                                    ] thread:[scheduling-1             ] c.s.testHibernate.logging.LoggingAspect.logExecution@33:
   Exiting com.saber.testHibernate.service.PriceSimulatorService.generatePrice | executionTime=4 ms 
2026-05-13T03:26:52.500 [INFO] requestId:[                                    ] thread:[scheduling-1             ] c.s.testHibernate.logging.LoggingAspect.logExecution@28:
   Entering com.saber.testHibernate.service.PriceSimulatorService.generatePrice with args=[] 
2026-05-13T03:26:52.502 [INFO] requestId:[                                    ] thread:[scheduling-1             ] c.s.t.service.PriceSimulatorService.generatePrice@55:
   Price event sent | symbol=GOOG price=39.8518 topic=prices 
2026-05-13T03:26:52.502 [INFO] requestId:[                                    ] thread:[scheduling-1             ] c.s.testHibernate.logging.LoggingAspect.logExecution@33:
   Exiting com.saber.testHibernate.service.PriceSimulatorService.generatePrice | executionTime=2 ms 
2026-05-13T03:27:52.514 [INFO] requestId:[                                    ] thread:[scheduling-1             ] c.s.testHibernate.logging.LoggingAspect.logExecution@28:
   Entering com.saber.testHibernate.service.PriceSimulatorService.generatePrice with args=[] 
2026-05-13T03:27:52.516 [INFO] requestId:[                                    ] thread:[scheduling-1             ] c.s.t.service.PriceSimulatorService.generatePrice@55:
   Price event sent | symbol=BTC price=19676.8259 topic=prices 
2026-05-13T03:27:52.517 [INFO] requestId:[                                    ] thread:[scheduling-1             ] c.s.testHibernate.logging.LoggingAspect.logExecution@33:
   Exiting com.saber.testHibernate.service.PriceSimulatorService.generatePrice | executionTime=3 ms 
2026-05-13T03:28:52.513 [INFO] requestId:[                                    ] thread:[scheduling-1             ] c.s.testHibernate.logging.LoggingAspect.logExecution@28:
   Entering com.saber.testHibernate.service.PriceSimulatorService.generatePrice with args=[] 
2026-05-13T03:28:52.515 [INFO] requestId:[                                    ] thread:[scheduling-1             ] c.s.t.service.PriceSimulatorService.generatePrice@55:
   Price event sent | symbol=AAPL price=108.0861 topic=prices 
2026-05-13T03:28:52.515 [INFO] requestId:[                                    ] thread:[scheduling-1             ] c.s.testHibernate.logging.LoggingAspect.logExecution@33:
   Exiting com.saber.testHibernate.service.PriceSimulatorService.generatePrice | executionTime=2 ms 
2026-05-13T03:29:52.521 [INFO] requestId:[                                    ] thread:[scheduling-1             ] c.s.testHibernate.logging.LoggingAspect.logExecution@28:
   Entering com.saber.testHibernate.service.PriceSimulatorService.generatePrice with args=[] 
2026-05-13T03:29:52.522 [INFO] requestId:[                                    ] thread:[scheduling-1             ] c.s.t.service.PriceSimulatorService.generatePrice@55:
   Price event sent | symbol=AAPL price=109.9268 topic=prices 
2026-05-13T03:29:52.522 [INFO] requestId:[                                    ] thread:[scheduling-1             ] c.s.testHibernate.logging.LoggingAspect.logExecution@33:
   Exiting com.saber.testHibernate.service.PriceSimulatorService.generatePrice | executionTime=1 ms 
2026-05-13T03:30:52.513 [INFO] requestId:[                                    ] thread:[scheduling-1             ] c.s.testHibernate.logging.LoggingAspect.logExecution@28:
   Entering com.saber.testHibernate.service.PriceSimulatorService.generatePrice with args=[] 
2026-05-13T03:30:52.514 [INFO] requestId:[                                    ] thread:[scheduling-1             ] c.s.t.service.PriceSimulatorService.generatePrice@55:
   Price event sent | symbol=ETH price=3236.8716 topic=prices 
2026-05-13T03:30:52.515 [INFO] requestId:[                                    ] thread:[scheduling-1             ] c.s.testHibernate.logging.LoggingAspect.logExecution@33:
   Exiting com.saber.testHibernate.service.PriceSimulatorService.generatePrice | executionTime=2 ms 
2026-05-13T03:31:52.515 [INFO] requestId:[                                    ] thread:[scheduling-1             ] c.s.testHibernate.logging.LoggingAspect.logExecution@28:
   Entering com.saber.testHibernate.service.PriceSimulatorService.generatePrice with args=[] 
2026-05-13T03:31:52.518 [INFO] requestId:[                                    ] thread:[scheduling-1             ] c.s.t.service.PriceSimulatorService.generatePrice@55:
   Price event sent | symbol=AAPL price=104.8584 topic=prices 
2026-05-13T03:31:52.519 [INFO] requestId:[                                    ] thread:[scheduling-1             ] c.s.testHibernate.logging.LoggingAspect.logExecution@33:
   Exiting com.saber.testHibernate.service.PriceSimulatorService.generatePrice | executionTime=4 ms 
2026-05-13T03:32:52.515 [INFO] requestId:[                                    ] thread:[scheduling-1             ] c.s.testHibernate.logging.LoggingAspect.logExecution@28:
   Entering com.saber.testHibernate.service.PriceSimulatorService.generatePrice with args=[] 
2026-05-13T03:32:52.518 [INFO] requestId:[                                    ] thread:[scheduling-1             ] c.s.t.service.PriceSimulatorService.generatePrice@55:
   Price event sent | symbol=BTC price=19422.4036 topic=prices 
2026-05-13T03:32:52.519 [INFO] requestId:[                                    ] thread:[scheduling-1             ] c.s.testHibernate.logging.LoggingAspect.logExecution@33:
   Exiting com.saber.testHibernate.service.PriceSimulatorService.generatePrice | executionTime=4 ms 
2026-05-13T03:33:52.531 [INFO] requestId:[                                    ] thread:[scheduling-1             ] c.s.testHibernate.logging.LoggingAspect.logExecution@28:
   Entering com.saber.testHibernate.service.PriceSimulatorService.generatePrice with args=[] 
2026-05-13T03:33:52.533 [INFO] requestId:[                                    ] thread:[scheduling-1             ] c.s.t.service.PriceSimulatorService.generatePrice@55:
   Price event sent | symbol=GOOG price=42.4357 topic=prices 
2026-05-13T03:33:52.533 [INFO] requestId:[                                    ] thread:[scheduling-1             ] c.s.testHibernate.logging.LoggingAspect.logExecution@33:
   Exiting com.saber.testHibernate.service.PriceSimulatorService.generatePrice | executionTime=2 ms 
2026-05-13T03:34:52.534 [INFO] requestId:[                                    ] thread:[scheduling-1             ] c.s.testHibernate.logging.LoggingAspect.logExecution@28:
   Entering com.saber.testHibernate.service.PriceSimulatorService.generatePrice with args=[] 
2026-05-13T03:34:52.536 [INFO] requestId:[                                    ] thread:[scheduling-1             ] c.s.t.service.PriceSimulatorService.generatePrice@55:
   Price event sent | symbol=ETH price=3163.8241 topic=prices 
2026-05-13T03:34:52.537 [INFO] requestId:[                                    ] thread:[scheduling-1             ] c.s.testHibernate.logging.LoggingAspect.logExecution@33:
   Exiting com.saber.testHibernate.service.PriceSimulatorService.generatePrice | executionTime=3 ms 
2026-05-13T03:35:52.521 [INFO] requestId:[                                    ] thread:[scheduling-1             ] c.s.testHibernate.logging.LoggingAspect.logExecution@28:
   Entering com.saber.testHibernate.service.PriceSimulatorService.generatePrice with args=[] 
2026-05-13T03:35:52.523 [INFO] requestId:[                                    ] thread:[scheduling-1             ] c.s.t.service.PriceSimulatorService.generatePrice@55:
   Price event sent | symbol=ETH price=3033.5377 topic=prices 
2026-05-13T03:35:52.523 [INFO] requestId:[                                    ] thread:[scheduling-1             ] c.s.testHibernate.logging.LoggingAspect.logExecution@33:
   Exiting com.saber.testHibernate.service.PriceSimulatorService.generatePrice | executionTime=2 ms 
2026-05-13T03:36:52.535 [INFO] requestId:[                                    ] thread:[scheduling-1             ] c.s.testHibernate.logging.LoggingAspect.logExecution@28:
   Entering com.saber.testHibernate.service.PriceSimulatorService.generatePrice with args=[] 
2026-05-13T03:36:52.538 [INFO] requestId:[                                    ] thread:[scheduling-1             ] c.s.t.service.PriceSimulatorService.generatePrice@55:
   Price event sent | symbol=AAPL price=114.5172 topic=prices 
2026-05-13T03:36:52.539 [INFO] requestId:[                                    ] thread:[scheduling-1             ] c.s.testHibernate.logging.LoggingAspect.logExecution@33:
   Exiting com.saber.testHibernate.service.PriceSimulatorService.generatePrice | executionTime=4 ms 
2026-05-13T03:37:52.535 [INFO] requestId:[                                    ] thread:[scheduling-1             ] c.s.testHibernate.logging.LoggingAspect.logExecution@28:
   Entering com.saber.testHibernate.service.PriceSimulatorService.generatePrice with args=[] 
2026-05-13T03:37:52.539 [INFO] requestId:[                                    ] thread:[scheduling-1             ] c.s.t.service.PriceSimulatorService.generatePrice@55:
   Price event sent | symbol=GOOG price=41.3290 topic=prices 
2026-05-13T03:37:52.541 [INFO] requestId:[                                    ] thread:[scheduling-1             ] c.s.testHibernate.logging.LoggingAspect.logExecution@33:
   Exiting com.saber.testHibernate.service.PriceSimulatorService.generatePrice | executionTime=6 ms 
2026-05-13T03:38:52.529 [INFO] requestId:[                                    ] thread:[scheduling-1             ] c.s.testHibernate.logging.LoggingAspect.logExecution@28:
   Entering com.saber.testHibernate.service.PriceSimulatorService.generatePrice with args=[] 
2026-05-13T03:38:52.531 [INFO] requestId:[                                    ] thread:[scheduling-1             ] c.s.t.service.PriceSimulatorService.generatePrice@55:
   Price event sent | symbol=GOOG price=39.4075 topic=prices 
2026-05-13T03:38:52.531 [INFO] requestId:[                                    ] thread:[scheduling-1             ] c.s.testHibernate.logging.LoggingAspect.logExecution@33:
   Exiting com.saber.testHibernate.service.PriceSimulatorService.generatePrice | executionTime=2 ms 
2026-05-13T03:39:52.530 [INFO] requestId:[                                    ] thread:[scheduling-1             ] c.s.testHibernate.logging.LoggingAspect.logExecution@28:
   Entering com.saber.testHibernate.service.PriceSimulatorService.generatePrice with args=[] 
2026-05-13T03:39:52.533 [INFO] requestId:[                                    ] thread:[scheduling-1             ] c.s.t.service.PriceSimulatorService.generatePrice@55:
   Price event sent | symbol=ETH price=2950.4902 topic=prices 
2026-05-13T03:39:52.533 [INFO] requestId:[                                    ] thread:[scheduling-1             ] c.s.testHibernate.logging.LoggingAspect.logExecution@33:
   Exiting com.saber.testHibernate.service.PriceSimulatorService.generatePrice | executionTime=3 ms 
2026-05-13T03:40:52.534 [INFO] requestId:[                                    ] thread:[scheduling-1             ] c.s.testHibernate.logging.LoggingAspect.logExecution@28:
   Entering com.saber.testHibernate.service.PriceSimulatorService.generatePrice with args=[] 
2026-05-13T03:40:52.537 [INFO] requestId:[                                    ] thread:[scheduling-1             ] c.s.t.service.PriceSimulatorService.generatePrice@55:
   Price event sent | symbol=BTC price=18024.9540 topic=prices 
2026-05-13T03:40:52.538 [INFO] requestId:[                                    ] thread:[scheduling-1             ] c.s.testHibernate.logging.LoggingAspect.logExecution@33:
   Exiting com.saber.testHibernate.service.PriceSimulatorService.generatePrice | executionTime=4 ms 
2026-05-13T03:41:52.542 [INFO] requestId:[                                    ] thread:[scheduling-1             ] c.s.testHibernate.logging.LoggingAspect.logExecution@28:
   Entering com.saber.testHibernate.service.PriceSimulatorService.generatePrice with args=[] 
2026-05-13T03:41:52.544 [INFO] requestId:[                                    ] thread:[scheduling-1             ] c.s.t.service.PriceSimulatorService.generatePrice@55:
   Price event sent | symbol=GOOG price=36.3376 topic=prices 
2026-05-13T03:41:52.544 [INFO] requestId:[                                    ] thread:[scheduling-1             ] c.s.testHibernate.logging.LoggingAspect.logExecution@33:
   Exiting com.saber.testHibernate.service.PriceSimulatorService.generatePrice | executionTime=2 ms 
2026-05-13T03:42:52.541 [INFO] requestId:[                                    ] thread:[scheduling-1             ] c.s.testHibernate.logging.LoggingAspect.logExecution@28:
   Entering com.saber.testHibernate.service.PriceSimulatorService.generatePrice with args=[] 
2026-05-13T03:42:52.543 [INFO] requestId:[                                    ] thread:[scheduling-1             ] c.s.t.service.PriceSimulatorService.generatePrice@55:
   Price event sent | symbol=GOOG price=35.0151 topic=prices 
2026-05-13T03:42:52.544 [INFO] requestId:[                                    ] thread:[scheduling-1             ] c.s.testHibernate.logging.LoggingAspect.logExecution@33:
   Exiting com.saber.testHibernate.service.PriceSimulatorService.generatePrice | executionTime=3 ms 
2026-05-13T03:43:52.548 [INFO] requestId:[                                    ] thread:[scheduling-1             ] c.s.testHibernate.logging.LoggingAspect.logExecution@28:
   Entering com.saber.testHibernate.service.PriceSimulatorService.generatePrice with args=[] 
2026-05-13T03:43:52.550 [INFO] requestId:[                                    ] thread:[scheduling-1             ] c.s.t.service.PriceSimulatorService.generatePrice@55:
   Price event sent | symbol=ETH price=3012.4692 topic=prices 
2026-05-13T03:43:52.551 [INFO] requestId:[                                    ] thread:[scheduling-1             ] c.s.testHibernate.logging.LoggingAspect.logExecution@33:
   Exiting com.saber.testHibernate.service.PriceSimulatorService.generatePrice | executionTime=3 ms 
2026-05-13T03:44:52.554 [INFO] requestId:[                                    ] thread:[scheduling-1             ] c.s.testHibernate.logging.LoggingAspect.logExecution@28:
   Entering com.saber.testHibernate.service.PriceSimulatorService.generatePrice with args=[] 
2026-05-13T03:44:52.555 [INFO] requestId:[                                    ] thread:[scheduling-1             ] c.s.t.service.PriceSimulatorService.generatePrice@55:
   Price event sent | symbol=ETH price=3154.2401 topic=prices 
2026-05-13T03:44:52.556 [INFO] requestId:[                                    ] thread:[scheduling-1             ] c.s.testHibernate.logging.LoggingAspect.logExecution@33:
   Exiting com.saber.testHibernate.service.PriceSimulatorService.generatePrice | executionTime=2 ms 
2026-05-13T03:45:52.556 [INFO] requestId:[                                    ] thread:[scheduling-1             ] c.s.testHibernate.logging.LoggingAspect.logExecution@28:
   Entering com.saber.testHibernate.service.PriceSimulatorService.generatePrice with args=[] 
2026-05-13T03:45:52.558 [INFO] requestId:[                                    ] thread:[scheduling-1             ] c.s.t.service.PriceSimulatorService.generatePrice@55:
   Price event sent | symbol=ETH price=2848.7823 topic=prices 
2026-05-13T03:45:52.559 [INFO] requestId:[                                    ] thread:[scheduling-1             ] c.s.testHibernate.logging.LoggingAspect.logExecution@33:
   Exiting com.saber.testHibernate.service.PriceSimulatorService.generatePrice | executionTime=3 ms 
2026-05-13T03:46:52.558 [INFO] requestId:[                                    ] thread:[scheduling-1             ] c.s.testHibernate.logging.LoggingAspect.logExecution@28:
   Entering com.saber.testHibernate.service.PriceSimulatorService.generatePrice with args=[] 
2026-05-13T03:46:52.559 [INFO] requestId:[                                    ] thread:[scheduling-1             ] c.s.t.service.PriceSimulatorService.generatePrice@55:
   Price event sent | symbol=BTC price=17156.7982 topic=prices 
2026-05-13T03:46:52.560 [INFO] requestId:[                                    ] thread:[scheduling-1             ] c.s.testHibernate.logging.LoggingAspect.logExecution@33:
   Exiting com.saber.testHibernate.service.PriceSimulatorService.generatePrice | executionTime=2 ms 
2026-05-13T03:47:52.557 [INFO] requestId:[                                    ] thread:[scheduling-1             ] c.s.testHibernate.logging.LoggingAspect.logExecution@28:
   Entering com.saber.testHibernate.service.PriceSimulatorService.generatePrice with args=[] 
2026-05-13T03:47:52.558 [INFO] requestId:[                                    ] thread:[scheduling-1             ] c.s.t.service.PriceSimulatorService.generatePrice@55:
   Price event sent | symbol=BTC price=17735.0834 topic=prices 
2026-05-13T03:47:52.559 [INFO] requestId:[                                    ] thread:[scheduling-1             ] c.s.testHibernate.logging.LoggingAspect.logExecution@33:
   Exiting com.saber.testHibernate.service.PriceSimulatorService.generatePrice | executionTime=2 ms 
2026-05-13T03:48:52.551 [INFO] requestId:[                                    ] thread:[scheduling-1             ] c.s.testHibernate.logging.LoggingAspect.logExecution@28:
   Entering com.saber.testHibernate.service.PriceSimulatorService.generatePrice with args=[] 
2026-05-13T03:48:52.553 [INFO] requestId:[                                    ] thread:[scheduling-1             ] c.s.t.service.PriceSimulatorService.generatePrice@55:
   Price event sent | symbol=ETH price=2843.6295 topic=prices 
2026-05-13T03:48:52.554 [INFO] requestId:[                                    ] thread:[scheduling-1             ] c.s.testHibernate.logging.LoggingAspect.logExecution@33:
   Exiting com.saber.testHibernate.service.PriceSimulatorService.generatePrice | executionTime=3 ms 
2026-05-13T03:49:52.553 [INFO] requestId:[                                    ] thread:[scheduling-1             ] c.s.testHibernate.logging.LoggingAspect.logExecution@28:
   Entering com.saber.testHibernate.service.PriceSimulatorService.generatePrice with args=[] 
2026-05-13T03:49:52.555 [INFO] requestId:[                                    ] thread:[scheduling-1             ] c.s.t.service.PriceSimulatorService.generatePrice@55:
   Price event sent | symbol=AAPL price=104.0274 topic=prices 
2026-05-13T03:49:52.556 [INFO] requestId:[                                    ] thread:[scheduling-1             ] c.s.testHibernate.logging.LoggingAspect.logExecution@33:
   Exiting com.saber.testHibernate.service.PriceSimulatorService.generatePrice | executionTime=3 ms 
2026-05-13T03:50:52.558 [INFO] requestId:[                                    ] thread:[scheduling-1             ] c.s.testHibernate.logging.LoggingAspect.logExecution@28:
   Entering com.saber.testHibernate.service.PriceSimulatorService.generatePrice with args=[] 
2026-05-13T03:50:52.559 [INFO] requestId:[                                    ] thread:[scheduling-1             ] c.s.t.service.PriceSimulatorService.generatePrice@55:
   Price event sent | symbol=ETH price=2843.4672 topic=prices 
2026-05-13T03:50:52.559 [INFO] requestId:[                                    ] thread:[scheduling-1             ] c.s.testHibernate.logging.LoggingAspect.logExecution@33:
   Exiting com.saber.testHibernate.service.PriceSimulatorService.generatePrice | executionTime=1 ms 
2026-05-13T03:51:52.571 [INFO] requestId:[                                    ] thread:[scheduling-1             ] c.s.testHibernate.logging.LoggingAspect.logExecution@28:
   Entering com.saber.testHibernate.service.PriceSimulatorService.generatePrice with args=[] 
2026-05-13T03:51:52.572 [INFO] requestId:[                                    ] thread:[scheduling-1             ] c.s.t.service.PriceSimulatorService.generatePrice@55:
   Price event sent | symbol=AAPL price=95.8738 topic=prices 
2026-05-13T03:51:52.572 [INFO] requestId:[                                    ] thread:[scheduling-1             ] c.s.testHibernate.logging.LoggingAspect.logExecution@33:
   Exiting com.saber.testHibernate.service.PriceSimulatorService.generatePrice | executionTime=1 ms 
2026-05-13T03:52:52.563 [INFO] requestId:[                                    ] thread:[scheduling-1             ] c.s.testHibernate.logging.LoggingAspect.logExecution@28:
   Entering com.saber.testHibernate.service.PriceSimulatorService.generatePrice with args=[] 
2026-05-13T03:52:52.565 [INFO] requestId:[                                    ] thread:[scheduling-1             ] c.s.t.service.PriceSimulatorService.generatePrice@55:
   Price event sent | symbol=ETH price=2758.9621 topic=prices 
2026-05-13T03:52:52.565 [INFO] requestId:[                                    ] thread:[scheduling-1             ] c.s.testHibernate.logging.LoggingAspect.logExecution@33:
   Exiting com.saber.testHibernate.service.PriceSimulatorService.generatePrice | executionTime=2 ms 
2026-05-13T03:53:52.564 [INFO] requestId:[                                    ] thread:[scheduling-1             ] c.s.testHibernate.logging.LoggingAspect.logExecution@28:
   Entering com.saber.testHibernate.service.PriceSimulatorService.generatePrice with args=[] 
2026-05-13T03:53:52.565 [INFO] requestId:[                                    ] thread:[scheduling-1             ] c.s.t.service.PriceSimulatorService.generatePrice@55:
   Price event sent | symbol=AAPL price=86.9463 topic=prices 
2026-05-13T03:53:52.565 [INFO] requestId:[                                    ] thread:[scheduling-1             ] c.s.testHibernate.logging.LoggingAspect.logExecution@33:
   Exiting com.saber.testHibernate.service.PriceSimulatorService.generatePrice | executionTime=1 ms 
2026-05-13T03:54:52.564 [INFO] requestId:[                                    ] thread:[scheduling-1             ] c.s.testHibernate.logging.LoggingAspect.logExecution@28:
   Entering com.saber.testHibernate.service.PriceSimulatorService.generatePrice with args=[] 
2026-05-13T03:54:52.565 [INFO] requestId:[                                    ] thread:[scheduling-1             ] c.s.t.service.PriceSimulatorService.generatePrice@55:
   Price event sent | symbol=BTC price=19466.9673 topic=prices 
2026-05-13T03:54:52.565 [INFO] requestId:[                                    ] thread:[scheduling-1             ] c.s.testHibernate.logging.LoggingAspect.logExecution@33:
   Exiting com.saber.testHibernate.service.PriceSimulatorService.generatePrice | executionTime=1 ms 
2026-05-13T03:55:52.569 [INFO] requestId:[                                    ] thread:[scheduling-1             ] c.s.testHibernate.logging.LoggingAspect.logExecution@28:
   Entering com.saber.testHibernate.service.PriceSimulatorService.generatePrice with args=[] 
2026-05-13T03:55:52.572 [INFO] requestId:[                                    ] thread:[scheduling-1             ] c.s.t.service.PriceSimulatorService.generatePrice@55:
   Price event sent | symbol=AAPL price=85.7117 topic=prices 
2026-05-13T03:55:52.572 [INFO] requestId:[                                    ] thread:[scheduling-1             ] c.s.testHibernate.logging.LoggingAspect.logExecution@33:
   Exiting com.saber.testHibernate.service.PriceSimulatorService.generatePrice | executionTime=3 ms 
2026-05-13T03:56:52.575 [INFO] requestId:[                                    ] thread:[scheduling-1             ] c.s.testHibernate.logging.LoggingAspect.logExecution@28:
   Entering com.saber.testHibernate.service.PriceSimulatorService.generatePrice with args=[] 
2026-05-13T03:56:52.577 [INFO] requestId:[                                    ] thread:[scheduling-1             ] c.s.t.service.PriceSimulatorService.generatePrice@55:
   Price event sent | symbol=GOOG price=32.3658 topic=prices 
2026-05-13T03:56:52.577 [INFO] requestId:[                                    ] thread:[scheduling-1             ] c.s.testHibernate.logging.LoggingAspect.logExecution@33:
   Exiting com.saber.testHibernate.service.PriceSimulatorService.generatePrice | executionTime=2 ms 
2026-05-13T03:57:52.569 [INFO] requestId:[                                    ] thread:[scheduling-1             ] c.s.testHibernate.logging.LoggingAspect.logExecution@28:
   Entering com.saber.testHibernate.service.PriceSimulatorService.generatePrice with args=[] 
2026-05-13T03:57:52.571 [INFO] requestId:[                                    ] thread:[scheduling-1             ] c.s.t.service.PriceSimulatorService.generatePrice@55:
   Price event sent | symbol=GOOG price=29.2950 topic=prices 
2026-05-13T03:57:52.571 [INFO] requestId:[                                    ] thread:[scheduling-1             ] c.s.testHibernate.logging.LoggingAspect.logExecution@33:
   Exiting com.saber.testHibernate.service.PriceSimulatorService.generatePrice | executionTime=2 ms 
2026-05-13T03:58:52.578 [INFO] requestId:[                                    ] thread:[scheduling-1             ] c.s.testHibernate.logging.LoggingAspect.logExecution@28:
   Entering com.saber.testHibernate.service.PriceSimulatorService.generatePrice with args=[] 
2026-05-13T03:58:52.579 [INFO] requestId:[                                    ] thread:[scheduling-1             ] c.s.t.service.PriceSimulatorService.generatePrice@55:
   Price event sent | symbol=BTC price=19371.2708 topic=prices 
2026-05-13T03:58:52.579 [INFO] requestId:[                                    ] thread:[scheduling-1             ] c.s.testHibernate.logging.LoggingAspect.logExecution@33:
   Exiting com.saber.testHibernate.service.PriceSimulatorService.generatePrice | executionTime=1 ms 
2026-05-13T03:59:52.585 [INFO] requestId:[                                    ] thread:[scheduling-1             ] c.s.testHibernate.logging.LoggingAspect.logExecution@28:
   Entering com.saber.testHibernate.service.PriceSimulatorService.generatePrice with args=[] 
2026-05-13T03:59:52.587 [INFO] requestId:[                                    ] thread:[scheduling-1             ] c.s.t.service.PriceSimulatorService.generatePrice@55:
   Price event sent | symbol=GOOG price=26.8174 topic=prices 
2026-05-13T03:59:52.587 [INFO] requestId:[                                    ] thread:[scheduling-1             ] c.s.testHibernate.logging.LoggingAspect.logExecution@33:
   Exiting com.saber.testHibernate.service.PriceSimulatorService.generatePrice | executionTime=2 ms 
2026-05-13T04:00:52.582 [INFO] requestId:[                                    ] thread:[scheduling-1             ] c.s.testHibernate.logging.LoggingAspect.logExecution@28:
   Entering com.saber.testHibernate.service.PriceSimulatorService.generatePrice with args=[] 
2026-05-13T04:00:52.584 [INFO] requestId:[                                    ] thread:[scheduling-1             ] c.s.t.service.PriceSimulatorService.generatePrice@55:
   Price event sent | symbol=GOOG price=27.0136 topic=prices 
2026-05-13T04:00:52.585 [INFO] requestId:[                                    ] thread:[scheduling-1             ] c.s.testHibernate.logging.LoggingAspect.logExecution@33:
   Exiting com.saber.testHibernate.service.PriceSimulatorService.generatePrice | executionTime=3 ms 
2026-05-13T04:01:52.586 [INFO] requestId:[                                    ] thread:[scheduling-1             ] c.s.testHibernate.logging.LoggingAspect.logExecution@28:
   Entering com.saber.testHibernate.service.PriceSimulatorService.generatePrice with args=[] 
2026-05-13T04:01:52.588 [INFO] requestId:[                                    ] thread:[scheduling-1             ] c.s.t.service.PriceSimulatorService.generatePrice@55:
   Price event sent | symbol=GOOG price=25.1554 topic=prices 
2026-05-13T04:01:52.588 [INFO] requestId:[                                    ] thread:[scheduling-1             ] c.s.testHibernate.logging.LoggingAspect.logExecution@33:
   Exiting com.saber.testHibernate.service.PriceSimulatorService.generatePrice | executionTime=2 ms 
2026-05-13T04:02:52.580 [INFO] requestId:[                                    ] thread:[scheduling-1             ] c.s.testHibernate.logging.LoggingAspect.logExecution@28:
   Entering com.saber.testHibernate.service.PriceSimulatorService.generatePrice with args=[] 
2026-05-13T04:02:52.582 [INFO] requestId:[                                    ] thread:[scheduling-1             ] c.s.t.service.PriceSimulatorService.generatePrice@55:
   Price event sent | symbol=GOOG price=25.3217 topic=prices 
2026-05-13T04:02:52.582 [INFO] requestId:[                                    ] thread:[scheduling-1             ] c.s.testHibernate.logging.LoggingAspect.logExecution@33:
   Exiting com.saber.testHibernate.service.PriceSimulatorService.generatePrice | executionTime=2 ms 
2026-05-13T04:03:52.588 [INFO] requestId:[                                    ] thread:[scheduling-1             ] c.s.testHibernate.logging.LoggingAspect.logExecution@28:
   Entering com.saber.testHibernate.service.PriceSimulatorService.generatePrice with args=[] 
2026-05-13T04:03:52.591 [INFO] requestId:[                                    ] thread:[scheduling-1             ] c.s.t.service.PriceSimulatorService.generatePrice@55:
   Price event sent | symbol=AAPL price=81.0775 topic=prices 
2026-05-13T04:03:52.591 [INFO] requestId:[                                    ] thread:[scheduling-1             ] c.s.testHibernate.logging.LoggingAspect.logExecution@33:
   Exiting com.saber.testHibernate.service.PriceSimulatorService.generatePrice | executionTime=3 ms 
2026-05-13T04:04:52.584 [INFO] requestId:[                                    ] thread:[scheduling-1             ] c.s.testHibernate.logging.LoggingAspect.logExecution@28:
   Entering com.saber.testHibernate.service.PriceSimulatorService.generatePrice with args=[] 
2026-05-13T04:04:52.585 [INFO] requestId:[                                    ] thread:[scheduling-1             ] c.s.t.service.PriceSimulatorService.generatePrice@55:
   Price event sent | symbol=GOOG price=27.0763 topic=prices 
2026-05-13T04:04:52.585 [INFO] requestId:[                                    ] thread:[scheduling-1             ] c.s.testHibernate.logging.LoggingAspect.logExecution@33:
   Exiting com.saber.testHibernate.service.PriceSimulatorService.generatePrice | executionTime=1 ms 
2026-05-13T04:05:52.588 [INFO] requestId:[                                    ] thread:[scheduling-1             ] c.s.testHibernate.logging.LoggingAspect.logExecution@28:
   Entering com.saber.testHibernate.service.PriceSimulatorService.generatePrice with args=[] 
2026-05-13T04:05:52.589 [INFO] requestId:[                                    ] thread:[scheduling-1             ] c.s.t.service.PriceSimulatorService.generatePrice@55:
   Price event sent | symbol=BTC price=18238.9642 topic=prices 
2026-05-13T04:05:52.590 [INFO] requestId:[                                    ] thread:[scheduling-1             ] c.s.testHibernate.logging.LoggingAspect.logExecution@33:
   Exiting com.saber.testHibernate.service.PriceSimulatorService.generatePrice | executionTime=2 ms 
2026-05-13T04:06:52.593 [INFO] requestId:[                                    ] thread:[scheduling-1             ] c.s.testHibernate.logging.LoggingAspect.logExecution@28:
   Entering com.saber.testHibernate.service.PriceSimulatorService.generatePrice with args=[] 
2026-05-13T04:06:52.594 [INFO] requestId:[                                    ] thread:[scheduling-1             ] c.s.t.service.PriceSimulatorService.generatePrice@55:
   Price event sent | symbol=ETH price=2919.0010 topic=prices 
2026-05-13T04:06:52.595 [INFO] requestId:[                                    ] thread:[scheduling-1             ] c.s.testHibernate.logging.LoggingAspect.logExecution@33:
   Exiting com.saber.testHibernate.service.PriceSimulatorService.generatePrice | executionTime=2 ms 
2026-05-13T04:07:52.592 [INFO] requestId:[                                    ] thread:[scheduling-1             ] c.s.testHibernate.logging.LoggingAspect.logExecution@28:
   Entering com.saber.testHibernate.service.PriceSimulatorService.generatePrice with args=[] 
2026-05-13T04:07:52.593 [INFO] requestId:[                                    ] thread:[scheduling-1             ] c.s.t.service.PriceSimulatorService.generatePrice@55:
   Price event sent | symbol=GOOG price=27.4980 topic=prices 
2026-05-13T04:07:52.594 [INFO] requestId:[                                    ] thread:[scheduling-1             ] c.s.testHibernate.logging.LoggingAspect.logExecution@33:
   Exiting com.saber.testHibernate.service.PriceSimulatorService.generatePrice | executionTime=2 ms 
2026-05-13T04:08:52.604 [INFO] requestId:[                                    ] thread:[scheduling-1             ] c.s.testHibernate.logging.LoggingAspect.logExecution@28:
   Entering com.saber.testHibernate.service.PriceSimulatorService.generatePrice with args=[] 
2026-05-13T04:08:52.606 [INFO] requestId:[                                    ] thread:[scheduling-1             ] c.s.t.service.PriceSimulatorService.generatePrice@55:
   Price event sent | symbol=AAPL price=74.5456 topic=prices 
2026-05-13T04:08:52.606 [INFO] requestId:[                                    ] thread:[scheduling-1             ] c.s.testHibernate.logging.LoggingAspect.logExecution@33:
   Exiting com.saber.testHibernate.service.PriceSimulatorService.generatePrice | executionTime=2 ms 
2026-05-13T04:09:52.601 [INFO] requestId:[                                    ] thread:[scheduling-1             ] c.s.testHibernate.logging.LoggingAspect.logExecution@28:
   Entering com.saber.testHibernate.service.PriceSimulatorService.generatePrice with args=[] 
2026-05-13T04:09:52.602 [INFO] requestId:[                                    ] thread:[scheduling-1             ] c.s.t.service.PriceSimulatorService.generatePrice@55:
   Price event sent | symbol=ETH price=2934.5465 topic=prices 
2026-05-13T04:09:52.602 [INFO] requestId:[                                    ] thread:[scheduling-1             ] c.s.testHibernate.logging.LoggingAspect.logExecution@33:
   Exiting com.saber.testHibernate.service.PriceSimulatorService.generatePrice | executionTime=1 ms 
2026-05-13T04:10:52.604 [INFO] requestId:[                                    ] thread:[scheduling-1             ] c.s.testHibernate.logging.LoggingAspect.logExecution@28:
   Entering com.saber.testHibernate.service.PriceSimulatorService.generatePrice with args=[] 
2026-05-13T04:10:52.607 [INFO] requestId:[                                    ] thread:[scheduling-1             ] c.s.t.service.PriceSimulatorService.generatePrice@55:
   Price event sent | symbol=ETH price=2885.8366 topic=prices 
2026-05-13T04:10:52.607 [INFO] requestId:[                                    ] thread:[scheduling-1             ] c.s.testHibernate.logging.LoggingAspect.logExecution@33:
   Exiting com.saber.testHibernate.service.PriceSimulatorService.generatePrice | executionTime=3 ms 
2026-05-13T04:11:52.606 [INFO] requestId:[                                    ] thread:[scheduling-1             ] c.s.testHibernate.logging.LoggingAspect.logExecution@28:
   Entering com.saber.testHibernate.service.PriceSimulatorService.generatePrice with args=[] 
2026-05-13T04:11:52.609 [INFO] requestId:[                                    ] thread:[scheduling-1             ] c.s.t.service.PriceSimulatorService.generatePrice@55:
   Price event sent | symbol=GOOG price=29.5171 topic=prices 
2026-05-13T04:11:52.609 [INFO] requestId:[                                    ] thread:[scheduling-1             ] c.s.testHibernate.logging.LoggingAspect.logExecution@33:
   Exiting com.saber.testHibernate.service.PriceSimulatorService.generatePrice | executionTime=3 ms 
2026-05-13T04:12:52.608 [INFO] requestId:[                                    ] thread:[scheduling-1             ] c.s.testHibernate.logging.LoggingAspect.logExecution@28:
   Entering com.saber.testHibernate.service.PriceSimulatorService.generatePrice with args=[] 
2026-05-13T04:12:52.610 [INFO] requestId:[                                    ] thread:[scheduling-1             ] c.s.t.service.PriceSimulatorService.generatePrice@55:
   Price event sent | symbol=AAPL price=81.8559 topic=prices 
2026-05-13T04:12:52.610 [INFO] requestId:[                                    ] thread:[scheduling-1             ] c.s.testHibernate.logging.LoggingAspect.logExecution@33:
   Exiting com.saber.testHibernate.service.PriceSimulatorService.generatePrice | executionTime=2 ms 
2026-05-13T04:13:52.612 [INFO] requestId:[                                    ] thread:[scheduling-1             ] c.s.testHibernate.logging.LoggingAspect.logExecution@28:
   Entering com.saber.testHibernate.service.PriceSimulatorService.generatePrice with args=[] 
2026-05-13T04:13:52.614 [INFO] requestId:[                                    ] thread:[scheduling-1             ] c.s.t.service.PriceSimulatorService.generatePrice@55:
   Price event sent | symbol=GOOG price=30.1026 topic=prices 
2026-05-13T04:13:52.615 [INFO] requestId:[                                    ] thread:[scheduling-1             ] c.s.testHibernate.logging.LoggingAspect.logExecution@33:
   Exiting com.saber.testHibernate.service.PriceSimulatorService.generatePrice | executionTime=3 ms 
2026-05-13T04:14:52.609 [INFO] requestId:[                                    ] thread:[scheduling-1             ] c.s.testHibernate.logging.LoggingAspect.logExecution@28:
   Entering com.saber.testHibernate.service.PriceSimulatorService.generatePrice with args=[] 
2026-05-13T04:14:52.611 [INFO] requestId:[                                    ] thread:[scheduling-1             ] c.s.t.service.PriceSimulatorService.generatePrice@55:
   Price event sent | symbol=AAPL price=87.3560 topic=prices 
2026-05-13T04:14:52.611 [INFO] requestId:[                                    ] thread:[scheduling-1             ] c.s.testHibernate.logging.LoggingAspect.logExecution@33:
   Exiting com.saber.testHibernate.service.PriceSimulatorService.generatePrice | executionTime=2 ms 
2026-05-13T04:15:52.605 [INFO] requestId:[                                    ] thread:[scheduling-1             ] c.s.testHibernate.logging.LoggingAspect.logExecution@28:
   Entering com.saber.testHibernate.service.PriceSimulatorService.generatePrice with args=[] 
2026-05-13T04:15:52.607 [INFO] requestId:[                                    ] thread:[scheduling-1             ] c.s.t.service.PriceSimulatorService.generatePrice@55:
   Price event sent | symbol=AAPL price=95.7556 topic=prices 
2026-05-13T04:15:52.609 [INFO] requestId:[                                    ] thread:[scheduling-1             ] c.s.testHibernate.logging.LoggingAspect.logExecution@33:
   Exiting com.saber.testHibernate.service.PriceSimulatorService.generatePrice | executionTime=4 ms 
2026-05-13T04:16:52.619 [INFO] requestId:[                                    ] thread:[scheduling-1             ] c.s.testHibernate.logging.LoggingAspect.logExecution@28:
   Entering com.saber.testHibernate.service.PriceSimulatorService.generatePrice with args=[] 
2026-05-13T04:16:52.621 [INFO] requestId:[                                    ] thread:[scheduling-1             ] c.s.t.service.PriceSimulatorService.generatePrice@55:
   Price event sent | symbol=BTC price=17196.2795 topic=prices 
2026-05-13T04:16:52.622 [INFO] requestId:[                                    ] thread:[scheduling-1             ] c.s.testHibernate.logging.LoggingAspect.logExecution@33:
   Exiting com.saber.testHibernate.service.PriceSimulatorService.generatePrice | executionTime=3 ms 
2026-05-13T04:17:52.616 [INFO] requestId:[                                    ] thread:[scheduling-1             ] c.s.testHibernate.logging.LoggingAspect.logExecution@28:
   Entering com.saber.testHibernate.service.PriceSimulatorService.generatePrice with args=[] 
2026-05-13T04:17:52.618 [INFO] requestId:[                                    ] thread:[scheduling-1             ] c.s.t.service.PriceSimulatorService.generatePrice@55:
   Price event sent | symbol=GOOG price=28.8092 topic=prices 
2026-05-13T04:17:52.619 [INFO] requestId:[                                    ] thread:[scheduling-1             ] c.s.testHibernate.logging.LoggingAspect.logExecution@33:
   Exiting com.saber.testHibernate.service.PriceSimulatorService.generatePrice | executionTime=3 ms 
2026-05-13T04:18:52.625 [INFO] requestId:[                                    ] thread:[scheduling-1             ] c.s.testHibernate.logging.LoggingAspect.logExecution@28:
   Entering com.saber.testHibernate.service.PriceSimulatorService.generatePrice with args=[] 
2026-05-13T04:18:52.627 [INFO] requestId:[                                    ] thread:[scheduling-1             ] c.s.t.service.PriceSimulatorService.generatePrice@55:
   Price event sent | symbol=BTC price=16836.1850 topic=prices 
2026-05-13T04:18:52.628 [INFO] requestId:[                                    ] thread:[scheduling-1             ] c.s.testHibernate.logging.LoggingAspect.logExecution@33:
   Exiting com.saber.testHibernate.service.PriceSimulatorService.generatePrice | executionTime=3 ms 
2026-05-13T04:19:52.623 [INFO] requestId:[                                    ] thread:[scheduling-1             ] c.s.testHibernate.logging.LoggingAspect.logExecution@28:
   Entering com.saber.testHibernate.service.PriceSimulatorService.generatePrice with args=[] 
2026-05-13T04:19:52.625 [INFO] requestId:[                                    ] thread:[scheduling-1             ] c.s.t.service.PriceSimulatorService.generatePrice@55:
   Price event sent | symbol=ETH price=2604.8521 topic=prices 
2026-05-13T04:19:52.625 [INFO] requestId:[                                    ] thread:[scheduling-1             ] c.s.testHibernate.logging.LoggingAspect.logExecution@33:
   Exiting com.saber.testHibernate.service.PriceSimulatorService.generatePrice | executionTime=2 ms 
2026-05-13T04:20:52.615 [INFO] requestId:[                                    ] thread:[scheduling-1             ] c.s.testHibernate.logging.LoggingAspect.logExecution@28:
   Entering com.saber.testHibernate.service.PriceSimulatorService.generatePrice with args=[] 
2026-05-13T04:20:52.616 [INFO] requestId:[                                    ] thread:[scheduling-1             ] c.s.t.service.PriceSimulatorService.generatePrice@55:
   Price event sent | symbol=AAPL price=91.0326 topic=prices 
2026-05-13T04:20:52.617 [INFO] requestId:[                                    ] thread:[scheduling-1             ] c.s.testHibernate.logging.LoggingAspect.logExecution@33:
   Exiting com.saber.testHibernate.service.PriceSimulatorService.generatePrice | executionTime=2 ms 
2026-05-13T04:21:52.620 [INFO] requestId:[                                    ] thread:[scheduling-1             ] c.s.testHibernate.logging.LoggingAspect.logExecution@28:
   Entering com.saber.testHibernate.service.PriceSimulatorService.generatePrice with args=[] 
2026-05-13T04:21:52.622 [INFO] requestId:[                                    ] thread:[scheduling-1             ] c.s.t.service.PriceSimulatorService.generatePrice@55:
   Price event sent | symbol=GOOG price=27.9315 topic=prices 
2026-05-13T04:21:52.623 [INFO] requestId:[                                    ] thread:[scheduling-1             ] c.s.testHibernate.logging.LoggingAspect.logExecution@33:
   Exiting com.saber.testHibernate.service.PriceSimulatorService.generatePrice | executionTime=3 ms 
2026-05-13T04:22:52.632 [INFO] requestId:[                                    ] thread:[scheduling-1             ] c.s.testHibernate.logging.LoggingAspect.logExecution@28:
   Entering com.saber.testHibernate.service.PriceSimulatorService.generatePrice with args=[] 
2026-05-13T04:22:52.634 [INFO] requestId:[                                    ] thread:[scheduling-1             ] c.s.t.service.PriceSimulatorService.generatePrice@55:
   Price event sent | symbol=AAPL price=92.6887 topic=prices 
2026-05-13T04:22:52.635 [INFO] requestId:[                                    ] thread:[scheduling-1             ] c.s.testHibernate.logging.LoggingAspect.logExecution@33:
   Exiting com.saber.testHibernate.service.PriceSimulatorService.generatePrice | executionTime=3 ms 
2026-05-13T04:23:52.631 [INFO] requestId:[                                    ] thread:[scheduling-1             ] c.s.testHibernate.logging.LoggingAspect.logExecution@28:
   Entering com.saber.testHibernate.service.PriceSimulatorService.generatePrice with args=[] 
2026-05-13T04:23:52.634 [INFO] requestId:[                                    ] thread:[scheduling-1             ] c.s.t.service.PriceSimulatorService.generatePrice@55:
   Price event sent | symbol=GOOG price=27.9572 topic=prices 
2026-05-13T04:23:52.635 [INFO] requestId:[                                    ] thread:[scheduling-1             ] c.s.testHibernate.logging.LoggingAspect.logExecution@33:
   Exiting com.saber.testHibernate.service.PriceSimulatorService.generatePrice | executionTime=4 ms 
2026-05-13T04:24:52.625 [INFO] requestId:[                                    ] thread:[scheduling-1             ] c.s.testHibernate.logging.LoggingAspect.logExecution@28:
   Entering com.saber.testHibernate.service.PriceSimulatorService.generatePrice with args=[] 
2026-05-13T04:24:52.626 [INFO] requestId:[                                    ] thread:[scheduling-1             ] c.s.t.service.PriceSimulatorService.generatePrice@55:
   Price event sent | symbol=GOOG price=26.0611 topic=prices 
2026-05-13T04:24:52.627 [INFO] requestId:[                                    ] thread:[scheduling-1             ] c.s.testHibernate.logging.LoggingAspect.logExecution@33:
   Exiting com.saber.testHibernate.service.PriceSimulatorService.generatePrice | executionTime=2 ms 
2026-05-13T04:25:52.627 [INFO] requestId:[                                    ] thread:[scheduling-1             ] c.s.testHibernate.logging.LoggingAspect.logExecution@28:
   Entering com.saber.testHibernate.service.PriceSimulatorService.generatePrice with args=[] 
2026-05-13T04:25:52.630 [INFO] requestId:[                                    ] thread:[scheduling-1             ] c.s.t.service.PriceSimulatorService.generatePrice@55:
   Price event sent | symbol=GOOG price=25.9239 topic=prices 
2026-05-13T04:25:52.631 [INFO] requestId:[                                    ] thread:[scheduling-1             ] c.s.testHibernate.logging.LoggingAspect.logExecution@33:
   Exiting com.saber.testHibernate.service.PriceSimulatorService.generatePrice | executionTime=4 ms 
2026-05-13T04:26:52.634 [INFO] requestId:[                                    ] thread:[scheduling-1             ] c.s.testHibernate.logging.LoggingAspect.logExecution@28:
   Entering com.saber.testHibernate.service.PriceSimulatorService.generatePrice with args=[] 
2026-05-13T04:26:52.636 [INFO] requestId:[                                    ] thread:[scheduling-1             ] c.s.t.service.PriceSimulatorService.generatePrice@55:
   Price event sent | symbol=AAPL price=95.0108 topic=prices 
2026-05-13T04:26:52.636 [INFO] requestId:[                                    ] thread:[scheduling-1             ] c.s.testHibernate.logging.LoggingAspect.logExecution@33:
   Exiting com.saber.testHibernate.service.PriceSimulatorService.generatePrice | executionTime=2 ms 
2026-05-13T04:27:52.633 [INFO] requestId:[                                    ] thread:[scheduling-1             ] c.s.testHibernate.logging.LoggingAspect.logExecution@28:
   Entering com.saber.testHibernate.service.PriceSimulatorService.generatePrice with args=[] 
2026-05-13T04:27:52.635 [INFO] requestId:[                                    ] thread:[scheduling-1             ] c.s.t.service.PriceSimulatorService.generatePrice@55:
   Price event sent | symbol=GOOG price=27.0221 topic=prices 
2026-05-13T04:27:52.635 [INFO] requestId:[                                    ] thread:[scheduling-1             ] c.s.testHibernate.logging.LoggingAspect.logExecution@33:
   Exiting com.saber.testHibernate.service.PriceSimulatorService.generatePrice | executionTime=2 ms 
2026-05-13T04:28:52.628 [INFO] requestId:[                                    ] thread:[scheduling-1             ] c.s.testHibernate.logging.LoggingAspect.logExecution@28:
   Entering com.saber.testHibernate.service.PriceSimulatorService.generatePrice with args=[] 
2026-05-13T04:28:52.630 [INFO] requestId:[                                    ] thread:[scheduling-1             ] c.s.t.service.PriceSimulatorService.generatePrice@55:
   Price event sent | symbol=ETH price=2616.8417 topic=prices 
2026-05-13T04:28:52.631 [INFO] requestId:[                                    ] thread:[scheduling-1             ] c.s.testHibernate.logging.LoggingAspect.logExecution@33:
   Exiting com.saber.testHibernate.service.PriceSimulatorService.generatePrice | executionTime=3 ms 
2026-05-13T04:29:52.640 [INFO] requestId:[                                    ] thread:[scheduling-1             ] c.s.testHibernate.logging.LoggingAspect.logExecution@28:
   Entering com.saber.testHibernate.service.PriceSimulatorService.generatePrice with args=[] 
2026-05-13T04:29:52.642 [INFO] requestId:[                                    ] thread:[scheduling-1             ] c.s.t.service.PriceSimulatorService.generatePrice@55:
   Price event sent | symbol=ETH price=2390.2930 topic=prices 
2026-05-13T04:29:52.644 [INFO] requestId:[                                    ] thread:[scheduling-1             ] c.s.testHibernate.logging.LoggingAspect.logExecution@33:
   Exiting com.saber.testHibernate.service.PriceSimulatorService.generatePrice | executionTime=4 ms 
2026-05-13T04:30:52.642 [INFO] requestId:[                                    ] thread:[scheduling-1             ] c.s.testHibernate.logging.LoggingAspect.logExecution@28:
   Entering com.saber.testHibernate.service.PriceSimulatorService.generatePrice with args=[] 
2026-05-13T04:30:52.645 [INFO] requestId:[                                    ] thread:[scheduling-1             ] c.s.t.service.PriceSimulatorService.generatePrice@55:
   Price event sent | symbol=ETH price=2281.6445 topic=prices 
2026-05-13T04:30:52.646 [INFO] requestId:[                                    ] thread:[scheduling-1             ] c.s.testHibernate.logging.LoggingAspect.logExecution@33:
   Exiting com.saber.testHibernate.service.PriceSimulatorService.generatePrice | executionTime=4 ms 
2026-05-13T04:31:52.639 [INFO] requestId:[                                    ] thread:[scheduling-1             ] c.s.testHibernate.logging.LoggingAspect.logExecution@28:
   Entering com.saber.testHibernate.service.PriceSimulatorService.generatePrice with args=[] 
2026-05-13T04:31:52.641 [INFO] requestId:[                                    ] thread:[scheduling-1             ] c.s.t.service.PriceSimulatorService.generatePrice@55:
   Price event sent | symbol=GOOG price=24.9387 topic=prices 
2026-05-13T04:31:52.641 [INFO] requestId:[                                    ] thread:[scheduling-1             ] c.s.testHibernate.logging.LoggingAspect.logExecution@33:
   Exiting com.saber.testHibernate.service.PriceSimulatorService.generatePrice | executionTime=2 ms 
2026-05-13T04:32:52.645 [INFO] requestId:[                                    ] thread:[scheduling-1             ] c.s.testHibernate.logging.LoggingAspect.logExecution@28:
   Entering com.saber.testHibernate.service.PriceSimulatorService.generatePrice with args=[] 
2026-05-13T04:32:52.647 [INFO] requestId:[                                    ] thread:[scheduling-1             ] c.s.t.service.PriceSimulatorService.generatePrice@55:
   Price event sent | symbol=GOOG price=25.9731 topic=prices 
2026-05-13T04:32:52.648 [INFO] requestId:[                                    ] thread:[scheduling-1             ] c.s.testHibernate.logging.LoggingAspect.logExecution@33:
   Exiting com.saber.testHibernate.service.PriceSimulatorService.generatePrice | executionTime=3 ms 
2026-05-13T04:33:52.643 [INFO] requestId:[                                    ] thread:[scheduling-1             ] c.s.testHibernate.logging.LoggingAspect.logExecution@28:
   Entering com.saber.testHibernate.service.PriceSimulatorService.generatePrice with args=[] 
2026-05-13T04:33:52.645 [INFO] requestId:[                                    ] thread:[scheduling-1             ] c.s.t.service.PriceSimulatorService.generatePrice@55:
   Price event sent | symbol=ETH price=2145.8583 topic=prices 
2026-05-13T04:33:52.646 [INFO] requestId:[                                    ] thread:[scheduling-1             ] c.s.testHibernate.logging.LoggingAspect.logExecution@33:
   Exiting com.saber.testHibernate.service.PriceSimulatorService.generatePrice | executionTime=3 ms 
2026-05-13T04:34:52.648 [INFO] requestId:[                                    ] thread:[scheduling-1             ] c.s.testHibernate.logging.LoggingAspect.logExecution@28:
   Entering com.saber.testHibernate.service.PriceSimulatorService.generatePrice with args=[] 
2026-05-13T04:34:52.649 [INFO] requestId:[                                    ] thread:[scheduling-1             ] c.s.t.service.PriceSimulatorService.generatePrice@55:
   Price event sent | symbol=GOOG price=24.9766 topic=prices 
2026-05-13T04:34:52.649 [INFO] requestId:[                                    ] thread:[scheduling-1             ] c.s.testHibernate.logging.LoggingAspect.logExecution@33:
   Exiting com.saber.testHibernate.service.PriceSimulatorService.generatePrice | executionTime=1 ms 
2026-05-13T04:35:52.642 [INFO] requestId:[                                    ] thread:[scheduling-1             ] c.s.testHibernate.logging.LoggingAspect.logExecution@28:
   Entering com.saber.testHibernate.service.PriceSimulatorService.generatePrice with args=[] 
2026-05-13T04:35:52.644 [INFO] requestId:[                                    ] thread:[scheduling-1             ] c.s.t.service.PriceSimulatorService.generatePrice@55:
   Price event sent | symbol=AAPL price=103.2735 topic=prices 
2026-05-13T04:35:52.646 [INFO] requestId:[                                    ] thread:[scheduling-1             ] c.s.testHibernate.logging.LoggingAspect.logExecution@33:
   Exiting com.saber.testHibernate.service.PriceSimulatorService.generatePrice | executionTime=4 ms 
2026-05-13T04:36:52.641 [INFO] requestId:[                                    ] thread:[scheduling-1             ] c.s.testHibernate.logging.LoggingAspect.logExecution@28:
   Entering com.saber.testHibernate.service.PriceSimulatorService.generatePrice with args=[] 
2026-05-13T04:36:52.643 [INFO] requestId:[                                    ] thread:[scheduling-1             ] c.s.t.service.PriceSimulatorService.generatePrice@55:
   Price event sent | symbol=GOOG price=24.7679 topic=prices 
2026-05-13T04:36:52.643 [INFO] requestId:[                                    ] thread:[scheduling-1             ] c.s.testHibernate.logging.LoggingAspect.logExecution@33:
   Exiting com.saber.testHibernate.service.PriceSimulatorService.generatePrice | executionTime=2 ms 
2026-05-13T04:37:52.653 [INFO] requestId:[                                    ] thread:[scheduling-1             ] c.s.testHibernate.logging.LoggingAspect.logExecution@28:
   Entering com.saber.testHibernate.service.PriceSimulatorService.generatePrice with args=[] 
2026-05-13T04:37:52.654 [INFO] requestId:[                                    ] thread:[scheduling-1             ] c.s.t.service.PriceSimulatorService.generatePrice@55:
   Price event sent | symbol=BTC price=17984.4929 topic=prices 
2026-05-13T04:37:52.655 [INFO] requestId:[                                    ] thread:[scheduling-1             ] c.s.testHibernate.logging.LoggingAspect.logExecution@33:
   Exiting com.saber.testHibernate.service.PriceSimulatorService.generatePrice | executionTime=2 ms 
2026-05-13T04:38:52.648 [INFO] requestId:[                                    ] thread:[scheduling-1             ] c.s.testHibernate.logging.LoggingAspect.logExecution@28:
   Entering com.saber.testHibernate.service.PriceSimulatorService.generatePrice with args=[] 
2026-05-13T04:38:52.651 [INFO] requestId:[                                    ] thread:[scheduling-1             ] c.s.t.service.PriceSimulatorService.generatePrice@55:
   Price event sent | symbol=GOOG price=22.7092 topic=prices 
2026-05-13T04:38:52.651 [INFO] requestId:[                                    ] thread:[scheduling-1             ] c.s.testHibernate.logging.LoggingAspect.logExecution@33:
   Exiting com.saber.testHibernate.service.PriceSimulatorService.generatePrice | executionTime=3 ms 
2026-05-13T04:39:52.650 [INFO] requestId:[                                    ] thread:[scheduling-1             ] c.s.testHibernate.logging.LoggingAspect.logExecution@28:
   Entering com.saber.testHibernate.service.PriceSimulatorService.generatePrice with args=[] 
2026-05-13T04:39:52.652 [INFO] requestId:[                                    ] thread:[scheduling-1             ] c.s.t.service.PriceSimulatorService.generatePrice@55:
   Price event sent | symbol=BTC price=16696.6711 topic=prices 
2026-05-13T04:39:52.653 [INFO] requestId:[                                    ] thread:[scheduling-1             ] c.s.testHibernate.logging.LoggingAspect.logExecution@33:
   Exiting com.saber.testHibernate.service.PriceSimulatorService.generatePrice | executionTime=3 ms 
2026-05-13T04:40:52.654 [INFO] requestId:[                                    ] thread:[scheduling-1             ] c.s.testHibernate.logging.LoggingAspect.logExecution@28:
   Entering com.saber.testHibernate.service.PriceSimulatorService.generatePrice with args=[] 
2026-05-13T04:40:52.656 [INFO] requestId:[                                    ] thread:[scheduling-1             ] c.s.t.service.PriceSimulatorService.generatePrice@55:
   Price event sent | symbol=AAPL price=101.8104 topic=prices 
2026-05-13T04:40:52.656 [INFO] requestId:[                                    ] thread:[scheduling-1             ] c.s.testHibernate.logging.LoggingAspect.logExecution@33:
   Exiting com.saber.testHibernate.service.PriceSimulatorService.generatePrice | executionTime=2 ms 
2026-05-13T04:41:52.657 [INFO] requestId:[                                    ] thread:[scheduling-1             ] c.s.testHibernate.logging.LoggingAspect.logExecution@28:
   Entering com.saber.testHibernate.service.PriceSimulatorService.generatePrice with args=[] 
2026-05-13T04:41:52.659 [INFO] requestId:[                                    ] thread:[scheduling-1             ] c.s.t.service.PriceSimulatorService.generatePrice@55:
   Price event sent | symbol=BTC price=17318.7124 topic=prices 
2026-05-13T04:41:52.659 [INFO] requestId:[                                    ] thread:[scheduling-1             ] c.s.testHibernate.logging.LoggingAspect.logExecution@33:
   Exiting com.saber.testHibernate.service.PriceSimulatorService.generatePrice | executionTime=2 ms 
2026-05-13T04:42:52.666 [INFO] requestId:[                                    ] thread:[scheduling-1             ] c.s.testHibernate.logging.LoggingAspect.logExecution@28:
   Entering com.saber.testHibernate.service.PriceSimulatorService.generatePrice with args=[] 
2026-05-13T04:42:52.668 [INFO] requestId:[                                    ] thread:[scheduling-1             ] c.s.t.service.PriceSimulatorService.generatePrice@55:
   Price event sent | symbol=ETH price=2022.0714 topic=prices 
2026-05-13T04:42:52.668 [INFO] requestId:[                                    ] thread:[scheduling-1             ] c.s.testHibernate.logging.LoggingAspect.logExecution@33:
   Exiting com.saber.testHibernate.service.PriceSimulatorService.generatePrice | executionTime=2 ms 
2026-05-13T04:43:52.653 [INFO] requestId:[                                    ] thread:[scheduling-1             ] c.s.testHibernate.logging.LoggingAspect.logExecution@28:
   Entering com.saber.testHibernate.service.PriceSimulatorService.generatePrice with args=[] 
2026-05-13T04:43:52.655 [INFO] requestId:[                                    ] thread:[scheduling-1             ] c.s.t.service.PriceSimulatorService.generatePrice@55:
   Price event sent | symbol=ETH price=2051.4259 topic=prices 
2026-05-13T04:43:52.655 [INFO] requestId:[                                    ] thread:[scheduling-1             ] c.s.testHibernate.logging.LoggingAspect.logExecution@33:
   Exiting com.saber.testHibernate.service.PriceSimulatorService.generatePrice | executionTime=2 ms 
2026-05-13T04:44:52.665 [INFO] requestId:[                                    ] thread:[scheduling-1             ] c.s.testHibernate.logging.LoggingAspect.logExecution@28:
   Entering com.saber.testHibernate.service.PriceSimulatorService.generatePrice with args=[] 
2026-05-13T04:44:52.667 [INFO] requestId:[                                    ] thread:[scheduling-1             ] c.s.t.service.PriceSimulatorService.generatePrice@55:
   Price event sent | symbol=AAPL price=100.1832 topic=prices 
2026-05-13T04:44:52.667 [INFO] requestId:[                                    ] thread:[scheduling-1             ] c.s.testHibernate.logging.LoggingAspect.logExecution@33:
   Exiting com.saber.testHibernate.service.PriceSimulatorService.generatePrice | executionTime=2 ms 
2026-05-13T04:45:52.666 [INFO] requestId:[                                    ] thread:[scheduling-1             ] c.s.testHibernate.logging.LoggingAspect.logExecution@28:
   Entering com.saber.testHibernate.service.PriceSimulatorService.generatePrice with args=[] 
2026-05-13T04:45:52.667 [INFO] requestId:[                                    ] thread:[scheduling-1             ] c.s.t.service.PriceSimulatorService.generatePrice@55:
   Price event sent | symbol=BTC price=17122.6842 topic=prices 
2026-05-13T04:45:52.668 [INFO] requestId:[                                    ] thread:[scheduling-1             ] c.s.testHibernate.logging.LoggingAspect.logExecution@33:
   Exiting com.saber.testHibernate.service.PriceSimulatorService.generatePrice | executionTime=2 ms 
2026-05-13T04:46:52.669 [INFO] requestId:[                                    ] thread:[scheduling-1             ] c.s.testHibernate.logging.LoggingAspect.logExecution@28:
   Entering com.saber.testHibernate.service.PriceSimulatorService.generatePrice with args=[] 
2026-05-13T04:46:52.671 [INFO] requestId:[                                    ] thread:[scheduling-1             ] c.s.t.service.PriceSimulatorService.generatePrice@55:
   Price event sent | symbol=BTC price=18726.2230 topic=prices 
2026-05-13T04:46:52.672 [INFO] requestId:[                                    ] thread:[scheduling-1             ] c.s.testHibernate.logging.LoggingAspect.logExecution@33:
   Exiting com.saber.testHibernate.service.PriceSimulatorService.generatePrice | executionTime=3 ms 
2026-05-13T04:47:52.665 [INFO] requestId:[                                    ] thread:[scheduling-1             ] c.s.testHibernate.logging.LoggingAspect.logExecution@28:
   Entering com.saber.testHibernate.service.PriceSimulatorService.generatePrice with args=[] 
2026-05-13T04:47:52.667 [INFO] requestId:[                                    ] thread:[scheduling-1             ] c.s.t.service.PriceSimulatorService.generatePrice@55:
   Price event sent | symbol=ETH price=2054.1332 topic=prices 
2026-05-13T04:47:52.667 [INFO] requestId:[                                    ] thread:[scheduling-1             ] c.s.testHibernate.logging.LoggingAspect.logExecution@33:
   Exiting com.saber.testHibernate.service.PriceSimulatorService.generatePrice | executionTime=2 ms 
2026-05-13T04:48:52.668 [INFO] requestId:[                                    ] thread:[scheduling-1             ] c.s.testHibernate.logging.LoggingAspect.logExecution@28:
   Entering com.saber.testHibernate.service.PriceSimulatorService.generatePrice with args=[] 
2026-05-13T04:48:52.670 [INFO] requestId:[                                    ] thread:[scheduling-1             ] c.s.t.service.PriceSimulatorService.generatePrice@55:
   Price event sent | symbol=ETH price=2233.5863 topic=prices 
2026-05-13T04:48:52.670 [INFO] requestId:[                                    ] thread:[scheduling-1             ] c.s.testHibernate.logging.LoggingAspect.logExecution@33:
   Exiting com.saber.testHibernate.service.PriceSimulatorService.generatePrice | executionTime=2 ms 
2026-05-13T04:49:52.673 [INFO] requestId:[                                    ] thread:[scheduling-1             ] c.s.testHibernate.logging.LoggingAspect.logExecution@28:
   Entering com.saber.testHibernate.service.PriceSimulatorService.generatePrice with args=[] 
2026-05-13T04:49:52.674 [INFO] requestId:[                                    ] thread:[scheduling-1             ] c.s.t.service.PriceSimulatorService.generatePrice@55:
   Price event sent | symbol=AAPL price=93.7485 topic=prices 
2026-05-13T04:49:52.674 [INFO] requestId:[                                    ] thread:[scheduling-1             ] c.s.testHibernate.logging.LoggingAspect.logExecution@33:
   Exiting com.saber.testHibernate.service.PriceSimulatorService.generatePrice | executionTime=1 ms 
2026-05-13T04:50:52.669 [INFO] requestId:[                                    ] thread:[scheduling-1             ] c.s.testHibernate.logging.LoggingAspect.logExecution@28:
   Entering com.saber.testHibernate.service.PriceSimulatorService.generatePrice with args=[] 
2026-05-13T04:50:52.671 [INFO] requestId:[                                    ] thread:[scheduling-1             ] c.s.t.service.PriceSimulatorService.generatePrice@55:
   Price event sent | symbol=BTC price=20210.2247 topic=prices 
2026-05-13T04:50:52.671 [INFO] requestId:[                                    ] thread:[scheduling-1             ] c.s.testHibernate.logging.LoggingAspect.logExecution@33:
   Exiting com.saber.testHibernate.service.PriceSimulatorService.generatePrice | executionTime=2 ms 
2026-05-13T04:51:52.677 [INFO] requestId:[                                    ] thread:[scheduling-1             ] c.s.testHibernate.logging.LoggingAspect.logExecution@28:
   Entering com.saber.testHibernate.service.PriceSimulatorService.generatePrice with args=[] 
2026-05-13T04:51:52.679 [INFO] requestId:[                                    ] thread:[scheduling-1             ] c.s.t.service.PriceSimulatorService.generatePrice@55:
   Price event sent | symbol=GOOG price=22.0753 topic=prices 
2026-05-13T04:51:52.679 [INFO] requestId:[                                    ] thread:[scheduling-1             ] c.s.testHibernate.logging.LoggingAspect.logExecution@33:
   Exiting com.saber.testHibernate.service.PriceSimulatorService.generatePrice | executionTime=2 ms 
2026-05-13T04:52:52.674 [INFO] requestId:[                                    ] thread:[scheduling-1             ] c.s.testHibernate.logging.LoggingAspect.logExecution@28:
   Entering com.saber.testHibernate.service.PriceSimulatorService.generatePrice with args=[] 
2026-05-13T04:52:52.676 [INFO] requestId:[                                    ] thread:[scheduling-1             ] c.s.t.service.PriceSimulatorService.generatePrice@55:
   Price event sent | symbol=GOOG price=21.7109 topic=prices 
2026-05-13T04:52:52.677 [INFO] requestId:[                                    ] thread:[scheduling-1             ] c.s.testHibernate.logging.LoggingAspect.logExecution@33:
   Exiting com.saber.testHibernate.service.PriceSimulatorService.generatePrice | executionTime=3 ms 
2026-05-13T04:53:52.673 [INFO] requestId:[                                    ] thread:[scheduling-1             ] c.s.testHibernate.logging.LoggingAspect.logExecution@28:
   Entering com.saber.testHibernate.service.PriceSimulatorService.generatePrice with args=[] 
2026-05-13T04:53:52.675 [INFO] requestId:[                                    ] thread:[scheduling-1             ] c.s.t.service.PriceSimulatorService.generatePrice@55:
   Price event sent | symbol=ETH price=2219.0150 topic=prices 
2026-05-13T04:53:52.675 [INFO] requestId:[                                    ] thread:[scheduling-1             ] c.s.testHibernate.logging.LoggingAspect.logExecution@33:
   Exiting com.saber.testHibernate.service.PriceSimulatorService.generatePrice | executionTime=2 ms 
2026-05-13T04:54:52.673 [INFO] requestId:[                                    ] thread:[scheduling-1             ] c.s.testHibernate.logging.LoggingAspect.logExecution@28:
   Entering com.saber.testHibernate.service.PriceSimulatorService.generatePrice with args=[] 
2026-05-13T04:54:52.675 [INFO] requestId:[                                    ] thread:[scheduling-1             ] c.s.t.service.PriceSimulatorService.generatePrice@55:
   Price event sent | symbol=AAPL price=96.0356 topic=prices 
2026-05-13T04:54:52.675 [INFO] requestId:[                                    ] thread:[scheduling-1             ] c.s.testHibernate.logging.LoggingAspect.logExecution@33:
   Exiting com.saber.testHibernate.service.PriceSimulatorService.generatePrice | executionTime=2 ms 
2026-05-13T04:55:52.676 [INFO] requestId:[                                    ] thread:[scheduling-1             ] c.s.testHibernate.logging.LoggingAspect.logExecution@28:
   Entering com.saber.testHibernate.service.PriceSimulatorService.generatePrice with args=[] 
2026-05-13T04:55:52.677 [INFO] requestId:[                                    ] thread:[scheduling-1             ] c.s.t.service.PriceSimulatorService.generatePrice@55:
   Price event sent | symbol=GOOG price=21.2829 topic=prices 
2026-05-13T04:55:52.677 [INFO] requestId:[                                    ] thread:[scheduling-1             ] c.s.testHibernate.logging.LoggingAspect.logExecution@33:
   Exiting com.saber.testHibernate.service.PriceSimulatorService.generatePrice | executionTime=1 ms 
2026-05-13T04:56:52.685 [INFO] requestId:[                                    ] thread:[scheduling-1             ] c.s.testHibernate.logging.LoggingAspect.logExecution@28:
   Entering com.saber.testHibernate.service.PriceSimulatorService.generatePrice with args=[] 
2026-05-13T04:56:52.687 [INFO] requestId:[                                    ] thread:[scheduling-1             ] c.s.t.service.PriceSimulatorService.generatePrice@55:
   Price event sent | symbol=ETH price=2300.8066 topic=prices 
2026-05-13T04:56:52.687 [INFO] requestId:[                                    ] thread:[scheduling-1             ] c.s.testHibernate.logging.LoggingAspect.logExecution@33:
   Exiting com.saber.testHibernate.service.PriceSimulatorService.generatePrice | executionTime=2 ms 
2026-05-13T04:57:52.684 [INFO] requestId:[                                    ] thread:[scheduling-1             ] c.s.testHibernate.logging.LoggingAspect.logExecution@28:
   Entering com.saber.testHibernate.service.PriceSimulatorService.generatePrice with args=[] 
2026-05-13T04:57:52.686 [INFO] requestId:[                                    ] thread:[scheduling-1             ] c.s.t.service.PriceSimulatorService.generatePrice@55:
   Price event sent | symbol=BTC price=22075.5423 topic=prices 
2026-05-13T04:57:52.687 [INFO] requestId:[                                    ] thread:[scheduling-1             ] c.s.testHibernate.logging.LoggingAspect.logExecution@33:
   Exiting com.saber.testHibernate.service.PriceSimulatorService.generatePrice | executionTime=3 ms 
2026-05-13T04:58:52.685 [INFO] requestId:[                                    ] thread:[scheduling-1             ] c.s.testHibernate.logging.LoggingAspect.logExecution@28:
   Entering com.saber.testHibernate.service.PriceSimulatorService.generatePrice with args=[] 
2026-05-13T04:58:52.686 [INFO] requestId:[                                    ] thread:[scheduling-1             ] c.s.t.service.PriceSimulatorService.generatePrice@55:
   Price event sent | symbol=GOOG price=23.3281 topic=prices 
2026-05-13T04:58:52.687 [INFO] requestId:[                                    ] thread:[scheduling-1             ] c.s.testHibernate.logging.LoggingAspect.logExecution@33:
   Exiting com.saber.testHibernate.service.PriceSimulatorService.generatePrice | executionTime=2 ms 
2026-05-13T04:59:52.681 [INFO] requestId:[                                    ] thread:[scheduling-1             ] c.s.testHibernate.logging.LoggingAspect.logExecution@28:
   Entering com.saber.testHibernate.service.PriceSimulatorService.generatePrice with args=[] 
2026-05-13T04:59:52.683 [INFO] requestId:[                                    ] thread:[scheduling-1             ] c.s.t.service.PriceSimulatorService.generatePrice@55:
   Price event sent | symbol=ETH price=2223.0662 topic=prices 
2026-05-13T04:59:52.684 [INFO] requestId:[                                    ] thread:[scheduling-1             ] c.s.testHibernate.logging.LoggingAspect.logExecution@33:
   Exiting com.saber.testHibernate.service.PriceSimulatorService.generatePrice | executionTime=3 ms 
2026-05-13T05:00:52.681 [INFO] requestId:[                                    ] thread:[scheduling-1             ] c.s.testHibernate.logging.LoggingAspect.logExecution@28:
   Entering com.saber.testHibernate.service.PriceSimulatorService.generatePrice with args=[] 
2026-05-13T05:00:52.683 [INFO] requestId:[                                    ] thread:[scheduling-1             ] c.s.t.service.PriceSimulatorService.generatePrice@55:
   Price event sent | symbol=AAPL price=89.8019 topic=prices 
2026-05-13T05:00:52.683 [INFO] requestId:[                                    ] thread:[scheduling-1             ] c.s.testHibernate.logging.LoggingAspect.logExecution@33:
   Exiting com.saber.testHibernate.service.PriceSimulatorService.generatePrice | executionTime=2 ms 
2026-05-13T05:01:52.681 [INFO] requestId:[                                    ] thread:[scheduling-1             ] c.s.testHibernate.logging.LoggingAspect.logExecution@28:
   Entering com.saber.testHibernate.service.PriceSimulatorService.generatePrice with args=[] 
2026-05-13T05:01:52.683 [INFO] requestId:[                                    ] thread:[scheduling-1             ] c.s.t.service.PriceSimulatorService.generatePrice@55:
   Price event sent | symbol=ETH price=2185.0370 topic=prices 
2026-05-13T05:01:52.684 [INFO] requestId:[                                    ] thread:[scheduling-1             ] c.s.testHibernate.logging.LoggingAspect.logExecution@33:
   Exiting com.saber.testHibernate.service.PriceSimulatorService.generatePrice | executionTime=3 ms 
2026-05-13T05:02:52.687 [INFO] requestId:[                                    ] thread:[scheduling-1             ] c.s.testHibernate.logging.LoggingAspect.logExecution@28:
   Entering com.saber.testHibernate.service.PriceSimulatorService.generatePrice with args=[] 
2026-05-13T05:02:52.689 [INFO] requestId:[                                    ] thread:[scheduling-1             ] c.s.t.service.PriceSimulatorService.generatePrice@55:
   Price event sent | symbol=AAPL price=98.1045 topic=prices 
2026-05-13T05:02:52.689 [INFO] requestId:[                                    ] thread:[scheduling-1             ] c.s.testHibernate.logging.LoggingAspect.logExecution@33:
   Exiting com.saber.testHibernate.service.PriceSimulatorService.generatePrice | executionTime=2 ms 
2026-05-13T05:03:52.695 [INFO] requestId:[                                    ] thread:[scheduling-1             ] c.s.testHibernate.logging.LoggingAspect.logExecution@28:
   Entering com.saber.testHibernate.service.PriceSimulatorService.generatePrice with args=[] 
2026-05-13T05:03:52.699 [INFO] requestId:[                                    ] thread:[scheduling-1             ] c.s.t.service.PriceSimulatorService.generatePrice@55:
   Price event sent | symbol=BTC price=23194.3720 topic=prices 
2026-05-13T05:03:52.699 [INFO] requestId:[                                    ] thread:[scheduling-1             ] c.s.testHibernate.logging.LoggingAspect.logExecution@33:
   Exiting com.saber.testHibernate.service.PriceSimulatorService.generatePrice | executionTime=4 ms 
2026-05-13T05:04:52.693 [INFO] requestId:[                                    ] thread:[scheduling-1             ] c.s.testHibernate.logging.LoggingAspect.logExecution@28:
   Entering com.saber.testHibernate.service.PriceSimulatorService.generatePrice with args=[] 
2026-05-13T05:04:52.696 [INFO] requestId:[                                    ] thread:[scheduling-1             ] c.s.t.service.PriceSimulatorService.generatePrice@55:
   Price event sent | symbol=GOOG price=23.3237 topic=prices 
2026-05-13T05:04:52.696 [INFO] requestId:[                                    ] thread:[scheduling-1             ] c.s.testHibernate.logging.LoggingAspect.logExecution@33:
   Exiting com.saber.testHibernate.service.PriceSimulatorService.generatePrice | executionTime=3 ms 
2026-05-13T05:05:52.689 [INFO] requestId:[                                    ] thread:[scheduling-1             ] c.s.testHibernate.logging.LoggingAspect.logExecution@28:
   Entering com.saber.testHibernate.service.PriceSimulatorService.generatePrice with args=[] 
2026-05-13T05:05:52.691 [INFO] requestId:[                                    ] thread:[scheduling-1             ] c.s.t.service.PriceSimulatorService.generatePrice@55:
   Price event sent | symbol=ETH price=2137.8006 topic=prices 
2026-05-13T05:05:52.691 [INFO] requestId:[                                    ] thread:[scheduling-1             ] c.s.testHibernate.logging.LoggingAspect.logExecution@33:
   Exiting com.saber.testHibernate.service.PriceSimulatorService.generatePrice | executionTime=2 ms 
2026-05-13T05:06:52.699 [INFO] requestId:[                                    ] thread:[scheduling-1             ] c.s.testHibernate.logging.LoggingAspect.logExecution@28:
   Entering com.saber.testHibernate.service.PriceSimulatorService.generatePrice with args=[] 
2026-05-13T05:06:52.700 [INFO] requestId:[                                    ] thread:[scheduling-1             ] c.s.t.service.PriceSimulatorService.generatePrice@55:
   Price event sent | symbol=GOOG price=22.7516 topic=prices 
2026-05-13T05:06:52.700 [INFO] requestId:[                                    ] thread:[scheduling-1             ] c.s.testHibernate.logging.LoggingAspect.logExecution@33:
   Exiting com.saber.testHibernate.service.PriceSimulatorService.generatePrice | executionTime=1 ms 
2026-05-13T05:07:52.693 [INFO] requestId:[                                    ] thread:[scheduling-1             ] c.s.testHibernate.logging.LoggingAspect.logExecution@28:
   Entering com.saber.testHibernate.service.PriceSimulatorService.generatePrice with args=[] 
2026-05-13T05:07:52.694 [INFO] requestId:[                                    ] thread:[scheduling-1             ] c.s.t.service.PriceSimulatorService.generatePrice@55:
   Price event sent | symbol=AAPL price=96.9818 topic=prices 
2026-05-13T05:07:52.694 [INFO] requestId:[                                    ] thread:[scheduling-1             ] c.s.testHibernate.logging.LoggingAspect.logExecution@33:
   Exiting com.saber.testHibernate.service.PriceSimulatorService.generatePrice | executionTime=1 ms 
2026-05-13T05:08:52.702 [INFO] requestId:[                                    ] thread:[scheduling-1             ] c.s.testHibernate.logging.LoggingAspect.logExecution@28:
   Entering com.saber.testHibernate.service.PriceSimulatorService.generatePrice with args=[] 
2026-05-13T05:08:52.705 [INFO] requestId:[                                    ] thread:[scheduling-1             ] c.s.t.service.PriceSimulatorService.generatePrice@55:
   Price event sent | symbol=AAPL price=91.4797 topic=prices 
2026-05-13T05:08:52.705 [INFO] requestId:[                                    ] thread:[scheduling-1             ] c.s.testHibernate.logging.LoggingAspect.logExecution@33:
   Exiting com.saber.testHibernate.service.PriceSimulatorService.generatePrice | executionTime=3 ms 
2026-05-13T05:09:52.702 [INFO] requestId:[                                    ] thread:[scheduling-1             ] c.s.testHibernate.logging.LoggingAspect.logExecution@28:
   Entering com.saber.testHibernate.service.PriceSimulatorService.generatePrice with args=[] 
2026-05-13T05:09:52.704 [INFO] requestId:[                                    ] thread:[scheduling-1             ] c.s.t.service.PriceSimulatorService.generatePrice@55:
   Price event sent | symbol=AAPL price=89.3138 topic=prices 
2026-05-13T05:09:52.704 [INFO] requestId:[                                    ] thread:[scheduling-1             ] c.s.testHibernate.logging.LoggingAspect.logExecution@33:
   Exiting com.saber.testHibernate.service.PriceSimulatorService.generatePrice | executionTime=2 ms 
2026-05-13T05:10:52.703 [INFO] requestId:[                                    ] thread:[scheduling-1             ] c.s.testHibernate.logging.LoggingAspect.logExecution@28:
   Entering com.saber.testHibernate.service.PriceSimulatorService.generatePrice with args=[] 
2026-05-13T05:10:52.705 [INFO] requestId:[                                    ] thread:[scheduling-1             ] c.s.t.service.PriceSimulatorService.generatePrice@55:
   Price event sent | symbol=GOOG price=23.8670 topic=prices 
2026-05-13T05:10:52.706 [INFO] requestId:[                                    ] thread:[scheduling-1             ] c.s.testHibernate.logging.LoggingAspect.logExecution@33:
   Exiting com.saber.testHibernate.service.PriceSimulatorService.generatePrice | executionTime=3 ms 
2026-05-13T05:11:52.709 [INFO] requestId:[                                    ] thread:[scheduling-1             ] c.s.testHibernate.logging.LoggingAspect.logExecution@28:
   Entering com.saber.testHibernate.service.PriceSimulatorService.generatePrice with args=[] 
2026-05-13T05:11:52.711 [INFO] requestId:[                                    ] thread:[scheduling-1             ] c.s.t.service.PriceSimulatorService.generatePrice@55:
   Price event sent | symbol=GOOG price=24.7726 topic=prices 
2026-05-13T05:11:52.712 [INFO] requestId:[                                    ] thread:[scheduling-1             ] c.s.testHibernate.logging.LoggingAspect.logExecution@33:
   Exiting com.saber.testHibernate.service.PriceSimulatorService.generatePrice | executionTime=3 ms 
2026-05-13T05:12:52.703 [INFO] requestId:[                                    ] thread:[scheduling-1             ] c.s.testHibernate.logging.LoggingAspect.logExecution@28:
   Entering com.saber.testHibernate.service.PriceSimulatorService.generatePrice with args=[] 
2026-05-13T05:12:52.706 [INFO] requestId:[                                    ] thread:[scheduling-1             ] c.s.t.service.PriceSimulatorService.generatePrice@55:
   Price event sent | symbol=BTC price=22294.9442 topic=prices 
2026-05-13T05:12:52.706 [INFO] requestId:[                                    ] thread:[scheduling-1             ] c.s.testHibernate.logging.LoggingAspect.logExecution@33:
   Exiting com.saber.testHibernate.service.PriceSimulatorService.generatePrice | executionTime=3 ms 
2026-05-13T05:13:52.699 [INFO] requestId:[                                    ] thread:[scheduling-1             ] c.s.testHibernate.logging.LoggingAspect.logExecution@28:
   Entering com.saber.testHibernate.service.PriceSimulatorService.generatePrice with args=[] 
2026-05-13T05:13:52.701 [INFO] requestId:[                                    ] thread:[scheduling-1             ] c.s.t.service.PriceSimulatorService.generatePrice@55:
   Price event sent | symbol=BTC price=22677.5852 topic=prices 
2026-05-13T05:13:52.702 [INFO] requestId:[                                    ] thread:[scheduling-1             ] c.s.testHibernate.logging.LoggingAspect.logExecution@33:
   Exiting com.saber.testHibernate.service.PriceSimulatorService.generatePrice | executionTime=3 ms 
2026-05-13T05:14:52.703 [INFO] requestId:[                                    ] thread:[scheduling-1             ] c.s.testHibernate.logging.LoggingAspect.logExecution@28:
   Entering com.saber.testHibernate.service.PriceSimulatorService.generatePrice with args=[] 
2026-05-13T05:14:52.706 [INFO] requestId:[                                    ] thread:[scheduling-1             ] c.s.t.service.PriceSimulatorService.generatePrice@55:
   Price event sent | symbol=ETH price=1982.2980 topic=prices 
2026-05-13T05:14:52.707 [INFO] requestId:[                                    ] thread:[scheduling-1             ] c.s.testHibernate.logging.LoggingAspect.logExecution@33:
   Exiting com.saber.testHibernate.service.PriceSimulatorService.generatePrice | executionTime=4 ms 
2026-05-13T05:15:52.702 [INFO] requestId:[                                    ] thread:[scheduling-1             ] c.s.testHibernate.logging.LoggingAspect.logExecution@28:
   Entering com.saber.testHibernate.service.PriceSimulatorService.generatePrice with args=[] 
2026-05-13T05:15:52.704 [INFO] requestId:[                                    ] thread:[scheduling-1             ] c.s.t.service.PriceSimulatorService.generatePrice@55:
   Price event sent | symbol=GOOG price=22.6049 topic=prices 
2026-05-13T05:15:52.705 [INFO] requestId:[                                    ] thread:[scheduling-1             ] c.s.testHibernate.logging.LoggingAspect.logExecution@33:
   Exiting com.saber.testHibernate.service.PriceSimulatorService.generatePrice | executionTime=3 ms 
2026-05-13T05:16:52.712 [INFO] requestId:[                                    ] thread:[scheduling-1             ] c.s.testHibernate.logging.LoggingAspect.logExecution@28:
   Entering com.saber.testHibernate.service.PriceSimulatorService.generatePrice with args=[] 
2026-05-13T05:16:52.714 [INFO] requestId:[                                    ] thread:[scheduling-1             ] c.s.t.service.PriceSimulatorService.generatePrice@55:
   Price event sent | symbol=GOOG price=24.7241 topic=prices 
2026-05-13T05:16:52.714 [INFO] requestId:[                                    ] thread:[scheduling-1             ] c.s.testHibernate.logging.LoggingAspect.logExecution@33:
   Exiting com.saber.testHibernate.service.PriceSimulatorService.generatePrice | executionTime=2 ms 
2026-05-13T05:17:52.704 [INFO] requestId:[                                    ] thread:[scheduling-1             ] c.s.testHibernate.logging.LoggingAspect.logExecution@28:
   Entering com.saber.testHibernate.service.PriceSimulatorService.generatePrice with args=[] 
2026-05-13T05:17:52.707 [INFO] requestId:[                                    ] thread:[scheduling-1             ] c.s.t.service.PriceSimulatorService.generatePrice@55:
   Price event sent | symbol=AAPL price=94.3935 topic=prices 
2026-05-13T05:17:52.708 [INFO] requestId:[                                    ] thread:[scheduling-1             ] c.s.testHibernate.logging.LoggingAspect.logExecution@33:
   Exiting com.saber.testHibernate.service.PriceSimulatorService.generatePrice | executionTime=4 ms 
2026-05-13T05:18:52.705 [INFO] requestId:[                                    ] thread:[scheduling-1             ] c.s.testHibernate.logging.LoggingAspect.logExecution@28:
   Entering com.saber.testHibernate.service.PriceSimulatorService.generatePrice with args=[] 
2026-05-13T05:18:52.707 [INFO] requestId:[                                    ] thread:[scheduling-1             ] c.s.t.service.PriceSimulatorService.generatePrice@55:
   Price event sent | symbol=AAPL price=88.1696 topic=prices 
2026-05-13T05:18:52.708 [INFO] requestId:[                                    ] thread:[scheduling-1             ] c.s.testHibernate.logging.LoggingAspect.logExecution@33:
   Exiting com.saber.testHibernate.service.PriceSimulatorService.generatePrice | executionTime=3 ms 
2026-05-13T05:19:52.712 [INFO] requestId:[                                    ] thread:[scheduling-1             ] c.s.testHibernate.logging.LoggingAspect.logExecution@28:
   Entering com.saber.testHibernate.service.PriceSimulatorService.generatePrice with args=[] 
2026-05-13T05:19:52.715 [INFO] requestId:[                                    ] thread:[scheduling-1             ] c.s.t.service.PriceSimulatorService.generatePrice@55:
   Price event sent | symbol=BTC price=23259.9570 topic=prices 
2026-05-13T05:19:52.715 [INFO] requestId:[                                    ] thread:[scheduling-1             ] c.s.testHibernate.logging.LoggingAspect.logExecution@33:
   Exiting com.saber.testHibernate.service.PriceSimulatorService.generatePrice | executionTime=3 ms 
2026-05-13T05:20:52.720 [INFO] requestId:[                                    ] thread:[scheduling-1             ] c.s.testHibernate.logging.LoggingAspect.logExecution@28:
   Entering com.saber.testHibernate.service.PriceSimulatorService.generatePrice with args=[] 
2026-05-13T05:20:52.722 [INFO] requestId:[                                    ] thread:[scheduling-1             ] c.s.t.service.PriceSimulatorService.generatePrice@55:
   Price event sent | symbol=ETH price=2058.1602 topic=prices 
2026-05-13T05:20:52.722 [INFO] requestId:[                                    ] thread:[scheduling-1             ] c.s.testHibernate.logging.LoggingAspect.logExecution@33:
   Exiting com.saber.testHibernate.service.PriceSimulatorService.generatePrice | executionTime=2 ms 
2026-05-13T05:21:52.715 [INFO] requestId:[                                    ] thread:[scheduling-1             ] c.s.testHibernate.logging.LoggingAspect.logExecution@28:
   Entering com.saber.testHibernate.service.PriceSimulatorService.generatePrice with args=[] 
2026-05-13T05:21:52.717 [INFO] requestId:[                                    ] thread:[scheduling-1             ] c.s.t.service.PriceSimulatorService.generatePrice@55:
   Price event sent | symbol=BTC price=23677.5229 topic=prices 
2026-05-13T05:21:52.717 [INFO] requestId:[                                    ] thread:[scheduling-1             ] c.s.testHibernate.logging.LoggingAspect.logExecution@33:
   Exiting com.saber.testHibernate.service.PriceSimulatorService.generatePrice | executionTime=2 ms 
2026-05-13T05:22:52.722 [INFO] requestId:[                                    ] thread:[scheduling-1             ] c.s.testHibernate.logging.LoggingAspect.logExecution@28:
   Entering com.saber.testHibernate.service.PriceSimulatorService.generatePrice with args=[] 
2026-05-13T05:22:52.723 [INFO] requestId:[                                    ] thread:[scheduling-1             ] c.s.t.service.PriceSimulatorService.generatePrice@55:
   Price event sent | symbol=GOOG price=23.7899 topic=prices 
2026-05-13T05:22:52.724 [INFO] requestId:[                                    ] thread:[scheduling-1             ] c.s.testHibernate.logging.LoggingAspect.logExecution@33:
   Exiting com.saber.testHibernate.service.PriceSimulatorService.generatePrice | executionTime=2 ms 
2026-05-13T05:23:52.720 [INFO] requestId:[                                    ] thread:[scheduling-1             ] c.s.testHibernate.logging.LoggingAspect.logExecution@28:
   Entering com.saber.testHibernate.service.PriceSimulatorService.generatePrice with args=[] 
2026-05-13T05:23:52.722 [INFO] requestId:[                                    ] thread:[scheduling-1             ] c.s.t.service.PriceSimulatorService.generatePrice@55:
   Price event sent | symbol=ETH price=2255.1180 topic=prices 
2026-05-13T05:23:52.722 [INFO] requestId:[                                    ] thread:[scheduling-1             ] c.s.testHibernate.logging.LoggingAspect.logExecution@33:
   Exiting com.saber.testHibernate.service.PriceSimulatorService.generatePrice | executionTime=2 ms 
2026-05-13T05:24:52.712 [INFO] requestId:[                                    ] thread:[scheduling-1             ] c.s.testHibernate.logging.LoggingAspect.logExecution@28:
   Entering com.saber.testHibernate.service.PriceSimulatorService.generatePrice with args=[] 
2026-05-13T05:24:52.714 [INFO] requestId:[                                    ] thread:[scheduling-1             ] c.s.t.service.PriceSimulatorService.generatePrice@55:
   Price event sent | symbol=AAPL price=86.2380 topic=prices 
2026-05-13T05:24:52.716 [INFO] requestId:[                                    ] thread:[scheduling-1             ] c.s.testHibernate.logging.LoggingAspect.logExecution@33:
   Exiting com.saber.testHibernate.service.PriceSimulatorService.generatePrice | executionTime=4 ms 
2026-05-13T05:25:52.712 [INFO] requestId:[                                    ] thread:[scheduling-1             ] c.s.testHibernate.logging.LoggingAspect.logExecution@28:
   Entering com.saber.testHibernate.service.PriceSimulatorService.generatePrice with args=[] 
2026-05-13T05:25:52.714 [INFO] requestId:[                                    ] thread:[scheduling-1             ] c.s.t.service.PriceSimulatorService.generatePrice@55:
   Price event sent | symbol=ETH price=2288.9529 topic=prices 
2026-05-13T05:25:52.714 [INFO] requestId:[                                    ] thread:[scheduling-1             ] c.s.testHibernate.logging.LoggingAspect.logExecution@33:
   Exiting com.saber.testHibernate.service.PriceSimulatorService.generatePrice | executionTime=2 ms 
2026-05-13T05:26:52.715 [INFO] requestId:[                                    ] thread:[scheduling-1             ] c.s.testHibernate.logging.LoggingAspect.logExecution@28:
   Entering com.saber.testHibernate.service.PriceSimulatorService.generatePrice with args=[] 
2026-05-13T05:26:52.718 [INFO] requestId:[                                    ] thread:[scheduling-1             ] c.s.t.service.PriceSimulatorService.generatePrice@55:
   Price event sent | symbol=BTC price=21355.3942 topic=prices 
2026-05-13T05:26:52.718 [INFO] requestId:[                                    ] thread:[scheduling-1             ] c.s.testHibernate.logging.LoggingAspect.logExecution@33:
   Exiting com.saber.testHibernate.service.PriceSimulatorService.generatePrice | executionTime=3 ms 
2026-05-13T05:27:52.728 [INFO] requestId:[                                    ] thread:[scheduling-1             ] c.s.testHibernate.logging.LoggingAspect.logExecution@28:
   Entering com.saber.testHibernate.service.PriceSimulatorService.generatePrice with args=[] 
2026-05-13T05:27:52.734 [INFO] requestId:[                                    ] thread:[scheduling-1             ] c.s.t.service.PriceSimulatorService.generatePrice@55:
   Price event sent | symbol=BTC price=21219.2990 topic=prices 
2026-05-13T05:27:52.734 [INFO] requestId:[                                    ] thread:[scheduling-1             ] c.s.testHibernate.logging.LoggingAspect.logExecution@33:
   Exiting com.saber.testHibernate.service.PriceSimulatorService.generatePrice | executionTime=6 ms 
2026-05-13T05:28:52.721 [INFO] requestId:[                                    ] thread:[scheduling-1             ] c.s.testHibernate.logging.LoggingAspect.logExecution@28:
   Entering com.saber.testHibernate.service.PriceSimulatorService.generatePrice with args=[] 
2026-05-13T05:28:52.723 [INFO] requestId:[                                    ] thread:[scheduling-1             ] c.s.t.service.PriceSimulatorService.generatePrice@55:
   Price event sent | symbol=ETH price=2502.1564 topic=prices 
2026-05-13T05:28:52.724 [INFO] requestId:[                                    ] thread:[scheduling-1             ] c.s.testHibernate.logging.LoggingAspect.logExecution@33:
   Exiting com.saber.testHibernate.service.PriceSimulatorService.generatePrice | executionTime=3 ms 
2026-05-13T05:29:52.719 [INFO] requestId:[                                    ] thread:[scheduling-1             ] c.s.testHibernate.logging.LoggingAspect.logExecution@28:
   Entering com.saber.testHibernate.service.PriceSimulatorService.generatePrice with args=[] 
2026-05-13T05:29:52.722 [INFO] requestId:[                                    ] thread:[scheduling-1             ] c.s.t.service.PriceSimulatorService.generatePrice@55:
   Price event sent | symbol=AAPL price=93.3006 topic=prices 
2026-05-13T05:29:52.723 [INFO] requestId:[                                    ] thread:[scheduling-1             ] c.s.testHibernate.logging.LoggingAspect.logExecution@33:
   Exiting com.saber.testHibernate.service.PriceSimulatorService.generatePrice | executionTime=4 ms 
2026-05-13T05:30:52.732 [INFO] requestId:[                                    ] thread:[scheduling-1             ] c.s.testHibernate.logging.LoggingAspect.logExecution@28:
   Entering com.saber.testHibernate.service.PriceSimulatorService.generatePrice with args=[] 
2026-05-13T05:30:52.734 [INFO] requestId:[                                    ] thread:[scheduling-1             ] c.s.t.service.PriceSimulatorService.generatePrice@55:
   Price event sent | symbol=ETH price=2331.7079 topic=prices 
2026-05-13T05:30:52.735 [INFO] requestId:[                                    ] thread:[scheduling-1             ] c.s.testHibernate.logging.LoggingAspect.logExecution@33:
   Exiting com.saber.testHibernate.service.PriceSimulatorService.generatePrice | executionTime=3 ms 
2026-05-13T05:31:52.729 [INFO] requestId:[                                    ] thread:[scheduling-1             ] c.s.testHibernate.logging.LoggingAspect.logExecution@28:
   Entering com.saber.testHibernate.service.PriceSimulatorService.generatePrice with args=[] 
2026-05-13T05:31:52.734 [INFO] requestId:[                                    ] thread:[scheduling-1             ] c.s.t.service.PriceSimulatorService.generatePrice@55:
   Price event sent | symbol=AAPL price=94.8806 topic=prices 
2026-05-13T05:31:52.734 [INFO] requestId:[                                    ] thread:[scheduling-1             ] c.s.testHibernate.logging.LoggingAspect.logExecution@33:
   Exiting com.saber.testHibernate.service.PriceSimulatorService.generatePrice | executionTime=5 ms 
2026-05-13T05:32:52.724 [INFO] requestId:[                                    ] thread:[scheduling-1             ] c.s.testHibernate.logging.LoggingAspect.logExecution@28:
   Entering com.saber.testHibernate.service.PriceSimulatorService.generatePrice with args=[] 
2026-05-13T05:32:52.725 [INFO] requestId:[                                    ] thread:[scheduling-1             ] c.s.t.service.PriceSimulatorService.generatePrice@55:
   Price event sent | symbol=GOOG price=23.3320 topic=prices 
2026-05-13T05:32:52.726 [INFO] requestId:[                                    ] thread:[scheduling-1             ] c.s.testHibernate.logging.LoggingAspect.logExecution@33:
   Exiting com.saber.testHibernate.service.PriceSimulatorService.generatePrice | executionTime=2 ms 
2026-05-13T05:33:52.734 [INFO] requestId:[                                    ] thread:[scheduling-1             ] c.s.testHibernate.logging.LoggingAspect.logExecution@28:
   Entering com.saber.testHibernate.service.PriceSimulatorService.generatePrice with args=[] 
2026-05-13T05:33:52.737 [INFO] requestId:[                                    ] thread:[scheduling-1             ] c.s.t.service.PriceSimulatorService.generatePrice@55:
   Price event sent | symbol=ETH price=2403.5455 topic=prices 
2026-05-13T05:33:52.737 [INFO] requestId:[                                    ] thread:[scheduling-1             ] c.s.testHibernate.logging.LoggingAspect.logExecution@33:
   Exiting com.saber.testHibernate.service.PriceSimulatorService.generatePrice | executionTime=3 ms 
2026-05-13T05:34:52.729 [INFO] requestId:[                                    ] thread:[scheduling-1             ] c.s.testHibernate.logging.LoggingAspect.logExecution@28:
   Entering com.saber.testHibernate.service.PriceSimulatorService.generatePrice with args=[] 
2026-05-13T05:34:52.730 [INFO] requestId:[                                    ] thread:[scheduling-1             ] c.s.t.service.PriceSimulatorService.generatePrice@55:
   Price event sent | symbol=BTC price=19536.4489 topic=prices 
2026-05-13T05:34:52.731 [INFO] requestId:[                                    ] thread:[scheduling-1             ] c.s.testHibernate.logging.LoggingAspect.logExecution@33:
   Exiting com.saber.testHibernate.service.PriceSimulatorService.generatePrice | executionTime=2 ms 
2026-05-13T05:35:52.730 [INFO] requestId:[                                    ] thread:[scheduling-1             ] c.s.testHibernate.logging.LoggingAspect.logExecution@28:
   Entering com.saber.testHibernate.service.PriceSimulatorService.generatePrice with args=[] 
2026-05-13T05:35:52.731 [INFO] requestId:[                                    ] thread:[scheduling-1             ] c.s.t.service.PriceSimulatorService.generatePrice@55:
   Price event sent | symbol=GOOG price=24.1576 topic=prices 
2026-05-13T05:35:52.733 [INFO] requestId:[                                    ] thread:[scheduling-1             ] c.s.testHibernate.logging.LoggingAspect.logExecution@33:
   Exiting com.saber.testHibernate.service.PriceSimulatorService.generatePrice | executionTime=3 ms 
2026-05-13T05:36:52.727 [INFO] requestId:[                                    ] thread:[scheduling-1             ] c.s.testHibernate.logging.LoggingAspect.logExecution@28:
   Entering com.saber.testHibernate.service.PriceSimulatorService.generatePrice with args=[] 
2026-05-13T05:36:52.729 [INFO] requestId:[                                    ] thread:[scheduling-1             ] c.s.t.service.PriceSimulatorService.generatePrice@55:
   Price event sent | symbol=BTC price=18568.8017 topic=prices 
2026-05-13T05:36:52.729 [INFO] requestId:[                                    ] thread:[scheduling-1             ] c.s.testHibernate.logging.LoggingAspect.logExecution@33:
   Exiting com.saber.testHibernate.service.PriceSimulatorService.generatePrice | executionTime=2 ms 
2026-05-13T05:37:52.733 [INFO] requestId:[                                    ] thread:[scheduling-1             ] c.s.testHibernate.logging.LoggingAspect.logExecution@28:
   Entering com.saber.testHibernate.service.PriceSimulatorService.generatePrice with args=[] 
2026-05-13T05:37:52.735 [INFO] requestId:[                                    ] thread:[scheduling-1             ] c.s.t.service.PriceSimulatorService.generatePrice@55:
   Price event sent | symbol=ETH price=2634.6567 topic=prices 
2026-05-13T05:37:52.736 [INFO] requestId:[                                    ] thread:[scheduling-1             ] c.s.testHibernate.logging.LoggingAspect.logExecution@33:
   Exiting com.saber.testHibernate.service.PriceSimulatorService.generatePrice | executionTime=3 ms 
2026-05-13T05:38:52.731 [INFO] requestId:[                                    ] thread:[scheduling-1             ] c.s.testHibernate.logging.LoggingAspect.logExecution@28:
   Entering com.saber.testHibernate.service.PriceSimulatorService.generatePrice with args=[] 
2026-05-13T05:38:52.733 [INFO] requestId:[                                    ] thread:[scheduling-1             ] c.s.t.service.PriceSimulatorService.generatePrice@55:
   Price event sent | symbol=GOOG price=26.3676 topic=prices 
2026-05-13T05:38:52.734 [INFO] requestId:[                                    ] thread:[scheduling-1             ] c.s.testHibernate.logging.LoggingAspect.logExecution@33:
   Exiting com.saber.testHibernate.service.PriceSimulatorService.generatePrice | executionTime=3 ms 
2026-05-13T05:39:52.736 [INFO] requestId:[                                    ] thread:[scheduling-1             ] c.s.testHibernate.logging.LoggingAspect.logExecution@28:
   Entering com.saber.testHibernate.service.PriceSimulatorService.generatePrice with args=[] 
2026-05-13T05:39:52.738 [INFO] requestId:[                                    ] thread:[scheduling-1             ] c.s.t.service.PriceSimulatorService.generatePrice@55:
   Price event sent | symbol=GOOG price=28.0131 topic=prices 
2026-05-13T05:39:52.740 [INFO] requestId:[                                    ] thread:[scheduling-1             ] c.s.testHibernate.logging.LoggingAspect.logExecution@33:
   Exiting com.saber.testHibernate.service.PriceSimulatorService.generatePrice | executionTime=4 ms 
2026-05-13T05:40:52.735 [INFO] requestId:[                                    ] thread:[scheduling-1             ] c.s.testHibernate.logging.LoggingAspect.logExecution@28:
   Entering com.saber.testHibernate.service.PriceSimulatorService.generatePrice with args=[] 
2026-05-13T05:40:52.735 [INFO] requestId:[                                    ] thread:[scheduling-1             ] c.s.t.service.PriceSimulatorService.generatePrice@55:
   Price event sent | symbol=ETH price=2687.1317 topic=prices 
2026-05-13T05:40:52.735 [INFO] requestId:[                                    ] thread:[scheduling-1             ] c.s.testHibernate.logging.LoggingAspect.logExecution@33:
   Exiting com.saber.testHibernate.service.PriceSimulatorService.generatePrice | executionTime=0 ms 
2026-05-13T05:41:52.738 [INFO] requestId:[                                    ] thread:[scheduling-1             ] c.s.testHibernate.logging.LoggingAspect.logExecution@28:
   Entering com.saber.testHibernate.service.PriceSimulatorService.generatePrice with args=[] 
2026-05-13T05:41:52.740 [INFO] requestId:[                                    ] thread:[scheduling-1             ] c.s.t.service.PriceSimulatorService.generatePrice@55:
   Price event sent | symbol=BTC price=19055.6275 topic=prices 
2026-05-13T05:41:52.740 [INFO] requestId:[                                    ] thread:[scheduling-1             ] c.s.testHibernate.logging.LoggingAspect.logExecution@33:
   Exiting com.saber.testHibernate.service.PriceSimulatorService.generatePrice | executionTime=2 ms 
2026-05-13T05:42:52.741 [INFO] requestId:[                                    ] thread:[scheduling-1             ] c.s.testHibernate.logging.LoggingAspect.logExecution@28:
   Entering com.saber.testHibernate.service.PriceSimulatorService.generatePrice with args=[] 
2026-05-13T05:42:52.742 [INFO] requestId:[                                    ] thread:[scheduling-1             ] c.s.t.service.PriceSimulatorService.generatePrice@55:
   Price event sent | symbol=AAPL price=103.8142 topic=prices 
2026-05-13T05:42:52.744 [INFO] requestId:[                                    ] thread:[scheduling-1             ] c.s.testHibernate.logging.LoggingAspect.logExecution@33:
   Exiting com.saber.testHibernate.service.PriceSimulatorService.generatePrice | executionTime=3 ms 
2026-05-13T05:43:52.747 [INFO] requestId:[                                    ] thread:[scheduling-1             ] c.s.testHibernate.logging.LoggingAspect.logExecution@28:
   Entering com.saber.testHibernate.service.PriceSimulatorService.generatePrice with args=[] 
2026-05-13T05:43:52.749 [INFO] requestId:[                                    ] thread:[scheduling-1             ] c.s.t.service.PriceSimulatorService.generatePrice@55:
   Price event sent | symbol=ETH price=2888.1296 topic=prices 
2026-05-13T05:43:52.749 [INFO] requestId:[                                    ] thread:[scheduling-1             ] c.s.testHibernate.logging.LoggingAspect.logExecution@33:
   Exiting com.saber.testHibernate.service.PriceSimulatorService.generatePrice | executionTime=2 ms 
2026-05-13T05:44:52.741 [INFO] requestId:[                                    ] thread:[scheduling-1             ] c.s.testHibernate.logging.LoggingAspect.logExecution@28:
   Entering com.saber.testHibernate.service.PriceSimulatorService.generatePrice with args=[] 
2026-05-13T05:44:52.743 [INFO] requestId:[                                    ] thread:[scheduling-1             ] c.s.t.service.PriceSimulatorService.generatePrice@55:
   Price event sent | symbol=AAPL price=110.5151 topic=prices 
2026-05-13T05:44:52.743 [INFO] requestId:[                                    ] thread:[scheduling-1             ] c.s.testHibernate.logging.LoggingAspect.logExecution@33:
   Exiting com.saber.testHibernate.service.PriceSimulatorService.generatePrice | executionTime=2 ms 
2026-05-13T05:45:52.748 [INFO] requestId:[                                    ] thread:[scheduling-1             ] c.s.testHibernate.logging.LoggingAspect.logExecution@28:
   Entering com.saber.testHibernate.service.PriceSimulatorService.generatePrice with args=[] 
2026-05-13T05:45:52.749 [INFO] requestId:[                                    ] thread:[scheduling-1             ] c.s.t.service.PriceSimulatorService.generatePrice@55:
   Price event sent | symbol=GOOG price=28.6449 topic=prices 
2026-05-13T05:45:52.750 [INFO] requestId:[                                    ] thread:[scheduling-1             ] c.s.testHibernate.logging.LoggingAspect.logExecution@33:
   Exiting com.saber.testHibernate.service.PriceSimulatorService.generatePrice | executionTime=2 ms 
2026-05-13T05:46:52.743 [INFO] requestId:[                                    ] thread:[scheduling-1             ] c.s.testHibernate.logging.LoggingAspect.logExecution@28:
   Entering com.saber.testHibernate.service.PriceSimulatorService.generatePrice with args=[] 
2026-05-13T05:46:52.745 [INFO] requestId:[                                    ] thread:[scheduling-1             ] c.s.t.service.PriceSimulatorService.generatePrice@55:
   Price event sent | symbol=GOOG price=30.2678 topic=prices 
2026-05-13T05:46:52.746 [INFO] requestId:[                                    ] thread:[scheduling-1             ] c.s.testHibernate.logging.LoggingAspect.logExecution@33:
   Exiting com.saber.testHibernate.service.PriceSimulatorService.generatePrice | executionTime=3 ms 
2026-05-13T05:47:52.744 [INFO] requestId:[                                    ] thread:[scheduling-1             ] c.s.testHibernate.logging.LoggingAspect.logExecution@28:
   Entering com.saber.testHibernate.service.PriceSimulatorService.generatePrice with args=[] 
2026-05-13T05:47:52.746 [INFO] requestId:[                                    ] thread:[scheduling-1             ] c.s.t.service.PriceSimulatorService.generatePrice@55:
   Price event sent | symbol=ETH price=2764.7737 topic=prices 
2026-05-13T05:47:52.746 [INFO] requestId:[                                    ] thread:[scheduling-1             ] c.s.testHibernate.logging.LoggingAspect.logExecution@33:
   Exiting com.saber.testHibernate.service.PriceSimulatorService.generatePrice | executionTime=2 ms 
2026-05-13T05:48:52.740 [INFO] requestId:[                                    ] thread:[scheduling-1             ] c.s.testHibernate.logging.LoggingAspect.logExecution@28:
   Entering com.saber.testHibernate.service.PriceSimulatorService.generatePrice with args=[] 
2026-05-13T05:48:52.742 [INFO] requestId:[                                    ] thread:[scheduling-1             ] c.s.t.service.PriceSimulatorService.generatePrice@55:
   Price event sent | symbol=BTC price=17787.8676 topic=prices 
2026-05-13T05:48:52.742 [INFO] requestId:[                                    ] thread:[scheduling-1             ] c.s.testHibernate.logging.LoggingAspect.logExecution@33:
   Exiting com.saber.testHibernate.service.PriceSimulatorService.generatePrice | executionTime=2 ms 
2026-05-13T05:49:52.752 [INFO] requestId:[                                    ] thread:[scheduling-1             ] c.s.testHibernate.logging.LoggingAspect.logExecution@28:
   Entering com.saber.testHibernate.service.PriceSimulatorService.generatePrice with args=[] 
2026-05-13T05:49:52.756 [INFO] requestId:[                                    ] thread:[scheduling-1             ] c.s.t.service.PriceSimulatorService.generatePrice@55:
   Price event sent | symbol=ETH price=2913.1354 topic=prices 
2026-05-13T05:49:52.756 [INFO] requestId:[                                    ] thread:[scheduling-1             ] c.s.testHibernate.logging.LoggingAspect.logExecution@33:
   Exiting com.saber.testHibernate.service.PriceSimulatorService.generatePrice | executionTime=4 ms 
2026-05-13T05:50:52.755 [INFO] requestId:[                                    ] thread:[scheduling-1             ] c.s.testHibernate.logging.LoggingAspect.logExecution@28:
   Entering com.saber.testHibernate.service.PriceSimulatorService.generatePrice with args=[] 
2026-05-13T05:50:52.757 [INFO] requestId:[                                    ] thread:[scheduling-1             ] c.s.t.service.PriceSimulatorService.generatePrice@55:
   Price event sent | symbol=GOOG price=31.9009 topic=prices 
2026-05-13T05:50:52.759 [INFO] requestId:[                                    ] thread:[scheduling-1             ] c.s.testHibernate.logging.LoggingAspect.logExecution@33:
   Exiting com.saber.testHibernate.service.PriceSimulatorService.generatePrice | executionTime=4 ms 
2026-05-13T05:51:52.743 [INFO] requestId:[                                    ] thread:[scheduling-1             ] c.s.testHibernate.logging.LoggingAspect.logExecution@28:
   Entering com.saber.testHibernate.service.PriceSimulatorService.generatePrice with args=[] 
2026-05-13T05:51:52.745 [INFO] requestId:[                                    ] thread:[scheduling-1             ] c.s.t.service.PriceSimulatorService.generatePrice@55:
   Price event sent | symbol=BTC price=18717.8964 topic=prices 
2026-05-13T05:51:52.746 [INFO] requestId:[                                    ] thread:[scheduling-1             ] c.s.testHibernate.logging.LoggingAspect.logExecution@33:
   Exiting com.saber.testHibernate.service.PriceSimulatorService.generatePrice | executionTime=3 ms 
2026-05-13T05:52:52.754 [INFO] requestId:[                                    ] thread:[scheduling-1             ] c.s.testHibernate.logging.LoggingAspect.logExecution@28:
   Entering com.saber.testHibernate.service.PriceSimulatorService.generatePrice with args=[] 
2026-05-13T05:52:52.755 [INFO] requestId:[                                    ] thread:[scheduling-1             ] c.s.t.service.PriceSimulatorService.generatePrice@55:
   Price event sent | symbol=BTC price=18553.6781 topic=prices 
2026-05-13T05:52:52.756 [INFO] requestId:[                                    ] thread:[scheduling-1             ] c.s.testHibernate.logging.LoggingAspect.logExecution@33:
   Exiting com.saber.testHibernate.service.PriceSimulatorService.generatePrice | executionTime=2 ms 
2026-05-13T05:53:52.748 [INFO] requestId:[                                    ] thread:[scheduling-1             ] c.s.testHibernate.logging.LoggingAspect.logExecution@28:
   Entering com.saber.testHibernate.service.PriceSimulatorService.generatePrice with args=[] 
2026-05-13T05:53:52.750 [INFO] requestId:[                                    ] thread:[scheduling-1             ] c.s.t.service.PriceSimulatorService.generatePrice@55:
   Price event sent | symbol=ETH price=2968.2274 topic=prices 
2026-05-13T05:53:52.750 [INFO] requestId:[                                    ] thread:[scheduling-1             ] c.s.testHibernate.logging.LoggingAspect.logExecution@33:
   Exiting com.saber.testHibernate.service.PriceSimulatorService.generatePrice | executionTime=2 ms 
2026-05-13T05:54:52.755 [INFO] requestId:[                                    ] thread:[scheduling-1             ] c.s.testHibernate.logging.LoggingAspect.logExecution@28:
   Entering com.saber.testHibernate.service.PriceSimulatorService.generatePrice with args=[] 
2026-05-13T05:54:52.758 [INFO] requestId:[                                    ] thread:[scheduling-1             ] c.s.t.service.PriceSimulatorService.generatePrice@55:
   Price event sent | symbol=GOOG price=33.7459 topic=prices 
2026-05-13T05:54:52.758 [INFO] requestId:[                                    ] thread:[scheduling-1             ] c.s.testHibernate.logging.LoggingAspect.logExecution@33:
   Exiting com.saber.testHibernate.service.PriceSimulatorService.generatePrice | executionTime=3 ms 
2026-05-13T05:55:52.751 [INFO] requestId:[                                    ] thread:[scheduling-1             ] c.s.testHibernate.logging.LoggingAspect.logExecution@28:
   Entering com.saber.testHibernate.service.PriceSimulatorService.generatePrice with args=[] 
2026-05-13T05:55:52.754 [INFO] requestId:[                                    ] thread:[scheduling-1             ] c.s.t.service.PriceSimulatorService.generatePrice@55:
   Price event sent | symbol=AAPL price=100.8855 topic=prices 
2026-05-13T05:55:52.755 [INFO] requestId:[                                    ] thread:[scheduling-1             ] c.s.testHibernate.logging.LoggingAspect.logExecution@33:
   Exiting com.saber.testHibernate.service.PriceSimulatorService.generatePrice | executionTime=4 ms 
2026-05-13T05:56:52.757 [INFO] requestId:[                                    ] thread:[scheduling-1             ] c.s.testHibernate.logging.LoggingAspect.logExecution@28:
   Entering com.saber.testHibernate.service.PriceSimulatorService.generatePrice with args=[] 
2026-05-13T05:56:52.759 [INFO] requestId:[                                    ] thread:[scheduling-1             ] c.s.t.service.PriceSimulatorService.generatePrice@55:
   Price event sent | symbol=ETH price=3177.5904 topic=prices 
2026-05-13T05:56:52.760 [INFO] requestId:[                                    ] thread:[scheduling-1             ] c.s.testHibernate.logging.LoggingAspect.logExecution@33:
   Exiting com.saber.testHibernate.service.PriceSimulatorService.generatePrice | executionTime=3 ms 
2026-05-13T05:57:52.755 [INFO] requestId:[                                    ] thread:[scheduling-1             ] c.s.testHibernate.logging.LoggingAspect.logExecution@28:
   Entering com.saber.testHibernate.service.PriceSimulatorService.generatePrice with args=[] 
2026-05-13T05:57:52.757 [INFO] requestId:[                                    ] thread:[scheduling-1             ] c.s.t.service.PriceSimulatorService.generatePrice@55:
   Price event sent | symbol=BTC price=19795.8174 topic=prices 
2026-05-13T05:57:52.758 [INFO] requestId:[                                    ] thread:[scheduling-1             ] c.s.testHibernate.logging.LoggingAspect.logExecution@33:
   Exiting com.saber.testHibernate.service.PriceSimulatorService.generatePrice | executionTime=3 ms 
2026-05-13T05:58:52.755 [INFO] requestId:[                                    ] thread:[scheduling-1             ] c.s.testHibernate.logging.LoggingAspect.logExecution@28:
   Entering com.saber.testHibernate.service.PriceSimulatorService.generatePrice with args=[] 
2026-05-13T05:58:52.756 [INFO] requestId:[                                    ] thread:[scheduling-1             ] c.s.t.service.PriceSimulatorService.generatePrice@55:
   Price event sent | symbol=BTC price=21513.4064 topic=prices 
2026-05-13T05:58:52.757 [INFO] requestId:[                                    ] thread:[scheduling-1             ] c.s.testHibernate.logging.LoggingAspect.logExecution@33:
   Exiting com.saber.testHibernate.service.PriceSimulatorService.generatePrice | executionTime=2 ms 
2026-05-13T05:59:52.764 [INFO] requestId:[                                    ] thread:[scheduling-1             ] c.s.testHibernate.logging.LoggingAspect.logExecution@28:
   Entering com.saber.testHibernate.service.PriceSimulatorService.generatePrice with args=[] 
2026-05-13T05:59:52.766 [INFO] requestId:[                                    ] thread:[scheduling-1             ] c.s.t.service.PriceSimulatorService.generatePrice@55:
   Price event sent | symbol=BTC price=23636.5354 topic=prices 
2026-05-13T05:59:52.766 [INFO] requestId:[                                    ] thread:[scheduling-1             ] c.s.testHibernate.logging.LoggingAspect.logExecution@33:
   Exiting com.saber.testHibernate.service.PriceSimulatorService.generatePrice | executionTime=2 ms 
2026-05-13T06:00:52.763 [INFO] requestId:[                                    ] thread:[scheduling-1             ] c.s.testHibernate.logging.LoggingAspect.logExecution@28:
   Entering com.saber.testHibernate.service.PriceSimulatorService.generatePrice with args=[] 
2026-05-13T06:00:52.765 [INFO] requestId:[                                    ] thread:[scheduling-1             ] c.s.t.service.PriceSimulatorService.generatePrice@55:
   Price event sent | symbol=AAPL price=110.7245 topic=prices 
2026-05-13T06:00:52.766 [INFO] requestId:[                                    ] thread:[scheduling-1             ] c.s.testHibernate.logging.LoggingAspect.logExecution@33:
   Exiting com.saber.testHibernate.service.PriceSimulatorService.generatePrice | executionTime=3 ms 
2026-05-13T06:01:52.758 [INFO] requestId:[                                    ] thread:[scheduling-1             ] c.s.testHibernate.logging.LoggingAspect.logExecution@28:
   Entering com.saber.testHibernate.service.PriceSimulatorService.generatePrice with args=[] 
2026-05-13T06:01:52.760 [INFO] requestId:[                                    ] thread:[scheduling-1             ] c.s.t.service.PriceSimulatorService.generatePrice@55:
   Price event sent | symbol=ETH price=3200.3134 topic=prices 
2026-05-13T06:01:52.760 [INFO] requestId:[                                    ] thread:[scheduling-1             ] c.s.testHibernate.logging.LoggingAspect.logExecution@33:
   Exiting com.saber.testHibernate.service.PriceSimulatorService.generatePrice | executionTime=2 ms 
2026-05-13T06:02:52.760 [INFO] requestId:[                                    ] thread:[scheduling-1             ] c.s.testHibernate.logging.LoggingAspect.logExecution@28:
   Entering com.saber.testHibernate.service.PriceSimulatorService.generatePrice with args=[] 
2026-05-13T06:02:52.762 [INFO] requestId:[                                    ] thread:[scheduling-1             ] c.s.t.service.PriceSimulatorService.generatePrice@55:
   Price event sent | symbol=BTC price=24772.0369 topic=prices 
2026-05-13T06:02:52.762 [INFO] requestId:[                                    ] thread:[scheduling-1             ] c.s.testHibernate.logging.LoggingAspect.logExecution@33:
   Exiting com.saber.testHibernate.service.PriceSimulatorService.generatePrice | executionTime=2 ms 
2026-05-13T06:03:52.763 [INFO] requestId:[                                    ] thread:[scheduling-1             ] c.s.testHibernate.logging.LoggingAspect.logExecution@28:
   Entering com.saber.testHibernate.service.PriceSimulatorService.generatePrice with args=[] 
2026-05-13T06:03:52.764 [INFO] requestId:[                                    ] thread:[scheduling-1             ] c.s.t.service.PriceSimulatorService.generatePrice@55:
   Price event sent | symbol=BTC price=22979.0359 topic=prices 
2026-05-13T06:03:52.765 [INFO] requestId:[                                    ] thread:[scheduling-1             ] c.s.testHibernate.logging.LoggingAspect.logExecution@33:
   Exiting com.saber.testHibernate.service.PriceSimulatorService.generatePrice | executionTime=2 ms 
2026-05-13T06:04:52.769 [INFO] requestId:[                                    ] thread:[scheduling-1             ] c.s.testHibernate.logging.LoggingAspect.logExecution@28:
   Entering com.saber.testHibernate.service.PriceSimulatorService.generatePrice with args=[] 
2026-05-13T06:04:52.773 [INFO] requestId:[                                    ] thread:[scheduling-1             ] c.s.t.service.PriceSimulatorService.generatePrice@55:
   Price event sent | symbol=AAPL price=120.3118 topic=prices 
2026-05-13T06:04:52.774 [INFO] requestId:[                                    ] thread:[scheduling-1             ] c.s.testHibernate.logging.LoggingAspect.logExecution@33:
   Exiting com.saber.testHibernate.service.PriceSimulatorService.generatePrice | executionTime=5 ms 
2026-05-13T06:05:52.768 [INFO] requestId:[                                    ] thread:[scheduling-1             ] c.s.testHibernate.logging.LoggingAspect.logExecution@28:
   Entering com.saber.testHibernate.service.PriceSimulatorService.generatePrice with args=[] 
2026-05-13T06:05:52.771 [INFO] requestId:[                                    ] thread:[scheduling-1             ] c.s.t.service.PriceSimulatorService.generatePrice@55:
   Price event sent | symbol=ETH price=3337.4995 topic=prices 
2026-05-13T06:05:52.772 [INFO] requestId:[                                    ] thread:[scheduling-1             ] c.s.testHibernate.logging.LoggingAspect.logExecution@33:
   Exiting com.saber.testHibernate.service.PriceSimulatorService.generatePrice | executionTime=4 ms 
2026-05-13T06:06:52.771 [INFO] requestId:[                                    ] thread:[scheduling-1             ] c.s.testHibernate.logging.LoggingAspect.logExecution@28:
   Entering com.saber.testHibernate.service.PriceSimulatorService.generatePrice with args=[] 
2026-05-13T06:06:52.773 [INFO] requestId:[                                    ] thread:[scheduling-1             ] c.s.t.service.PriceSimulatorService.generatePrice@55:
   Price event sent | symbol=GOOG price=33.6650 topic=prices 
2026-05-13T06:06:52.774 [INFO] requestId:[                                    ] thread:[scheduling-1             ] c.s.testHibernate.logging.LoggingAspect.logExecution@33:
   Exiting com.saber.testHibernate.service.PriceSimulatorService.generatePrice | executionTime=3 ms 
2026-05-13T06:07:52.771 [INFO] requestId:[                                    ] thread:[scheduling-1             ] c.s.testHibernate.logging.LoggingAspect.logExecution@28:
   Entering com.saber.testHibernate.service.PriceSimulatorService.generatePrice with args=[] 
2026-05-13T06:07:52.773 [INFO] requestId:[                                    ] thread:[scheduling-1             ] c.s.t.service.PriceSimulatorService.generatePrice@55:
   Price event sent | symbol=BTC price=24229.3745 topic=prices 
2026-05-13T06:07:52.774 [INFO] requestId:[                                    ] thread:[scheduling-1             ] c.s.testHibernate.logging.LoggingAspect.logExecution@33:
   Exiting com.saber.testHibernate.service.PriceSimulatorService.generatePrice | executionTime=3 ms 
2026-05-13T06:08:52.766 [INFO] requestId:[                                    ] thread:[scheduling-1             ] c.s.testHibernate.logging.LoggingAspect.logExecution@28:
   Entering com.saber.testHibernate.service.PriceSimulatorService.generatePrice with args=[] 
2026-05-13T06:08:52.767 [INFO] requestId:[                                    ] thread:[scheduling-1             ] c.s.t.service.PriceSimulatorService.generatePrice@55:
   Price event sent | symbol=BTC price=23967.4988 topic=prices 
2026-05-13T06:08:52.768 [INFO] requestId:[                                    ] thread:[scheduling-1             ] c.s.testHibernate.logging.LoggingAspect.logExecution@33:
   Exiting com.saber.testHibernate.service.PriceSimulatorService.generatePrice | executionTime=2 ms 
2026-05-13T06:09:52.771 [INFO] requestId:[                                    ] thread:[scheduling-1             ] c.s.testHibernate.logging.LoggingAspect.logExecution@28:
   Entering com.saber.testHibernate.service.PriceSimulatorService.generatePrice with args=[] 
2026-05-13T06:09:52.773 [INFO] requestId:[                                    ] thread:[scheduling-1             ] c.s.t.service.PriceSimulatorService.generatePrice@55:
   Price event sent | symbol=AAPL price=122.9737 topic=prices 
2026-05-13T06:09:52.774 [INFO] requestId:[                                    ] thread:[scheduling-1             ] c.s.testHibernate.logging.LoggingAspect.logExecution@33:
   Exiting com.saber.testHibernate.service.PriceSimulatorService.generatePrice | executionTime=3 ms 
2026-05-13T06:10:52.772 [INFO] requestId:[                                    ] thread:[scheduling-1             ] c.s.testHibernate.logging.LoggingAspect.logExecution@28:
   Entering com.saber.testHibernate.service.PriceSimulatorService.generatePrice with args=[] 
2026-05-13T06:10:52.773 [INFO] requestId:[                                    ] thread:[scheduling-1             ] c.s.t.service.PriceSimulatorService.generatePrice@55:
   Price event sent | symbol=ETH price=3638.1490 topic=prices 
2026-05-13T06:10:52.774 [INFO] requestId:[                                    ] thread:[scheduling-1             ] c.s.testHibernate.logging.LoggingAspect.logExecution@33:
   Exiting com.saber.testHibernate.service.PriceSimulatorService.generatePrice | executionTime=2 ms 
2026-05-13T06:11:52.769 [INFO] requestId:[                                    ] thread:[scheduling-1             ] c.s.testHibernate.logging.LoggingAspect.logExecution@28:
   Entering com.saber.testHibernate.service.PriceSimulatorService.generatePrice with args=[] 
2026-05-13T06:11:52.770 [INFO] requestId:[                                    ] thread:[scheduling-1             ] c.s.t.service.PriceSimulatorService.generatePrice@55:
   Price event sent | symbol=AAPL price=128.2149 topic=prices 
2026-05-13T06:11:52.773 [INFO] requestId:[                                    ] thread:[scheduling-1             ] c.s.testHibernate.logging.LoggingAspect.logExecution@33:
   Exiting com.saber.testHibernate.service.PriceSimulatorService.generatePrice | executionTime=4 ms 
2026-05-13T06:12:52.765 [INFO] requestId:[                                    ] thread:[scheduling-1             ] c.s.testHibernate.logging.LoggingAspect.logExecution@28:
   Entering com.saber.testHibernate.service.PriceSimulatorService.generatePrice with args=[] 
2026-05-13T06:12:52.767 [INFO] requestId:[                                    ] thread:[scheduling-1             ] c.s.t.service.PriceSimulatorService.generatePrice@55:
   Price event sent | symbol=AAPL price=134.2029 topic=prices 
2026-05-13T06:12:52.767 [INFO] requestId:[                                    ] thread:[scheduling-1             ] c.s.testHibernate.logging.LoggingAspect.logExecution@33:
   Exiting com.saber.testHibernate.service.PriceSimulatorService.generatePrice | executionTime=2 ms 
2026-05-13T06:13:52.769 [INFO] requestId:[                                    ] thread:[scheduling-1             ] c.s.testHibernate.logging.LoggingAspect.logExecution@28:
   Entering com.saber.testHibernate.service.PriceSimulatorService.generatePrice with args=[] 
2026-05-13T06:13:52.771 [INFO] requestId:[                                    ] thread:[scheduling-1             ] c.s.t.service.PriceSimulatorService.generatePrice@55:
   Price event sent | symbol=ETH price=3960.7758 topic=prices 
2026-05-13T06:13:52.772 [INFO] requestId:[                                    ] thread:[scheduling-1             ] c.s.testHibernate.logging.LoggingAspect.logExecution@33:
   Exiting com.saber.testHibernate.service.PriceSimulatorService.generatePrice | executionTime=3 ms 
2026-05-13T06:14:52.776 [INFO] requestId:[                                    ] thread:[scheduling-1             ] c.s.testHibernate.logging.LoggingAspect.logExecution@28:
   Entering com.saber.testHibernate.service.PriceSimulatorService.generatePrice with args=[] 
2026-05-13T06:14:52.777 [INFO] requestId:[                                    ] thread:[scheduling-1             ] c.s.t.service.PriceSimulatorService.generatePrice@55:
   Price event sent | symbol=AAPL price=129.5287 topic=prices 
2026-05-13T06:14:52.777 [INFO] requestId:[                                    ] thread:[scheduling-1             ] c.s.testHibernate.logging.LoggingAspect.logExecution@33:
   Exiting com.saber.testHibernate.service.PriceSimulatorService.generatePrice | executionTime=1 ms 
2026-05-13T06:15:52.780 [INFO] requestId:[                                    ] thread:[scheduling-1             ] c.s.testHibernate.logging.LoggingAspect.logExecution@28:
   Entering com.saber.testHibernate.service.PriceSimulatorService.generatePrice with args=[] 
2026-05-13T06:15:52.783 [INFO] requestId:[                                    ] thread:[scheduling-1             ] c.s.t.service.PriceSimulatorService.generatePrice@55:
   Price event sent | symbol=ETH price=4060.5148 topic=prices 
2026-05-13T06:15:52.783 [INFO] requestId:[                                    ] thread:[scheduling-1             ] c.s.testHibernate.logging.LoggingAspect.logExecution@33:
   Exiting com.saber.testHibernate.service.PriceSimulatorService.generatePrice | executionTime=3 ms 
2026-05-13T06:16:52.778 [INFO] requestId:[                                    ] thread:[scheduling-1             ] c.s.testHibernate.logging.LoggingAspect.logExecution@28:
   Entering com.saber.testHibernate.service.PriceSimulatorService.generatePrice with args=[] 
2026-05-13T06:16:52.782 [INFO] requestId:[                                    ] thread:[scheduling-1             ] c.s.t.service.PriceSimulatorService.generatePrice@55:
   Price event sent | symbol=GOOG price=32.0564 topic=prices 
2026-05-13T06:16:52.783 [INFO] requestId:[                                    ] thread:[scheduling-1             ] c.s.testHibernate.logging.LoggingAspect.logExecution@33:
   Exiting com.saber.testHibernate.service.PriceSimulatorService.generatePrice | executionTime=5 ms 
2026-05-13T06:17:52.776 [INFO] requestId:[                                    ] thread:[scheduling-1             ] c.s.testHibernate.logging.LoggingAspect.logExecution@28:
   Entering com.saber.testHibernate.service.PriceSimulatorService.generatePrice with args=[] 
2026-05-13T06:17:52.777 [INFO] requestId:[                                    ] thread:[scheduling-1             ] c.s.t.service.PriceSimulatorService.generatePrice@55:
   Price event sent | symbol=ETH price=3810.6978 topic=prices 
2026-05-13T06:17:52.780 [INFO] requestId:[                                    ] thread:[scheduling-1             ] c.s.testHibernate.logging.LoggingAspect.logExecution@33:
   Exiting com.saber.testHibernate.service.PriceSimulatorService.generatePrice | executionTime=4 ms 
2026-05-13T06:18:52.781 [INFO] requestId:[                                    ] thread:[scheduling-1             ] c.s.testHibernate.logging.LoggingAspect.logExecution@28:
   Entering com.saber.testHibernate.service.PriceSimulatorService.generatePrice with args=[] 
2026-05-13T06:18:52.785 [INFO] requestId:[                                    ] thread:[scheduling-1             ] c.s.t.service.PriceSimulatorService.generatePrice@55:
   Price event sent | symbol=AAPL price=121.5866 topic=prices 
2026-05-13T06:18:52.785 [INFO] requestId:[                                    ] thread:[scheduling-1             ] c.s.testHibernate.logging.LoggingAspect.logExecution@33:
   Exiting com.saber.testHibernate.service.PriceSimulatorService.generatePrice | executionTime=4 ms 
2026-05-13T06:19:52.783 [INFO] requestId:[                                    ] thread:[scheduling-1             ] c.s.testHibernate.logging.LoggingAspect.logExecution@28:
   Entering com.saber.testHibernate.service.PriceSimulatorService.generatePrice with args=[] 
2026-05-13T06:19:52.786 [INFO] requestId:[                                    ] thread:[scheduling-1             ] c.s.t.service.PriceSimulatorService.generatePrice@55:
   Price event sent | symbol=AAPL price=110.3067 topic=prices 
2026-05-13T06:19:52.786 [INFO] requestId:[                                    ] thread:[scheduling-1             ] c.s.testHibernate.logging.LoggingAspect.logExecution@33:
   Exiting com.saber.testHibernate.service.PriceSimulatorService.generatePrice | executionTime=3 ms 
2026-05-13T06:20:52.775 [INFO] requestId:[                                    ] thread:[scheduling-1             ] c.s.testHibernate.logging.LoggingAspect.logExecution@28:
   Entering com.saber.testHibernate.service.PriceSimulatorService.generatePrice with args=[] 
2026-05-13T06:20:52.776 [INFO] requestId:[                                    ] thread:[scheduling-1             ] c.s.t.service.PriceSimulatorService.generatePrice@55:
   Price event sent | symbol=BTC price=21968.8940 topic=prices 
2026-05-13T06:20:52.776 [INFO] requestId:[                                    ] thread:[scheduling-1             ] c.s.testHibernate.logging.LoggingAspect.logExecution@33:
   Exiting com.saber.testHibernate.service.PriceSimulatorService.generatePrice | executionTime=1 ms 
2026-05-13T06:21:52.775 [INFO] requestId:[                                    ] thread:[scheduling-1             ] c.s.testHibernate.logging.LoggingAspect.logExecution@28:
   Entering com.saber.testHibernate.service.PriceSimulatorService.generatePrice with args=[] 
2026-05-13T06:21:52.777 [INFO] requestId:[                                    ] thread:[scheduling-1             ] c.s.t.service.PriceSimulatorService.generatePrice@55:
   Price event sent | symbol=ETH price=4119.3950 topic=prices 
2026-05-13T06:21:52.777 [INFO] requestId:[                                    ] thread:[scheduling-1             ] c.s.testHibernate.logging.LoggingAspect.logExecution@33:
   Exiting com.saber.testHibernate.service.PriceSimulatorService.generatePrice | executionTime=2 ms 
2026-05-13T06:22:52.789 [INFO] requestId:[                                    ] thread:[scheduling-1             ] c.s.testHibernate.logging.LoggingAspect.logExecution@28:
   Entering com.saber.testHibernate.service.PriceSimulatorService.generatePrice with args=[] 
2026-05-13T06:22:52.791 [INFO] requestId:[                                    ] thread:[scheduling-1             ] c.s.t.service.PriceSimulatorService.generatePrice@55:
   Price event sent | symbol=BTC price=22381.4670 topic=prices 
2026-05-13T06:22:52.792 [INFO] requestId:[                                    ] thread:[scheduling-1             ] c.s.testHibernate.logging.LoggingAspect.logExecution@33:
   Exiting com.saber.testHibernate.service.PriceSimulatorService.generatePrice | executionTime=3 ms 
2026-05-13T06:23:52.784 [INFO] requestId:[                                    ] thread:[scheduling-1             ] c.s.testHibernate.logging.LoggingAspect.logExecution@28:
   Entering com.saber.testHibernate.service.PriceSimulatorService.generatePrice with args=[] 
2026-05-13T06:23:52.786 [INFO] requestId:[                                    ] thread:[scheduling-1             ] c.s.t.service.PriceSimulatorService.generatePrice@55:
   Price event sent | symbol=AAPL price=120.6196 topic=prices 
2026-05-13T06:23:52.787 [INFO] requestId:[                                    ] thread:[scheduling-1             ] c.s.testHibernate.logging.LoggingAspect.logExecution@33:
   Exiting com.saber.testHibernate.service.PriceSimulatorService.generatePrice | executionTime=3 ms 
2026-05-13T06:24:52.777 [INFO] requestId:[                                    ] thread:[scheduling-1             ] c.s.testHibernate.logging.LoggingAspect.logExecution@28:
   Entering com.saber.testHibernate.service.PriceSimulatorService.generatePrice with args=[] 
2026-05-13T06:24:52.779 [INFO] requestId:[                                    ] thread:[scheduling-1             ] c.s.t.service.PriceSimulatorService.generatePrice@55:
   Price event sent | symbol=AAPL price=131.3439 topic=prices 
2026-05-13T06:24:52.779 [INFO] requestId:[                                    ] thread:[scheduling-1             ] c.s.testHibernate.logging.LoggingAspect.logExecution@33:
   Exiting com.saber.testHibernate.service.PriceSimulatorService.generatePrice | executionTime=2 ms 
2026-05-13T06:25:52.783 [INFO] requestId:[                                    ] thread:[scheduling-1             ] c.s.testHibernate.logging.LoggingAspect.logExecution@28:
   Entering com.saber.testHibernate.service.PriceSimulatorService.generatePrice with args=[] 
2026-05-13T06:25:52.785 [INFO] requestId:[                                    ] thread:[scheduling-1             ] c.s.t.service.PriceSimulatorService.generatePrice@55:
   Price event sent | symbol=ETH price=4037.5694 topic=prices 
2026-05-13T06:25:52.785 [INFO] requestId:[                                    ] thread:[scheduling-1             ] c.s.testHibernate.logging.LoggingAspect.logExecution@33:
   Exiting com.saber.testHibernate.service.PriceSimulatorService.generatePrice | executionTime=2 ms 
2026-05-13T06:26:52.791 [INFO] requestId:[                                    ] thread:[scheduling-1             ] c.s.testHibernate.logging.LoggingAspect.logExecution@28:
   Entering com.saber.testHibernate.service.PriceSimulatorService.generatePrice with args=[] 
2026-05-13T06:26:52.794 [INFO] requestId:[                                    ] thread:[scheduling-1             ] c.s.t.service.PriceSimulatorService.generatePrice@55:
   Price event sent | symbol=AAPL price=136.7117 topic=prices 
2026-05-13T06:26:52.794 [INFO] requestId:[                                    ] thread:[scheduling-1             ] c.s.testHibernate.logging.LoggingAspect.logExecution@33:
   Exiting com.saber.testHibernate.service.PriceSimulatorService.generatePrice | executionTime=3 ms 
2026-05-13T06:27:52.789 [INFO] requestId:[                                    ] thread:[scheduling-1             ] c.s.testHibernate.logging.LoggingAspect.logExecution@28:
   Entering com.saber.testHibernate.service.PriceSimulatorService.generatePrice with args=[] 
2026-05-13T06:27:52.790 [INFO] requestId:[                                    ] thread:[scheduling-1             ] c.s.t.service.PriceSimulatorService.generatePrice@55:
   Price event sent | symbol=GOOG price=30.7903 topic=prices 
2026-05-13T06:27:52.790 [INFO] requestId:[                                    ] thread:[scheduling-1             ] c.s.testHibernate.logging.LoggingAspect.logExecution@33:
   Exiting com.saber.testHibernate.service.PriceSimulatorService.generatePrice | executionTime=1 ms 
2026-05-13T06:28:52.784 [INFO] requestId:[                                    ] thread:[scheduling-1             ] c.s.testHibernate.logging.LoggingAspect.logExecution@28:
   Entering com.saber.testHibernate.service.PriceSimulatorService.generatePrice with args=[] 
2026-05-13T06:28:52.787 [INFO] requestId:[                                    ] thread:[scheduling-1             ] c.s.t.service.PriceSimulatorService.generatePrice@55:
   Price event sent | symbol=GOOG price=29.7196 topic=prices 
2026-05-13T06:28:52.789 [INFO] requestId:[                                    ] thread:[scheduling-1             ] c.s.testHibernate.logging.LoggingAspect.logExecution@33:
   Exiting com.saber.testHibernate.service.PriceSimulatorService.generatePrice | executionTime=5 ms 
2026-05-13T06:29:52.794 [INFO] requestId:[                                    ] thread:[scheduling-1             ] c.s.testHibernate.logging.LoggingAspect.logExecution@28:
   Entering com.saber.testHibernate.service.PriceSimulatorService.generatePrice with args=[] 
2026-05-13T06:29:52.796 [INFO] requestId:[                                    ] thread:[scheduling-1             ] c.s.t.service.PriceSimulatorService.generatePrice@55:
   Price event sent | symbol=ETH price=3778.0064 topic=prices 
2026-05-13T06:29:52.796 [INFO] requestId:[                                    ] thread:[scheduling-1             ] c.s.testHibernate.logging.LoggingAspect.logExecution@33:
   Exiting com.saber.testHibernate.service.PriceSimulatorService.generatePrice | executionTime=2 ms 
2026-05-13T06:30:52.794 [INFO] requestId:[                                    ] thread:[scheduling-1             ] c.s.testHibernate.logging.LoggingAspect.logExecution@28:
   Entering com.saber.testHibernate.service.PriceSimulatorService.generatePrice with args=[] 
2026-05-13T06:30:52.796 [INFO] requestId:[                                    ] thread:[scheduling-1             ] c.s.t.service.PriceSimulatorService.generatePrice@55:
   Price event sent | symbol=BTC price=23698.2157 topic=prices 
2026-05-13T06:30:52.796 [INFO] requestId:[                                    ] thread:[scheduling-1             ] c.s.testHibernate.logging.LoggingAspect.logExecution@33:
   Exiting com.saber.testHibernate.service.PriceSimulatorService.generatePrice | executionTime=2 ms 
2026-05-13T06:31:52.794 [INFO] requestId:[                                    ] thread:[scheduling-1             ] c.s.testHibernate.logging.LoggingAspect.logExecution@28:
   Entering com.saber.testHibernate.service.PriceSimulatorService.generatePrice with args=[] 
2026-05-13T06:31:52.795 [INFO] requestId:[                                    ] thread:[scheduling-1             ] c.s.t.service.PriceSimulatorService.generatePrice@55:
   Price event sent | symbol=ETH price=3876.2023 topic=prices 
2026-05-13T06:31:52.795 [INFO] requestId:[                                    ] thread:[scheduling-1             ] c.s.testHibernate.logging.LoggingAspect.logExecution@33:
   Exiting com.saber.testHibernate.service.PriceSimulatorService.generatePrice | executionTime=1 ms 
2026-05-13T06:32:52.798 [INFO] requestId:[                                    ] thread:[scheduling-1             ] c.s.testHibernate.logging.LoggingAspect.logExecution@28:
   Entering com.saber.testHibernate.service.PriceSimulatorService.generatePrice with args=[] 
2026-05-13T06:32:52.799 [INFO] requestId:[                                    ] thread:[scheduling-1             ] c.s.t.service.PriceSimulatorService.generatePrice@55:
   Price event sent | symbol=BTC price=23280.8556 topic=prices 
2026-05-13T06:32:52.799 [INFO] requestId:[                                    ] thread:[scheduling-1             ] c.s.testHibernate.logging.LoggingAspect.logExecution@33:
   Exiting com.saber.testHibernate.service.PriceSimulatorService.generatePrice | executionTime=1 ms 
2026-05-13T06:33:52.789 [INFO] requestId:[                                    ] thread:[scheduling-1             ] c.s.testHibernate.logging.LoggingAspect.logExecution@28:
   Entering com.saber.testHibernate.service.PriceSimulatorService.generatePrice with args=[] 
2026-05-13T06:33:52.790 [INFO] requestId:[                                    ] thread:[scheduling-1             ] c.s.t.service.PriceSimulatorService.generatePrice@55:
   Price event sent | symbol=AAPL price=132.3384 topic=prices 
2026-05-13T06:33:52.793 [INFO] requestId:[                                    ] thread:[scheduling-1             ] c.s.testHibernate.logging.LoggingAspect.logExecution@33:
   Exiting com.saber.testHibernate.service.PriceSimulatorService.generatePrice | executionTime=4 ms 
2026-05-13T06:34:52.800 [INFO] requestId:[                                    ] thread:[scheduling-1             ] c.s.testHibernate.logging.LoggingAspect.logExecution@28:
   Entering com.saber.testHibernate.service.PriceSimulatorService.generatePrice with args=[] 
2026-05-13T06:34:52.802 [INFO] requestId:[                                    ] thread:[scheduling-1             ] c.s.t.service.PriceSimulatorService.generatePrice@55:
   Price event sent | symbol=BTC price=21064.2986 topic=prices 
2026-05-13T06:34:52.802 [INFO] requestId:[                                    ] thread:[scheduling-1             ] c.s.testHibernate.logging.LoggingAspect.logExecution@33:
   Exiting com.saber.testHibernate.service.PriceSimulatorService.generatePrice | executionTime=2 ms 
2026-05-13T06:35:52.800 [INFO] requestId:[                                    ] thread:[scheduling-1             ] c.s.testHibernate.logging.LoggingAspect.logExecution@28:
   Entering com.saber.testHibernate.service.PriceSimulatorService.generatePrice with args=[] 
2026-05-13T06:35:52.801 [INFO] requestId:[                                    ] thread:[scheduling-1             ] c.s.t.service.PriceSimulatorService.generatePrice@55:
   Price event sent | symbol=GOOG price=32.0057 topic=prices 
2026-05-13T06:35:52.801 [INFO] requestId:[                                    ] thread:[scheduling-1             ] c.s.testHibernate.logging.LoggingAspect.logExecution@33:
   Exiting com.saber.testHibernate.service.PriceSimulatorService.generatePrice | executionTime=1 ms 
2026-05-13T06:36:52.799 [INFO] requestId:[                                    ] thread:[scheduling-1             ] c.s.testHibernate.logging.LoggingAspect.logExecution@28:
   Entering com.saber.testHibernate.service.PriceSimulatorService.generatePrice with args=[] 
2026-05-13T06:36:52.802 [INFO] requestId:[                                    ] thread:[scheduling-1             ] c.s.t.service.PriceSimulatorService.generatePrice@55:
   Price event sent | symbol=BTC price=19273.6865 topic=prices 
2026-05-13T06:36:52.802 [INFO] requestId:[                                    ] thread:[scheduling-1             ] c.s.testHibernate.logging.LoggingAspect.logExecution@33:
   Exiting com.saber.testHibernate.service.PriceSimulatorService.generatePrice | executionTime=3 ms 
2026-05-13T06:37:52.798 [INFO] requestId:[                                    ] thread:[scheduling-1             ] c.s.testHibernate.logging.LoggingAspect.logExecution@28:
   Entering com.saber.testHibernate.service.PriceSimulatorService.generatePrice with args=[] 
2026-05-13T06:37:52.799 [INFO] requestId:[                                    ] thread:[scheduling-1             ] c.s.t.service.PriceSimulatorService.generatePrice@55:
   Price event sent | symbol=GOOG price=32.2046 topic=prices 
2026-05-13T06:37:52.800 [INFO] requestId:[                                    ] thread:[scheduling-1             ] c.s.testHibernate.logging.LoggingAspect.logExecution@33:
   Exiting com.saber.testHibernate.service.PriceSimulatorService.generatePrice | executionTime=2 ms 
2026-05-13T06:38:52.789 [INFO] requestId:[                                    ] thread:[scheduling-1             ] c.s.testHibernate.logging.LoggingAspect.logExecution@28:
   Entering com.saber.testHibernate.service.PriceSimulatorService.generatePrice with args=[] 
2026-05-13T06:38:52.791 [INFO] requestId:[                                    ] thread:[scheduling-1             ] c.s.t.service.PriceSimulatorService.generatePrice@55:
   Price event sent | symbol=ETH price=3697.4889 topic=prices 
2026-05-13T06:38:52.792 [INFO] requestId:[                                    ] thread:[scheduling-1             ] c.s.testHibernate.logging.LoggingAspect.logExecution@33:
   Exiting com.saber.testHibernate.service.PriceSimulatorService.generatePrice | executionTime=3 ms 
2026-05-13T06:39:52.790 [INFO] requestId:[                                    ] thread:[scheduling-1             ] c.s.testHibernate.logging.LoggingAspect.logExecution@28:
   Entering com.saber.testHibernate.service.PriceSimulatorService.generatePrice with args=[] 
2026-05-13T06:39:52.793 [INFO] requestId:[                                    ] thread:[scheduling-1             ] c.s.t.service.PriceSimulatorService.generatePrice@55:
   Price event sent | symbol=AAPL price=136.5875 topic=prices 
2026-05-13T06:39:52.793 [INFO] requestId:[                                    ] thread:[scheduling-1             ] c.s.testHibernate.logging.LoggingAspect.logExecution@33:
   Exiting com.saber.testHibernate.service.PriceSimulatorService.generatePrice | executionTime=3 ms 
2026-05-13T06:40:52.799 [INFO] requestId:[                                    ] thread:[scheduling-1             ] c.s.testHibernate.logging.LoggingAspect.logExecution@28:
   Entering com.saber.testHibernate.service.PriceSimulatorService.generatePrice with args=[] 
2026-05-13T06:40:52.802 [INFO] requestId:[                                    ] thread:[scheduling-1             ] c.s.t.service.PriceSimulatorService.generatePrice@55:
   Price event sent | symbol=ETH price=3865.8212 topic=prices 
2026-05-13T06:40:52.802 [INFO] requestId:[                                    ] thread:[scheduling-1             ] c.s.testHibernate.logging.LoggingAspect.logExecution@33:
   Exiting com.saber.testHibernate.service.PriceSimulatorService.generatePrice | executionTime=3 ms 
2026-05-13T06:41:52.805 [INFO] requestId:[                                    ] thread:[scheduling-1             ] c.s.testHibernate.logging.LoggingAspect.logExecution@28:
   Entering com.saber.testHibernate.service.PriceSimulatorService.generatePrice with args=[] 
2026-05-13T06:41:52.808 [INFO] requestId:[                                    ] thread:[scheduling-1             ] c.s.t.service.PriceSimulatorService.generatePrice@55:
   Price event sent | symbol=AAPL price=130.5981 topic=prices 
2026-05-13T06:41:52.809 [INFO] requestId:[                                    ] thread:[scheduling-1             ] c.s.testHibernate.logging.LoggingAspect.logExecution@33:
   Exiting com.saber.testHibernate.service.PriceSimulatorService.generatePrice | executionTime=4 ms 
2026-05-13T06:42:52.807 [INFO] requestId:[                                    ] thread:[scheduling-1             ] c.s.testHibernate.logging.LoggingAspect.logExecution@28:
   Entering com.saber.testHibernate.service.PriceSimulatorService.generatePrice with args=[] 
2026-05-13T06:42:52.808 [INFO] requestId:[                                    ] thread:[scheduling-1             ] c.s.t.service.PriceSimulatorService.generatePrice@55:
   Price event sent | symbol=ETH price=3605.6710 topic=prices 
2026-05-13T06:42:52.808 [INFO] requestId:[                                    ] thread:[scheduling-1             ] c.s.testHibernate.logging.LoggingAspect.logExecution@33:
   Exiting com.saber.testHibernate.service.PriceSimulatorService.generatePrice | executionTime=1 ms 
2026-05-13T06:43:52.803 [INFO] requestId:[                                    ] thread:[scheduling-1             ] c.s.testHibernate.logging.LoggingAspect.logExecution@28:
   Entering com.saber.testHibernate.service.PriceSimulatorService.generatePrice with args=[] 
2026-05-13T06:43:52.805 [INFO] requestId:[                                    ] thread:[scheduling-1             ] c.s.t.service.PriceSimulatorService.generatePrice@55:
   Price event sent | symbol=ETH price=3828.7543 topic=prices 
2026-05-13T06:43:52.806 [INFO] requestId:[                                    ] thread:[scheduling-1             ] c.s.testHibernate.logging.LoggingAspect.logExecution@33:
   Exiting com.saber.testHibernate.service.PriceSimulatorService.generatePrice | executionTime=3 ms 
2026-05-13T06:44:52.804 [INFO] requestId:[                                    ] thread:[scheduling-1             ] c.s.testHibernate.logging.LoggingAspect.logExecution@28:
   Entering com.saber.testHibernate.service.PriceSimulatorService.generatePrice with args=[] 
2026-05-13T06:44:52.807 [INFO] requestId:[                                    ] thread:[scheduling-1             ] c.s.t.service.PriceSimulatorService.generatePrice@55:
   Price event sent | symbol=ETH price=4050.1905 topic=prices 
2026-05-13T06:44:52.808 [INFO] requestId:[                                    ] thread:[scheduling-1             ] c.s.testHibernate.logging.LoggingAspect.logExecution@33:
   Exiting com.saber.testHibernate.service.PriceSimulatorService.generatePrice | executionTime=4 ms 
2026-05-13T06:45:52.808 [INFO] requestId:[                                    ] thread:[scheduling-1             ] c.s.testHibernate.logging.LoggingAspect.logExecution@28:
   Entering com.saber.testHibernate.service.PriceSimulatorService.generatePrice with args=[] 
2026-05-13T06:45:52.810 [INFO] requestId:[                                    ] thread:[scheduling-1             ] c.s.t.service.PriceSimulatorService.generatePrice@55:
   Price event sent | symbol=AAPL price=123.9798 topic=prices 
2026-05-13T06:45:52.811 [INFO] requestId:[                                    ] thread:[scheduling-1             ] c.s.testHibernate.logging.LoggingAspect.logExecution@33:
   Exiting com.saber.testHibernate.service.PriceSimulatorService.generatePrice | executionTime=3 ms 
2026-05-13T06:46:52.797 [INFO] requestId:[                                    ] thread:[scheduling-1             ] c.s.testHibernate.logging.LoggingAspect.logExecution@28:
   Entering com.saber.testHibernate.service.PriceSimulatorService.generatePrice with args=[] 
2026-05-13T06:46:52.799 [INFO] requestId:[                                    ] thread:[scheduling-1             ] c.s.t.service.PriceSimulatorService.generatePrice@55:
   Price event sent | symbol=AAPL price=121.1721 topic=prices 
2026-05-13T06:46:52.800 [INFO] requestId:[                                    ] thread:[scheduling-1             ] c.s.testHibernate.logging.LoggingAspect.logExecution@33:
   Exiting com.saber.testHibernate.service.PriceSimulatorService.generatePrice | executionTime=3 ms 
2026-05-13T06:47:52.811 [INFO] requestId:[                                    ] thread:[scheduling-1             ] c.s.testHibernate.logging.LoggingAspect.logExecution@28:
   Entering com.saber.testHibernate.service.PriceSimulatorService.generatePrice with args=[] 
2026-05-13T06:47:52.813 [INFO] requestId:[                                    ] thread:[scheduling-1             ] c.s.t.service.PriceSimulatorService.generatePrice@55:
   Price event sent | symbol=AAPL price=113.6662 topic=prices 
2026-05-13T06:47:52.813 [INFO] requestId:[                                    ] thread:[scheduling-1             ] c.s.testHibernate.logging.LoggingAspect.logExecution@33:
   Exiting com.saber.testHibernate.service.PriceSimulatorService.generatePrice | executionTime=2 ms 
2026-05-13T06:48:52.809 [INFO] requestId:[                                    ] thread:[scheduling-1             ] c.s.testHibernate.logging.LoggingAspect.logExecution@28:
   Entering com.saber.testHibernate.service.PriceSimulatorService.generatePrice with args=[] 
2026-05-13T06:48:52.811 [INFO] requestId:[                                    ] thread:[scheduling-1             ] c.s.t.service.PriceSimulatorService.generatePrice@55:
   Price event sent | symbol=BTC price=19294.7359 topic=prices 
2026-05-13T06:48:52.812 [INFO] requestId:[                                    ] thread:[scheduling-1             ] c.s.testHibernate.logging.LoggingAspect.logExecution@33:
   Exiting com.saber.testHibernate.service.PriceSimulatorService.generatePrice | executionTime=3 ms 
2026-05-13T06:49:52.815 [INFO] requestId:[                                    ] thread:[scheduling-1             ] c.s.testHibernate.logging.LoggingAspect.logExecution@28:
   Entering com.saber.testHibernate.service.PriceSimulatorService.generatePrice with args=[] 
2026-05-13T06:49:52.816 [INFO] requestId:[                                    ] thread:[scheduling-1             ] c.s.t.service.PriceSimulatorService.generatePrice@55:
   Price event sent | symbol=GOOG price=30.4383 topic=prices 
2026-05-13T06:49:52.817 [INFO] requestId:[                                    ] thread:[scheduling-1             ] c.s.testHibernate.logging.LoggingAspect.logExecution@33:
   Exiting com.saber.testHibernate.service.PriceSimulatorService.generatePrice | executionTime=4 ms 
2026-05-13T06:50:52.809 [INFO] requestId:[                                    ] thread:[scheduling-1             ] c.s.testHibernate.logging.LoggingAspect.logExecution@28:
   Entering com.saber.testHibernate.service.PriceSimulatorService.generatePrice with args=[] 
2026-05-13T06:50:52.811 [INFO] requestId:[                                    ] thread:[scheduling-1             ] c.s.t.service.PriceSimulatorService.generatePrice@55:
   Price event sent | symbol=BTC price=18869.6989 topic=prices 
2026-05-13T06:50:52.812 [INFO] requestId:[                                    ] thread:[scheduling-1             ] c.s.testHibernate.logging.LoggingAspect.logExecution@33:
   Exiting com.saber.testHibernate.service.PriceSimulatorService.generatePrice | executionTime=3 ms 
2026-05-13T06:51:52.816 [INFO] requestId:[                                    ] thread:[scheduling-1             ] c.s.testHibernate.logging.LoggingAspect.logExecution@28:
   Entering com.saber.testHibernate.service.PriceSimulatorService.generatePrice with args=[] 
2026-05-13T06:51:52.818 [INFO] requestId:[                                    ] thread:[scheduling-1             ] c.s.t.service.PriceSimulatorService.generatePrice@55:
   Price event sent | symbol=BTC price=17229.7062 topic=prices 
2026-05-13T06:51:52.818 [INFO] requestId:[                                    ] thread:[scheduling-1             ] c.s.testHibernate.logging.LoggingAspect.logExecution@33:
   Exiting com.saber.testHibernate.service.PriceSimulatorService.generatePrice | executionTime=2 ms 
2026-05-13T06:52:52.805 [INFO] requestId:[                                    ] thread:[scheduling-1             ] c.s.testHibernate.logging.LoggingAspect.logExecution@28:
   Entering com.saber.testHibernate.service.PriceSimulatorService.generatePrice with args=[] 
2026-05-13T06:52:52.807 [INFO] requestId:[                                    ] thread:[scheduling-1             ] c.s.t.service.PriceSimulatorService.generatePrice@55:
   Price event sent | symbol=GOOG price=30.5817 topic=prices 
2026-05-13T06:52:52.807 [INFO] requestId:[                                    ] thread:[scheduling-1             ] c.s.testHibernate.logging.LoggingAspect.logExecution@33:
   Exiting com.saber.testHibernate.service.PriceSimulatorService.generatePrice | executionTime=2 ms 
2026-05-13T06:53:52.804 [INFO] requestId:[                                    ] thread:[scheduling-1             ] c.s.testHibernate.logging.LoggingAspect.logExecution@28:
   Entering com.saber.testHibernate.service.PriceSimulatorService.generatePrice with args=[] 
2026-05-13T06:53:52.807 [INFO] requestId:[                                    ] thread:[scheduling-1             ] c.s.t.service.PriceSimulatorService.generatePrice@55:
   Price event sent | symbol=ETH price=4386.2919 topic=prices 
2026-05-13T06:53:52.808 [INFO] requestId:[                                    ] thread:[scheduling-1             ] c.s.testHibernate.logging.LoggingAspect.logExecution@33:
   Exiting com.saber.testHibernate.service.PriceSimulatorService.generatePrice | executionTime=4 ms 
2026-05-13T06:54:52.812 [INFO] requestId:[                                    ] thread:[scheduling-1             ] c.s.testHibernate.logging.LoggingAspect.logExecution@28:
   Entering com.saber.testHibernate.service.PriceSimulatorService.generatePrice with args=[] 
2026-05-13T06:54:52.815 [INFO] requestId:[                                    ] thread:[scheduling-1             ] c.s.t.service.PriceSimulatorService.generatePrice@55:
   Price event sent | symbol=ETH price=4803.9714 topic=prices 
2026-05-13T06:54:52.815 [INFO] requestId:[                                    ] thread:[scheduling-1             ] c.s.testHibernate.logging.LoggingAspect.logExecution@33:
   Exiting com.saber.testHibernate.service.PriceSimulatorService.generatePrice | executionTime=3 ms 
2026-05-13T06:55:52.819 [INFO] requestId:[                                    ] thread:[scheduling-1             ] c.s.testHibernate.logging.LoggingAspect.logExecution@28:
   Entering com.saber.testHibernate.service.PriceSimulatorService.generatePrice with args=[] 
2026-05-13T06:55:52.821 [INFO] requestId:[                                    ] thread:[scheduling-1             ] c.s.t.service.PriceSimulatorService.generatePrice@55:
   Price event sent | symbol=GOOG price=28.8334 topic=prices 
2026-05-13T06:55:52.821 [INFO] requestId:[                                    ] thread:[scheduling-1             ] c.s.testHibernate.logging.LoggingAspect.logExecution@33:
   Exiting com.saber.testHibernate.service.PriceSimulatorService.generatePrice | executionTime=2 ms 
2026-05-13T06:56:52.816 [INFO] requestId:[                                    ] thread:[scheduling-1             ] c.s.testHibernate.logging.LoggingAspect.logExecution@28:
   Entering com.saber.testHibernate.service.PriceSimulatorService.generatePrice with args=[] 
2026-05-13T06:56:52.817 [INFO] requestId:[                                    ] thread:[scheduling-1             ] c.s.t.service.PriceSimulatorService.generatePrice@55:
   Price event sent | symbol=AAPL price=113.6080 topic=prices 
2026-05-13T06:56:52.819 [INFO] requestId:[                                    ] thread:[scheduling-1             ] c.s.testHibernate.logging.LoggingAspect.logExecution@33:
   Exiting com.saber.testHibernate.service.PriceSimulatorService.generatePrice | executionTime=3 ms 
2026-05-13T06:57:52.807 [INFO] requestId:[                                    ] thread:[scheduling-1             ] c.s.testHibernate.logging.LoggingAspect.logExecution@28:
   Entering com.saber.testHibernate.service.PriceSimulatorService.generatePrice with args=[] 
2026-05-13T06:57:52.809 [INFO] requestId:[                                    ] thread:[scheduling-1             ] c.s.t.service.PriceSimulatorService.generatePrice@55:
   Price event sent | symbol=BTC price=16261.7711 topic=prices 
2026-05-13T06:57:52.809 [INFO] requestId:[                                    ] thread:[scheduling-1             ] c.s.testHibernate.logging.LoggingAspect.logExecution@33:
   Exiting com.saber.testHibernate.service.PriceSimulatorService.generatePrice | executionTime=2 ms 
2026-05-13T06:58:52.808 [INFO] requestId:[                                    ] thread:[scheduling-1             ] c.s.testHibernate.logging.LoggingAspect.logExecution@28:
   Entering com.saber.testHibernate.service.PriceSimulatorService.generatePrice with args=[] 
2026-05-13T06:58:52.811 [INFO] requestId:[                                    ] thread:[scheduling-1             ] c.s.t.service.PriceSimulatorService.generatePrice@55:
   Price event sent | symbol=GOOG price=30.8245 topic=prices 
2026-05-13T06:58:52.812 [INFO] requestId:[                                    ] thread:[scheduling-1             ] c.s.testHibernate.logging.LoggingAspect.logExecution@33:
   Exiting com.saber.testHibernate.service.PriceSimulatorService.generatePrice | executionTime=4 ms 
2026-05-13T06:59:52.816 [INFO] requestId:[                                    ] thread:[scheduling-1             ] c.s.testHibernate.logging.LoggingAspect.logExecution@28:
   Entering com.saber.testHibernate.service.PriceSimulatorService.generatePrice with args=[] 
2026-05-13T06:59:52.818 [INFO] requestId:[                                    ] thread:[scheduling-1             ] c.s.t.service.PriceSimulatorService.generatePrice@55:
   Price event sent | symbol=ETH price=5229.7112 topic=prices 
2026-05-13T06:59:52.820 [INFO] requestId:[                                    ] thread:[scheduling-1             ] c.s.testHibernate.logging.LoggingAspect.logExecution@33:
   Exiting com.saber.testHibernate.service.PriceSimulatorService.generatePrice | executionTime=4 ms 
2026-05-13T07:00:52.811 [INFO] requestId:[                                    ] thread:[scheduling-1             ] c.s.testHibernate.logging.LoggingAspect.logExecution@28:
   Entering com.saber.testHibernate.service.PriceSimulatorService.generatePrice with args=[] 
2026-05-13T07:00:52.815 [INFO] requestId:[                                    ] thread:[scheduling-1             ] c.s.t.service.PriceSimulatorService.generatePrice@55:
   Price event sent | symbol=AAPL price=119.9352 topic=prices 
2026-05-13T07:00:52.815 [INFO] requestId:[                                    ] thread:[scheduling-1             ] c.s.testHibernate.logging.LoggingAspect.logExecution@33:
   Exiting com.saber.testHibernate.service.PriceSimulatorService.generatePrice | executionTime=4 ms 
2026-05-13T07:01:52.809 [INFO] requestId:[                                    ] thread:[scheduling-1             ] c.s.testHibernate.logging.LoggingAspect.logExecution@28:
   Entering com.saber.testHibernate.service.PriceSimulatorService.generatePrice with args=[] 
2026-05-13T07:01:52.812 [INFO] requestId:[                                    ] thread:[scheduling-1             ] c.s.t.service.PriceSimulatorService.generatePrice@55:
   Price event sent | symbol=ETH price=5174.4688 topic=prices 
2026-05-13T07:01:52.812 [INFO] requestId:[                                    ] thread:[scheduling-1             ] c.s.testHibernate.logging.LoggingAspect.logExecution@33:
   Exiting com.saber.testHibernate.service.PriceSimulatorService.generatePrice | executionTime=3 ms 
2026-05-13T07:02:52.815 [INFO] requestId:[                                    ] thread:[scheduling-1             ] c.s.testHibernate.logging.LoggingAspect.logExecution@28:
   Entering com.saber.testHibernate.service.PriceSimulatorService.generatePrice with args=[] 
2026-05-13T07:02:52.817 [INFO] requestId:[                                    ] thread:[scheduling-1             ] c.s.t.service.PriceSimulatorService.generatePrice@55:
   Price event sent | symbol=GOOG price=30.3342 topic=prices 
2026-05-13T07:02:52.817 [INFO] requestId:[                                    ] thread:[scheduling-1             ] c.s.testHibernate.logging.LoggingAspect.logExecution@33:
   Exiting com.saber.testHibernate.service.PriceSimulatorService.generatePrice | executionTime=2 ms 
2026-05-13T07:03:52.817 [INFO] requestId:[                                    ] thread:[scheduling-1             ] c.s.testHibernate.logging.LoggingAspect.logExecution@28:
   Entering com.saber.testHibernate.service.PriceSimulatorService.generatePrice with args=[] 
2026-05-13T07:03:52.819 [INFO] requestId:[                                    ] thread:[scheduling-1             ] c.s.t.service.PriceSimulatorService.generatePrice@55:
   Price event sent | symbol=GOOG price=30.9151 topic=prices 
2026-05-13T07:03:52.819 [INFO] requestId:[                                    ] thread:[scheduling-1             ] c.s.testHibernate.logging.LoggingAspect.logExecution@33:
   Exiting com.saber.testHibernate.service.PriceSimulatorService.generatePrice | executionTime=2 ms 
2026-05-13T07:04:52.812 [INFO] requestId:[                                    ] thread:[scheduling-1             ] c.s.testHibernate.logging.LoggingAspect.logExecution@28:
   Entering com.saber.testHibernate.service.PriceSimulatorService.generatePrice with args=[] 
2026-05-13T07:04:52.816 [INFO] requestId:[                                    ] thread:[scheduling-1             ] c.s.t.service.PriceSimulatorService.generatePrice@55:
   Price event sent | symbol=BTC price=14777.8715 topic=prices 
2026-05-13T07:04:52.816 [INFO] requestId:[                                    ] thread:[scheduling-1             ] c.s.testHibernate.logging.LoggingAspect.logExecution@33:
   Exiting com.saber.testHibernate.service.PriceSimulatorService.generatePrice | executionTime=4 ms 
2026-05-13T07:05:52.817 [INFO] requestId:[                                    ] thread:[scheduling-1             ] c.s.testHibernate.logging.LoggingAspect.logExecution@28:
   Entering com.saber.testHibernate.service.PriceSimulatorService.generatePrice with args=[] 
2026-05-13T07:05:52.819 [INFO] requestId:[                                    ] thread:[scheduling-1             ] c.s.t.service.PriceSimulatorService.generatePrice@55:
   Price event sent | symbol=ETH price=5050.2121 topic=prices 
2026-05-13T07:05:52.819 [INFO] requestId:[                                    ] thread:[scheduling-1             ] c.s.testHibernate.logging.LoggingAspect.logExecution@33:
   Exiting com.saber.testHibernate.service.PriceSimulatorService.generatePrice | executionTime=2 ms 
2026-05-13T07:06:52.822 [INFO] requestId:[                                    ] thread:[scheduling-1             ] c.s.testHibernate.logging.LoggingAspect.logExecution@28:
   Entering com.saber.testHibernate.service.PriceSimulatorService.generatePrice with args=[] 
2026-05-13T07:06:52.824 [INFO] requestId:[                                    ] thread:[scheduling-1             ] c.s.t.service.PriceSimulatorService.generatePrice@55:
   Price event sent | symbol=GOOG price=29.2213 topic=prices 
2026-05-13T07:06:52.824 [INFO] requestId:[                                    ] thread:[scheduling-1             ] c.s.testHibernate.logging.LoggingAspect.logExecution@33:
   Exiting com.saber.testHibernate.service.PriceSimulatorService.generatePrice | executionTime=2 ms 
2026-05-13T07:07:52.814 [INFO] requestId:[                                    ] thread:[scheduling-1             ] c.s.testHibernate.logging.LoggingAspect.logExecution@28:
   Entering com.saber.testHibernate.service.PriceSimulatorService.generatePrice with args=[] 
2026-05-13T07:07:52.815 [INFO] requestId:[                                    ] thread:[scheduling-1             ] c.s.t.service.PriceSimulatorService.generatePrice@55:
   Price event sent | symbol=ETH price=4747.3348 topic=prices 
2026-05-13T07:07:52.815 [INFO] requestId:[                                    ] thread:[scheduling-1             ] c.s.testHibernate.logging.LoggingAspect.logExecution@33:
   Exiting com.saber.testHibernate.service.PriceSimulatorService.generatePrice | executionTime=1 ms 
2026-05-13T07:08:52.820 [INFO] requestId:[                                    ] thread:[scheduling-1             ] c.s.testHibernate.logging.LoggingAspect.logExecution@28:
   Entering com.saber.testHibernate.service.PriceSimulatorService.generatePrice with args=[] 
2026-05-13T07:08:52.821 [INFO] requestId:[                                    ] thread:[scheduling-1             ] c.s.t.service.PriceSimulatorService.generatePrice@55:
   Price event sent | symbol=ETH price=4582.0734 topic=prices 
2026-05-13T07:08:52.821 [INFO] requestId:[                                    ] thread:[scheduling-1             ] c.s.testHibernate.logging.LoggingAspect.logExecution@33:
   Exiting com.saber.testHibernate.service.PriceSimulatorService.generatePrice | executionTime=1 ms 
2026-05-13T07:09:52.817 [INFO] requestId:[                                    ] thread:[scheduling-1             ] c.s.testHibernate.logging.LoggingAspect.logExecution@28:
   Entering com.saber.testHibernate.service.PriceSimulatorService.generatePrice with args=[] 
2026-05-13T07:09:52.818 [INFO] requestId:[                                    ] thread:[scheduling-1             ] c.s.t.service.PriceSimulatorService.generatePrice@55:
   Price event sent | symbol=GOOG price=31.8560 topic=prices 
2026-05-13T07:09:52.818 [INFO] requestId:[                                    ] thread:[scheduling-1             ] c.s.testHibernate.logging.LoggingAspect.logExecution@33:
   Exiting com.saber.testHibernate.service.PriceSimulatorService.generatePrice | executionTime=1 ms 
2026-05-13T07:10:52.830 [INFO] requestId:[                                    ] thread:[scheduling-1             ] c.s.testHibernate.logging.LoggingAspect.logExecution@28:
   Entering com.saber.testHibernate.service.PriceSimulatorService.generatePrice with args=[] 
2026-05-13T07:10:52.833 [INFO] requestId:[                                    ] thread:[scheduling-1             ] c.s.t.service.PriceSimulatorService.generatePrice@55:
   Price event sent | symbol=GOOG price=30.0819 topic=prices 
2026-05-13T07:10:52.834 [INFO] requestId:[                                    ] thread:[scheduling-1             ] c.s.testHibernate.logging.LoggingAspect.logExecution@33:
   Exiting com.saber.testHibernate.service.PriceSimulatorService.generatePrice | executionTime=4 ms 
2026-05-13T07:11:52.826 [INFO] requestId:[                                    ] thread:[scheduling-1             ] c.s.testHibernate.logging.LoggingAspect.logExecution@28:
   Entering com.saber.testHibernate.service.PriceSimulatorService.generatePrice with args=[] 
2026-05-13T07:11:52.827 [INFO] requestId:[                                    ] thread:[scheduling-1             ] c.s.t.service.PriceSimulatorService.generatePrice@55:
   Price event sent | symbol=BTC price=14959.7067 topic=prices 
2026-05-13T07:11:52.828 [INFO] requestId:[                                    ] thread:[scheduling-1             ] c.s.testHibernate.logging.LoggingAspect.logExecution@33:
   Exiting com.saber.testHibernate.service.PriceSimulatorService.generatePrice | executionTime=2 ms 
2026-05-13T07:12:52.829 [INFO] requestId:[                                    ] thread:[scheduling-1             ] c.s.testHibernate.logging.LoggingAspect.logExecution@28:
   Entering com.saber.testHibernate.service.PriceSimulatorService.generatePrice with args=[] 
2026-05-13T07:12:52.833 [INFO] requestId:[                                    ] thread:[scheduling-1             ] c.s.t.service.PriceSimulatorService.generatePrice@55:
   Price event sent | symbol=BTC price=13592.0702 topic=prices 
2026-05-13T07:12:52.833 [INFO] requestId:[                                    ] thread:[scheduling-1             ] c.s.testHibernate.logging.LoggingAspect.logExecution@33:
   Exiting com.saber.testHibernate.service.PriceSimulatorService.generatePrice | executionTime=4 ms 
2026-05-13T07:13:52.821 [INFO] requestId:[                                    ] thread:[scheduling-1             ] c.s.testHibernate.logging.LoggingAspect.logExecution@28:
   Entering com.saber.testHibernate.service.PriceSimulatorService.generatePrice with args=[] 
2026-05-13T07:13:52.822 [INFO] requestId:[                                    ] thread:[scheduling-1             ] c.s.t.service.PriceSimulatorService.generatePrice@55:
   Price event sent | symbol=GOOG price=33.0676 topic=prices 
2026-05-13T07:13:52.822 [INFO] requestId:[                                    ] thread:[scheduling-1             ] c.s.testHibernate.logging.LoggingAspect.logExecution@33:
   Exiting com.saber.testHibernate.service.PriceSimulatorService.generatePrice | executionTime=1 ms 
2026-05-13T07:14:52.819 [INFO] requestId:[                                    ] thread:[scheduling-1             ] c.s.testHibernate.logging.LoggingAspect.logExecution@28:
   Entering com.saber.testHibernate.service.PriceSimulatorService.generatePrice with args=[] 
2026-05-13T07:14:52.823 [INFO] requestId:[                                    ] thread:[scheduling-1             ] c.s.t.service.PriceSimulatorService.generatePrice@55:
   Price event sent | symbol=BTC price=14530.7238 topic=prices 
2026-05-13T07:14:52.824 [INFO] requestId:[                                    ] thread:[scheduling-1             ] c.s.testHibernate.logging.LoggingAspect.logExecution@33:
   Exiting com.saber.testHibernate.service.PriceSimulatorService.generatePrice | executionTime=5 ms 
2026-05-13T07:15:52.820 [INFO] requestId:[                                    ] thread:[scheduling-1             ] c.s.testHibernate.logging.LoggingAspect.logExecution@28:
   Entering com.saber.testHibernate.service.PriceSimulatorService.generatePrice with args=[] 
2026-05-13T07:15:52.822 [INFO] requestId:[                                    ] thread:[scheduling-1             ] c.s.t.service.PriceSimulatorService.generatePrice@55:
   Price event sent | symbol=GOOG price=32.4546 topic=prices 
2026-05-13T07:15:52.823 [INFO] requestId:[                                    ] thread:[scheduling-1             ] c.s.testHibernate.logging.LoggingAspect.logExecution@33:
   Exiting com.saber.testHibernate.service.PriceSimulatorService.generatePrice | executionTime=3 ms 
2026-05-13T07:16:52.835 [INFO] requestId:[                                    ] thread:[scheduling-1             ] c.s.testHibernate.logging.LoggingAspect.logExecution@28:
   Entering com.saber.testHibernate.service.PriceSimulatorService.generatePrice with args=[] 
2026-05-13T07:16:52.837 [INFO] requestId:[                                    ] thread:[scheduling-1             ] c.s.t.service.PriceSimulatorService.generatePrice@55:
   Price event sent | symbol=BTC price=13563.1516 topic=prices 
2026-05-13T07:16:52.837 [INFO] requestId:[                                    ] thread:[scheduling-1             ] c.s.testHibernate.logging.LoggingAspect.logExecution@33:
   Exiting com.saber.testHibernate.service.PriceSimulatorService.generatePrice | executionTime=2 ms 
2026-05-13T07:17:52.821 [INFO] requestId:[                                    ] thread:[scheduling-1             ] c.s.testHibernate.logging.LoggingAspect.logExecution@28:
   Entering com.saber.testHibernate.service.PriceSimulatorService.generatePrice with args=[] 
2026-05-13T07:17:52.823 [INFO] requestId:[                                    ] thread:[scheduling-1             ] c.s.t.service.PriceSimulatorService.generatePrice@55:
   Price event sent | symbol=GOOG price=30.3640 topic=prices 
2026-05-13T07:17:52.824 [INFO] requestId:[                                    ] thread:[scheduling-1             ] c.s.testHibernate.logging.LoggingAspect.logExecution@33:
   Exiting com.saber.testHibernate.service.PriceSimulatorService.generatePrice | executionTime=3 ms 
2026-05-13T07:18:52.831 [INFO] requestId:[                                    ] thread:[scheduling-1             ] c.s.testHibernate.logging.LoggingAspect.logExecution@28:
   Entering com.saber.testHibernate.service.PriceSimulatorService.generatePrice with args=[] 
2026-05-13T07:18:52.832 [INFO] requestId:[                                    ] thread:[scheduling-1             ] c.s.t.service.PriceSimulatorService.generatePrice@55:
   Price event sent | symbol=BTC price=14626.3131 topic=prices 
2026-05-13T07:18:52.833 [INFO] requestId:[                                    ] thread:[scheduling-1             ] c.s.testHibernate.logging.LoggingAspect.logExecution@33:
   Exiting com.saber.testHibernate.service.PriceSimulatorService.generatePrice | executionTime=2 ms 
2026-05-13T07:19:52.827 [INFO] requestId:[                                    ] thread:[scheduling-1             ] c.s.testHibernate.logging.LoggingAspect.logExecution@28:
   Entering com.saber.testHibernate.service.PriceSimulatorService.generatePrice with args=[] 
2026-05-13T07:19:52.828 [INFO] requestId:[                                    ] thread:[scheduling-1             ] c.s.t.service.PriceSimulatorService.generatePrice@55:
   Price event sent | symbol=GOOG price=29.5647 topic=prices 
2026-05-13T07:19:52.828 [INFO] requestId:[                                    ] thread:[scheduling-1             ] c.s.testHibernate.logging.LoggingAspect.logExecution@33:
   Exiting com.saber.testHibernate.service.PriceSimulatorService.generatePrice | executionTime=1 ms 
2026-05-13T07:20:52.835 [INFO] requestId:[                                    ] thread:[scheduling-1             ] c.s.testHibernate.logging.LoggingAspect.logExecution@28:
   Entering com.saber.testHibernate.service.PriceSimulatorService.generatePrice with args=[] 
2026-05-13T07:20:52.837 [INFO] requestId:[                                    ] thread:[scheduling-1             ] c.s.t.service.PriceSimulatorService.generatePrice@55:
   Price event sent | symbol=GOOG price=32.1066 topic=prices 
2026-05-13T07:20:52.838 [INFO] requestId:[                                    ] thread:[scheduling-1             ] c.s.testHibernate.logging.LoggingAspect.logExecution@33:
   Exiting com.saber.testHibernate.service.PriceSimulatorService.generatePrice | executionTime=3 ms 
2026-05-13T07:21:52.829 [INFO] requestId:[                                    ] thread:[scheduling-1             ] c.s.testHibernate.logging.LoggingAspect.logExecution@28:
   Entering com.saber.testHibernate.service.PriceSimulatorService.generatePrice with args=[] 
2026-05-13T07:21:52.832 [INFO] requestId:[                                    ] thread:[scheduling-1             ] c.s.t.service.PriceSimulatorService.generatePrice@55:
   Price event sent | symbol=AAPL price=109.8352 topic=prices 
2026-05-13T07:21:52.833 [INFO] requestId:[                                    ] thread:[scheduling-1             ] c.s.testHibernate.logging.LoggingAspect.logExecution@33:
   Exiting com.saber.testHibernate.service.PriceSimulatorService.generatePrice | executionTime=4 ms 
2026-05-13T07:22:52.834 [INFO] requestId:[                                    ] thread:[scheduling-1             ] c.s.testHibernate.logging.LoggingAspect.logExecution@28:
   Entering com.saber.testHibernate.service.PriceSimulatorService.generatePrice with args=[] 
2026-05-13T07:22:52.836 [INFO] requestId:[                                    ] thread:[scheduling-1             ] c.s.t.service.PriceSimulatorService.generatePrice@55:
   Price event sent | symbol=BTC price=14926.3014 topic=prices 
2026-05-13T07:22:52.836 [INFO] requestId:[                                    ] thread:[scheduling-1             ] c.s.testHibernate.logging.LoggingAspect.logExecution@33:
   Exiting com.saber.testHibernate.service.PriceSimulatorService.generatePrice | executionTime=2 ms 
2026-05-13T07:23:52.839 [INFO] requestId:[                                    ] thread:[scheduling-1             ] c.s.testHibernate.logging.LoggingAspect.logExecution@28:
   Entering com.saber.testHibernate.service.PriceSimulatorService.generatePrice with args=[] 
2026-05-13T07:23:52.841 [INFO] requestId:[                                    ] thread:[scheduling-1             ] c.s.t.service.PriceSimulatorService.generatePrice@55:
   Price event sent | symbol=AAPL price=106.6507 topic=prices 
2026-05-13T07:23:52.841 [INFO] requestId:[                                    ] thread:[scheduling-1             ] c.s.testHibernate.logging.LoggingAspect.logExecution@33:
   Exiting com.saber.testHibernate.service.PriceSimulatorService.generatePrice | executionTime=2 ms 
2026-05-13T07:24:52.842 [INFO] requestId:[                                    ] thread:[scheduling-1             ] c.s.testHibernate.logging.LoggingAspect.logExecution@28:
   Entering com.saber.testHibernate.service.PriceSimulatorService.generatePrice with args=[] 
2026-05-13T07:24:52.844 [INFO] requestId:[                                    ] thread:[scheduling-1             ] c.s.t.service.PriceSimulatorService.generatePrice@55:
   Price event sent | symbol=BTC price=14632.8316 topic=prices 
2026-05-13T07:24:52.844 [INFO] requestId:[                                    ] thread:[scheduling-1             ] c.s.testHibernate.logging.LoggingAspect.logExecution@33:
   Exiting com.saber.testHibernate.service.PriceSimulatorService.generatePrice | executionTime=2 ms 
2026-05-13T07:25:52.834 [INFO] requestId:[                                    ] thread:[scheduling-1             ] c.s.testHibernate.logging.LoggingAspect.logExecution@28:
   Entering com.saber.testHibernate.service.PriceSimulatorService.generatePrice with args=[] 
2026-05-13T07:25:52.836 [INFO] requestId:[                                    ] thread:[scheduling-1             ] c.s.t.service.PriceSimulatorService.generatePrice@55:
   Price event sent | symbol=ETH price=4640.7067 topic=prices 
2026-05-13T07:25:52.836 [INFO] requestId:[                                    ] thread:[scheduling-1             ] c.s.testHibernate.logging.LoggingAspect.logExecution@33:
   Exiting com.saber.testHibernate.service.PriceSimulatorService.generatePrice | executionTime=2 ms 
2026-05-13T07:26:52.833 [INFO] requestId:[                                    ] thread:[scheduling-1             ] c.s.testHibernate.logging.LoggingAspect.logExecution@28:
   Entering com.saber.testHibernate.service.PriceSimulatorService.generatePrice with args=[] 
2026-05-13T07:26:52.834 [INFO] requestId:[                                    ] thread:[scheduling-1             ] c.s.t.service.PriceSimulatorService.generatePrice@55:
   Price event sent | symbol=BTC price=15046.4847 topic=prices 
2026-05-13T07:26:52.834 [INFO] requestId:[                                    ] thread:[scheduling-1             ] c.s.testHibernate.logging.LoggingAspect.logExecution@33:
   Exiting com.saber.testHibernate.service.PriceSimulatorService.generatePrice | executionTime=1 ms 
2026-05-13T07:27:52.840 [INFO] requestId:[                                    ] thread:[scheduling-1             ] c.s.testHibernate.logging.LoggingAspect.logExecution@28:
   Entering com.saber.testHibernate.service.PriceSimulatorService.generatePrice with args=[] 
2026-05-13T07:27:52.842 [INFO] requestId:[                                    ] thread:[scheduling-1             ] c.s.t.service.PriceSimulatorService.generatePrice@55:
   Price event sent | symbol=ETH price=4841.3688 topic=prices 
2026-05-13T07:27:52.842 [INFO] requestId:[                                    ] thread:[scheduling-1             ] c.s.testHibernate.logging.LoggingAspect.logExecution@33:
   Exiting com.saber.testHibernate.service.PriceSimulatorService.generatePrice | executionTime=2 ms 
2026-05-13T07:28:52.830 [INFO] requestId:[                                    ] thread:[scheduling-1             ] c.s.testHibernate.logging.LoggingAspect.logExecution@28:
   Entering com.saber.testHibernate.service.PriceSimulatorService.generatePrice with args=[] 
2026-05-13T07:28:52.833 [INFO] requestId:[                                    ] thread:[scheduling-1             ] c.s.t.service.PriceSimulatorService.generatePrice@55:
   Price event sent | symbol=GOOG price=34.1819 topic=prices 
2026-05-13T07:28:52.834 [INFO] requestId:[                                    ] thread:[scheduling-1             ] c.s.testHibernate.logging.LoggingAspect.logExecution@33:
   Exiting com.saber.testHibernate.service.PriceSimulatorService.generatePrice | executionTime=4 ms 
2026-05-13T07:29:52.836 [INFO] requestId:[                                    ] thread:[scheduling-1             ] c.s.testHibernate.logging.LoggingAspect.logExecution@28:
   Entering com.saber.testHibernate.service.PriceSimulatorService.generatePrice with args=[] 
2026-05-13T07:29:52.837 [INFO] requestId:[                                    ] thread:[scheduling-1             ] c.s.t.service.PriceSimulatorService.generatePrice@55:
   Price event sent | symbol=AAPL price=107.9924 topic=prices 
2026-05-13T07:29:52.838 [INFO] requestId:[                                    ] thread:[scheduling-1             ] c.s.testHibernate.logging.LoggingAspect.logExecution@33:
   Exiting com.saber.testHibernate.service.PriceSimulatorService.generatePrice | executionTime=2 ms 
2026-05-13T07:30:52.841 [INFO] requestId:[                                    ] thread:[scheduling-1             ] c.s.testHibernate.logging.LoggingAspect.logExecution@28:
   Entering com.saber.testHibernate.service.PriceSimulatorService.generatePrice with args=[] 
2026-05-13T07:30:52.843 [INFO] requestId:[                                    ] thread:[scheduling-1             ] c.s.t.service.PriceSimulatorService.generatePrice@55:
   Price event sent | symbol=GOOG price=35.3615 topic=prices 
2026-05-13T07:30:52.843 [INFO] requestId:[                                    ] thread:[scheduling-1             ] c.s.testHibernate.logging.LoggingAspect.logExecution@33:
   Exiting com.saber.testHibernate.service.PriceSimulatorService.generatePrice | executionTime=2 ms 
2026-05-13T07:31:52.836 [INFO] requestId:[                                    ] thread:[scheduling-1             ] c.s.testHibernate.logging.LoggingAspect.logExecution@28:
   Entering com.saber.testHibernate.service.PriceSimulatorService.generatePrice with args=[] 
2026-05-13T07:31:52.838 [INFO] requestId:[                                    ] thread:[scheduling-1             ] c.s.t.service.PriceSimulatorService.generatePrice@55:
   Price event sent | symbol=BTC price=16248.4450 topic=prices 
2026-05-13T07:31:52.838 [INFO] requestId:[                                    ] thread:[scheduling-1             ] c.s.testHibernate.logging.LoggingAspect.logExecution@33:
   Exiting com.saber.testHibernate.service.PriceSimulatorService.generatePrice | executionTime=2 ms 
2026-05-13T07:32:52.842 [INFO] requestId:[                                    ] thread:[scheduling-1             ] c.s.testHibernate.logging.LoggingAspect.logExecution@28:
   Entering com.saber.testHibernate.service.PriceSimulatorService.generatePrice with args=[] 
2026-05-13T07:32:52.843 [INFO] requestId:[                                    ] thread:[scheduling-1             ] c.s.t.service.PriceSimulatorService.generatePrice@55:
   Price event sent | symbol=GOOG price=37.2135 topic=prices 
2026-05-13T07:32:52.843 [INFO] requestId:[                                    ] thread:[scheduling-1             ] c.s.testHibernate.logging.LoggingAspect.logExecution@33:
   Exiting com.saber.testHibernate.service.PriceSimulatorService.generatePrice | executionTime=1 ms 
2026-05-13T07:33:52.838 [INFO] requestId:[                                    ] thread:[scheduling-1             ] c.s.testHibernate.logging.LoggingAspect.logExecution@28:
   Entering com.saber.testHibernate.service.PriceSimulatorService.generatePrice with args=[] 
2026-05-13T07:33:52.840 [INFO] requestId:[                                    ] thread:[scheduling-1             ] c.s.t.service.PriceSimulatorService.generatePrice@55:
   Price event sent | symbol=BTC price=15904.3014 topic=prices 
2026-05-13T07:33:52.841 [INFO] requestId:[                                    ] thread:[scheduling-1             ] c.s.testHibernate.logging.LoggingAspect.logExecution@33:
   Exiting com.saber.testHibernate.service.PriceSimulatorService.generatePrice | executionTime=3 ms 
2026-05-13T07:34:52.842 [INFO] requestId:[                                    ] thread:[scheduling-1             ] c.s.testHibernate.logging.LoggingAspect.logExecution@28:
   Entering com.saber.testHibernate.service.PriceSimulatorService.generatePrice with args=[] 
2026-05-13T07:34:52.844 [INFO] requestId:[                                    ] thread:[scheduling-1             ] c.s.t.service.PriceSimulatorService.generatePrice@55:
   Price event sent | symbol=AAPL price=108.7973 topic=prices 
2026-05-13T07:34:52.844 [INFO] requestId:[                                    ] thread:[scheduling-1             ] c.s.testHibernate.logging.LoggingAspect.logExecution@33:
   Exiting com.saber.testHibernate.service.PriceSimulatorService.generatePrice | executionTime=2 ms 
2026-05-13T07:35:52.846 [INFO] requestId:[                                    ] thread:[scheduling-1             ] c.s.testHibernate.logging.LoggingAspect.logExecution@28:
   Entering com.saber.testHibernate.service.PriceSimulatorService.generatePrice with args=[] 
2026-05-13T07:35:52.853 [INFO] requestId:[                                    ] thread:[scheduling-1             ] c.s.t.service.PriceSimulatorService.generatePrice@55:
   Price event sent | symbol=ETH price=5163.8331 topic=prices 
2026-05-13T07:35:52.854 [INFO] requestId:[                                    ] thread:[scheduling-1             ] c.s.testHibernate.logging.LoggingAspect.logExecution@33:
   Exiting com.saber.testHibernate.service.PriceSimulatorService.generatePrice | executionTime=8 ms 
2026-05-13T07:36:52.836 [INFO] requestId:[                                    ] thread:[scheduling-1             ] c.s.testHibernate.logging.LoggingAspect.logExecution@28:
   Entering com.saber.testHibernate.service.PriceSimulatorService.generatePrice with args=[] 
2026-05-13T07:36:52.837 [INFO] requestId:[                                    ] thread:[scheduling-1             ] c.s.t.service.PriceSimulatorService.generatePrice@55:
   Price event sent | symbol=GOOG price=37.3450 topic=prices 
2026-05-13T07:36:52.837 [INFO] requestId:[                                    ] thread:[scheduling-1             ] c.s.testHibernate.logging.LoggingAspect.logExecution@33:
   Exiting com.saber.testHibernate.service.PriceSimulatorService.generatePrice | executionTime=1 ms 
2026-05-13T07:37:52.845 [INFO] requestId:[                                    ] thread:[scheduling-1             ] c.s.testHibernate.logging.LoggingAspect.logExecution@28:
   Entering com.saber.testHibernate.service.PriceSimulatorService.generatePrice with args=[] 
2026-05-13T07:37:52.847 [INFO] requestId:[                                    ] thread:[scheduling-1             ] c.s.t.service.PriceSimulatorService.generatePrice@55:
   Price event sent | symbol=GOOG price=39.9412 topic=prices 
2026-05-13T07:37:52.848 [INFO] requestId:[                                    ] thread:[scheduling-1             ] c.s.testHibernate.logging.LoggingAspect.logExecution@33:
   Exiting com.saber.testHibernate.service.PriceSimulatorService.generatePrice | executionTime=3 ms 
2026-05-13T07:38:52.838 [INFO] requestId:[                                    ] thread:[scheduling-1             ] c.s.testHibernate.logging.LoggingAspect.logExecution@28:
   Entering com.saber.testHibernate.service.PriceSimulatorService.generatePrice with args=[] 
2026-05-13T07:38:52.839 [INFO] requestId:[                                    ] thread:[scheduling-1             ] c.s.t.service.PriceSimulatorService.generatePrice@55:
   Price event sent | symbol=GOOG price=36.8189 topic=prices 
2026-05-13T07:38:52.840 [INFO] requestId:[                                    ] thread:[scheduling-1             ] c.s.testHibernate.logging.LoggingAspect.logExecution@33:
   Exiting com.saber.testHibernate.service.PriceSimulatorService.generatePrice | executionTime=2 ms 
2026-05-13T07:39:52.852 [INFO] requestId:[                                    ] thread:[scheduling-1             ] c.s.testHibernate.logging.LoggingAspect.logExecution@28:
   Entering com.saber.testHibernate.service.PriceSimulatorService.generatePrice with args=[] 
2026-05-13T07:39:52.856 [INFO] requestId:[                                    ] thread:[scheduling-1             ] c.s.t.service.PriceSimulatorService.generatePrice@55:
   Price event sent | symbol=ETH price=4743.1754 topic=prices 
2026-05-13T07:39:52.856 [INFO] requestId:[                                    ] thread:[scheduling-1             ] c.s.testHibernate.logging.LoggingAspect.logExecution@33:
   Exiting com.saber.testHibernate.service.PriceSimulatorService.generatePrice | executionTime=4 ms 
2026-05-13T07:40:52.850 [INFO] requestId:[                                    ] thread:[scheduling-1             ] c.s.testHibernate.logging.LoggingAspect.logExecution@28:
   Entering com.saber.testHibernate.service.PriceSimulatorService.generatePrice with args=[] 
2026-05-13T07:40:52.852 [INFO] requestId:[                                    ] thread:[scheduling-1             ] c.s.t.service.PriceSimulatorService.generatePrice@55:
   Price event sent | symbol=BTC price=17091.3970 topic=prices 
2026-05-13T07:40:52.852 [INFO] requestId:[                                    ] thread:[scheduling-1             ] c.s.testHibernate.logging.LoggingAspect.logExecution@33:
   Exiting com.saber.testHibernate.service.PriceSimulatorService.generatePrice | executionTime=2 ms 
2026-05-13T07:41:52.844 [INFO] requestId:[                                    ] thread:[scheduling-1             ] c.s.testHibernate.logging.LoggingAspect.logExecution@28:
   Entering com.saber.testHibernate.service.PriceSimulatorService.generatePrice with args=[] 
2026-05-13T07:41:52.845 [INFO] requestId:[                                    ] thread:[scheduling-1             ] c.s.t.service.PriceSimulatorService.generatePrice@55:
   Price event sent | symbol=BTC price=16656.4701 topic=prices 
2026-05-13T07:41:52.845 [INFO] requestId:[                                    ] thread:[scheduling-1             ] c.s.testHibernate.logging.LoggingAspect.logExecution@33:
   Exiting com.saber.testHibernate.service.PriceSimulatorService.generatePrice | executionTime=1 ms 
2026-05-13T07:42:52.841 [INFO] requestId:[                                    ] thread:[scheduling-1             ] c.s.testHibernate.logging.LoggingAspect.logExecution@28:
   Entering com.saber.testHibernate.service.PriceSimulatorService.generatePrice with args=[] 
2026-05-13T07:42:52.843 [INFO] requestId:[                                    ] thread:[scheduling-1             ] c.s.t.service.PriceSimulatorService.generatePrice@55:
   Price event sent | symbol=GOOG price=37.7428 topic=prices 
2026-05-13T07:42:52.843 [INFO] requestId:[                                    ] thread:[scheduling-1             ] c.s.testHibernate.logging.LoggingAspect.logExecution@33:
   Exiting com.saber.testHibernate.service.PriceSimulatorService.generatePrice | executionTime=2 ms 
2026-05-13T07:43:52.848 [INFO] requestId:[                                    ] thread:[scheduling-1             ] c.s.testHibernate.logging.LoggingAspect.logExecution@28:
   Entering com.saber.testHibernate.service.PriceSimulatorService.generatePrice with args=[] 
2026-05-13T07:43:52.849 [INFO] requestId:[                                    ] thread:[scheduling-1             ] c.s.t.service.PriceSimulatorService.generatePrice@55:
   Price event sent | symbol=GOOG price=41.4145 topic=prices 
2026-05-13T07:43:52.850 [INFO] requestId:[                                    ] thread:[scheduling-1             ] c.s.testHibernate.logging.LoggingAspect.logExecution@33:
   Exiting com.saber.testHibernate.service.PriceSimulatorService.generatePrice | executionTime=2 ms 
2026-05-13T07:44:52.854 [INFO] requestId:[                                    ] thread:[scheduling-1             ] c.s.testHibernate.logging.LoggingAspect.logExecution@28:
   Entering com.saber.testHibernate.service.PriceSimulatorService.generatePrice with args=[] 
2026-05-13T07:44:52.857 [INFO] requestId:[                                    ] thread:[scheduling-1             ] c.s.t.service.PriceSimulatorService.generatePrice@55:
   Price event sent | symbol=GOOG price=40.2671 topic=prices 
2026-05-13T07:44:52.860 [INFO] requestId:[                                    ] thread:[scheduling-1             ] c.s.testHibernate.logging.LoggingAspect.logExecution@33:
   Exiting com.saber.testHibernate.service.PriceSimulatorService.generatePrice | executionTime=6 ms 
2026-05-13T07:45:52.853 [INFO] requestId:[                                    ] thread:[scheduling-1             ] c.s.testHibernate.logging.LoggingAspect.logExecution@28:
   Entering com.saber.testHibernate.service.PriceSimulatorService.generatePrice with args=[] 
2026-05-13T07:45:52.854 [INFO] requestId:[                                    ] thread:[scheduling-1             ] c.s.t.service.PriceSimulatorService.generatePrice@55:
   Price event sent | symbol=ETH price=4830.5179 topic=prices 
2026-05-13T07:45:52.855 [INFO] requestId:[                                    ] thread:[scheduling-1             ] c.s.testHibernate.logging.LoggingAspect.logExecution@33:
   Exiting com.saber.testHibernate.service.PriceSimulatorService.generatePrice | executionTime=2 ms 
2026-05-13T07:46:52.857 [INFO] requestId:[                                    ] thread:[scheduling-1             ] c.s.testHibernate.logging.LoggingAspect.logExecution@28:
   Entering com.saber.testHibernate.service.PriceSimulatorService.generatePrice with args=[] 
2026-05-13T07:46:52.858 [INFO] requestId:[                                    ] thread:[scheduling-1             ] c.s.t.service.PriceSimulatorService.generatePrice@55:
   Price event sent | symbol=BTC price=15118.1647 topic=prices 
2026-05-13T07:46:52.858 [INFO] requestId:[                                    ] thread:[scheduling-1             ] c.s.testHibernate.logging.LoggingAspect.logExecution@33:
   Exiting com.saber.testHibernate.service.PriceSimulatorService.generatePrice | executionTime=1 ms 
2026-05-13T07:47:52.846 [INFO] requestId:[                                    ] thread:[scheduling-1             ] c.s.testHibernate.logging.LoggingAspect.logExecution@28:
   Entering com.saber.testHibernate.service.PriceSimulatorService.generatePrice with args=[] 
2026-05-13T07:47:52.848 [INFO] requestId:[                                    ] thread:[scheduling-1             ] c.s.t.service.PriceSimulatorService.generatePrice@55:
   Price event sent | symbol=ETH price=5194.3810 topic=prices 
2026-05-13T07:47:52.848 [INFO] requestId:[                                    ] thread:[scheduling-1             ] c.s.testHibernate.logging.LoggingAspect.logExecution@33:
   Exiting com.saber.testHibernate.service.PriceSimulatorService.generatePrice | executionTime=2 ms 
2026-05-13T07:48:52.851 [INFO] requestId:[                                    ] thread:[scheduling-1             ] c.s.testHibernate.logging.LoggingAspect.logExecution@28:
   Entering com.saber.testHibernate.service.PriceSimulatorService.generatePrice with args=[] 
2026-05-13T07:48:52.853 [INFO] requestId:[                                    ] thread:[scheduling-1             ] c.s.t.service.PriceSimulatorService.generatePrice@55:
   Price event sent | symbol=ETH price=5678.6973 topic=prices 
2026-05-13T07:48:52.854 [INFO] requestId:[                                    ] thread:[scheduling-1             ] c.s.testHibernate.logging.LoggingAspect.logExecution@33:
   Exiting com.saber.testHibernate.service.PriceSimulatorService.generatePrice | executionTime=3 ms 
2026-05-13T07:49:52.849 [INFO] requestId:[                                    ] thread:[scheduling-1             ] c.s.testHibernate.logging.LoggingAspect.logExecution@28:
   Entering com.saber.testHibernate.service.PriceSimulatorService.generatePrice with args=[] 
2026-05-13T07:49:52.850 [INFO] requestId:[                                    ] thread:[scheduling-1             ] c.s.t.service.PriceSimulatorService.generatePrice@55:
   Price event sent | symbol=BTC price=16121.3864 topic=prices 
2026-05-13T07:49:52.851 [INFO] requestId:[                                    ] thread:[scheduling-1             ] c.s.testHibernate.logging.LoggingAspect.logExecution@33:
   Exiting com.saber.testHibernate.service.PriceSimulatorService.generatePrice | executionTime=2 ms 
2026-05-13T07:50:52.851 [INFO] requestId:[                                    ] thread:[scheduling-1             ] c.s.testHibernate.logging.LoggingAspect.logExecution@28:
   Entering com.saber.testHibernate.service.PriceSimulatorService.generatePrice with args=[] 
2026-05-13T07:50:52.852 [INFO] requestId:[                                    ] thread:[scheduling-1             ] c.s.t.service.PriceSimulatorService.generatePrice@55:
   Price event sent | symbol=ETH price=6128.0066 topic=prices 
2026-05-13T07:50:52.852 [INFO] requestId:[                                    ] thread:[scheduling-1             ] c.s.testHibernate.logging.LoggingAspect.logExecution@33:
   Exiting com.saber.testHibernate.service.PriceSimulatorService.generatePrice | executionTime=1 ms 
2026-05-13T07:51:52.851 [INFO] requestId:[                                    ] thread:[scheduling-1             ] c.s.testHibernate.logging.LoggingAspect.logExecution@28:
   Entering com.saber.testHibernate.service.PriceSimulatorService.generatePrice with args=[] 
2026-05-13T07:51:52.853 [INFO] requestId:[                                    ] thread:[scheduling-1             ] c.s.t.service.PriceSimulatorService.generatePrice@55:
   Price event sent | symbol=BTC price=16016.9514 topic=prices 
2026-05-13T07:51:52.853 [INFO] requestId:[                                    ] thread:[scheduling-1             ] c.s.testHibernate.logging.LoggingAspect.logExecution@33:
   Exiting com.saber.testHibernate.service.PriceSimulatorService.generatePrice | executionTime=2 ms 
2026-05-13T07:52:52.855 [INFO] requestId:[                                    ] thread:[scheduling-1             ] c.s.testHibernate.logging.LoggingAspect.logExecution@28:
   Entering com.saber.testHibernate.service.PriceSimulatorService.generatePrice with args=[] 
2026-05-13T07:52:52.856 [INFO] requestId:[                                    ] thread:[scheduling-1             ] c.s.t.service.PriceSimulatorService.generatePrice@55:
   Price event sent | symbol=BTC price=15243.0267 topic=prices 
2026-05-13T07:52:52.856 [INFO] requestId:[                                    ] thread:[scheduling-1             ] c.s.testHibernate.logging.LoggingAspect.logExecution@33:
   Exiting com.saber.testHibernate.service.PriceSimulatorService.generatePrice | executionTime=1 ms 
2026-05-13T07:53:52.850 [INFO] requestId:[                                    ] thread:[scheduling-1             ] c.s.testHibernate.logging.LoggingAspect.logExecution@28:
   Entering com.saber.testHibernate.service.PriceSimulatorService.generatePrice with args=[] 
2026-05-13T07:53:52.853 [INFO] requestId:[                                    ] thread:[scheduling-1             ] c.s.t.service.PriceSimulatorService.generatePrice@55:
   Price event sent | symbol=BTC price=15616.5934 topic=prices 
2026-05-13T07:53:52.855 [INFO] requestId:[                                    ] thread:[scheduling-1             ] c.s.testHibernate.logging.LoggingAspect.logExecution@33:
   Exiting com.saber.testHibernate.service.PriceSimulatorService.generatePrice | executionTime=5 ms 
2026-05-13T07:54:52.863 [INFO] requestId:[                                    ] thread:[scheduling-1             ] c.s.testHibernate.logging.LoggingAspect.logExecution@28:
   Entering com.saber.testHibernate.service.PriceSimulatorService.generatePrice with args=[] 
2026-05-13T07:54:52.864 [INFO] requestId:[                                    ] thread:[scheduling-1             ] c.s.t.service.PriceSimulatorService.generatePrice@55:
   Price event sent | symbol=AAPL price=112.8110 topic=prices 
2026-05-13T07:54:52.864 [INFO] requestId:[                                    ] thread:[scheduling-1             ] c.s.testHibernate.logging.LoggingAspect.logExecution@33:
   Exiting com.saber.testHibernate.service.PriceSimulatorService.generatePrice | executionTime=1 ms 
2026-05-13T07:55:52.858 [INFO] requestId:[                                    ] thread:[scheduling-1             ] c.s.testHibernate.logging.LoggingAspect.logExecution@28:
   Entering com.saber.testHibernate.service.PriceSimulatorService.generatePrice with args=[] 
2026-05-13T07:55:52.862 [INFO] requestId:[                                    ] thread:[scheduling-1             ] c.s.t.service.PriceSimulatorService.generatePrice@55:
   Price event sent | symbol=BTC price=14122.1840 topic=prices 
2026-05-13T07:55:52.863 [INFO] requestId:[                                    ] thread:[scheduling-1             ] c.s.testHibernate.logging.LoggingAspect.logExecution@33:
   Exiting com.saber.testHibernate.service.PriceSimulatorService.generatePrice | executionTime=5 ms 
2026-05-13T07:56:52.857 [INFO] requestId:[                                    ] thread:[scheduling-1             ] c.s.testHibernate.logging.LoggingAspect.logExecution@28:
   Entering com.saber.testHibernate.service.PriceSimulatorService.generatePrice with args=[] 
2026-05-13T07:56:52.858 [INFO] requestId:[                                    ] thread:[scheduling-1             ] c.s.t.service.PriceSimulatorService.generatePrice@55:
   Price event sent | symbol=GOOG price=42.3624 topic=prices 
2026-05-13T07:56:52.858 [INFO] requestId:[                                    ] thread:[scheduling-1             ] c.s.testHibernate.logging.LoggingAspect.logExecution@33:
   Exiting com.saber.testHibernate.service.PriceSimulatorService.generatePrice | executionTime=1 ms 
2026-05-13T07:57:52.862 [INFO] requestId:[                                    ] thread:[scheduling-1             ] c.s.testHibernate.logging.LoggingAspect.logExecution@28:
   Entering com.saber.testHibernate.service.PriceSimulatorService.generatePrice with args=[] 
2026-05-13T07:57:52.863 [INFO] requestId:[                                    ] thread:[scheduling-1             ] c.s.t.service.PriceSimulatorService.generatePrice@55:
   Price event sent | symbol=GOOG price=46.4919 topic=prices 
2026-05-13T07:57:52.863 [INFO] requestId:[                                    ] thread:[scheduling-1             ] c.s.testHibernate.logging.LoggingAspect.logExecution@33:
   Exiting com.saber.testHibernate.service.PriceSimulatorService.generatePrice | executionTime=1 ms 
2026-05-13T07:58:52.859 [INFO] requestId:[                                    ] thread:[scheduling-1             ] c.s.testHibernate.logging.LoggingAspect.logExecution@28:
   Entering com.saber.testHibernate.service.PriceSimulatorService.generatePrice with args=[] 
2026-05-13T07:58:52.860 [INFO] requestId:[                                    ] thread:[scheduling-1             ] c.s.t.service.PriceSimulatorService.generatePrice@55:
   Price event sent | symbol=BTC price=15450.2805 topic=prices 
2026-05-13T07:58:52.860 [INFO] requestId:[                                    ] thread:[scheduling-1             ] c.s.testHibernate.logging.LoggingAspect.logExecution@33:
   Exiting com.saber.testHibernate.service.PriceSimulatorService.generatePrice | executionTime=1 ms 
2026-05-13T07:59:52.861 [INFO] requestId:[                                    ] thread:[scheduling-1             ] c.s.testHibernate.logging.LoggingAspect.logExecution@28:
   Entering com.saber.testHibernate.service.PriceSimulatorService.generatePrice with args=[] 
2026-05-13T07:59:52.862 [INFO] requestId:[                                    ] thread:[scheduling-1             ] c.s.t.service.PriceSimulatorService.generatePrice@55:
   Price event sent | symbol=AAPL price=120.9045 topic=prices 
2026-05-13T07:59:52.863 [INFO] requestId:[                                    ] thread:[scheduling-1             ] c.s.testHibernate.logging.LoggingAspect.logExecution@33:
   Exiting com.saber.testHibernate.service.PriceSimulatorService.generatePrice | executionTime=2 ms 
2026-05-13T08:00:52.853 [INFO] requestId:[                                    ] thread:[scheduling-1             ] c.s.testHibernate.logging.LoggingAspect.logExecution@28:
   Entering com.saber.testHibernate.service.PriceSimulatorService.generatePrice with args=[] 
2026-05-13T08:00:52.854 [INFO] requestId:[                                    ] thread:[scheduling-1             ] c.s.t.service.PriceSimulatorService.generatePrice@55:
   Price event sent | symbol=ETH price=5619.9306 topic=prices 
2026-05-13T08:00:52.855 [INFO] requestId:[                                    ] thread:[scheduling-1             ] c.s.testHibernate.logging.LoggingAspect.logExecution@33:
   Exiting com.saber.testHibernate.service.PriceSimulatorService.generatePrice | executionTime=2 ms 
2026-05-13T08:01:52.865 [INFO] requestId:[                                    ] thread:[scheduling-1             ] c.s.testHibernate.logging.LoggingAspect.logExecution@28:
   Entering com.saber.testHibernate.service.PriceSimulatorService.generatePrice with args=[] 
2026-05-13T08:01:52.868 [INFO] requestId:[                                    ] thread:[scheduling-1             ] c.s.t.service.PriceSimulatorService.generatePrice@55:
   Price event sent | symbol=ETH price=5587.9560 topic=prices 
2026-05-13T08:01:52.869 [INFO] requestId:[                                    ] thread:[scheduling-1             ] c.s.testHibernate.logging.LoggingAspect.logExecution@33:
   Exiting com.saber.testHibernate.service.PriceSimulatorService.generatePrice | executionTime=4 ms 
2026-05-13T08:02:52.868 [INFO] requestId:[                                    ] thread:[scheduling-1             ] c.s.testHibernate.logging.LoggingAspect.logExecution@28:
   Entering com.saber.testHibernate.service.PriceSimulatorService.generatePrice with args=[] 
2026-05-13T08:02:52.869 [INFO] requestId:[                                    ] thread:[scheduling-1             ] c.s.t.service.PriceSimulatorService.generatePrice@55:
   Price event sent | symbol=AAPL price=112.2459 topic=prices 
2026-05-13T08:02:52.870 [INFO] requestId:[                                    ] thread:[scheduling-1             ] c.s.testHibernate.logging.LoggingAspect.logExecution@33:
   Exiting com.saber.testHibernate.service.PriceSimulatorService.generatePrice | executionTime=2 ms 
2026-05-13T08:03:52.857 [INFO] requestId:[                                    ] thread:[scheduling-1             ] c.s.testHibernate.logging.LoggingAspect.logExecution@28:
   Entering com.saber.testHibernate.service.PriceSimulatorService.generatePrice with args=[] 
2026-05-13T08:03:52.859 [INFO] requestId:[                                    ] thread:[scheduling-1             ] c.s.t.service.PriceSimulatorService.generatePrice@55:
   Price event sent | symbol=ETH price=5437.1488 topic=prices 
2026-05-13T08:03:52.859 [INFO] requestId:[                                    ] thread:[scheduling-1             ] c.s.testHibernate.logging.LoggingAspect.logExecution@33:
   Exiting com.saber.testHibernate.service.PriceSimulatorService.generatePrice | executionTime=2 ms 
2026-05-13T08:04:52.859 [INFO] requestId:[                                    ] thread:[scheduling-1             ] c.s.testHibernate.logging.LoggingAspect.logExecution@28:
   Entering com.saber.testHibernate.service.PriceSimulatorService.generatePrice with args=[] 
2026-05-13T08:04:52.861 [INFO] requestId:[                                    ] thread:[scheduling-1             ] c.s.t.service.PriceSimulatorService.generatePrice@55:
   Price event sent | symbol=AAPL price=114.2059 topic=prices 
2026-05-13T08:04:52.861 [INFO] requestId:[                                    ] thread:[scheduling-1             ] c.s.testHibernate.logging.LoggingAspect.logExecution@33:
   Exiting com.saber.testHibernate.service.PriceSimulatorService.generatePrice | executionTime=2 ms 
2026-05-13T08:05:52.867 [INFO] requestId:[                                    ] thread:[scheduling-1             ] c.s.testHibernate.logging.LoggingAspect.logExecution@28:
   Entering com.saber.testHibernate.service.PriceSimulatorService.generatePrice with args=[] 
2026-05-13T08:05:52.869 [INFO] requestId:[                                    ] thread:[scheduling-1             ] c.s.t.service.PriceSimulatorService.generatePrice@55:
   Price event sent | symbol=AAPL price=103.9963 topic=prices 
2026-05-13T08:05:52.870 [INFO] requestId:[                                    ] thread:[scheduling-1             ] c.s.testHibernate.logging.LoggingAspect.logExecution@33:
   Exiting com.saber.testHibernate.service.PriceSimulatorService.generatePrice | executionTime=3 ms 
2026-05-13T08:06:52.857 [INFO] requestId:[                                    ] thread:[scheduling-1             ] c.s.testHibernate.logging.LoggingAspect.logExecution@28:
   Entering com.saber.testHibernate.service.PriceSimulatorService.generatePrice with args=[] 
2026-05-13T08:06:52.858 [INFO] requestId:[                                    ] thread:[scheduling-1             ] c.s.t.service.PriceSimulatorService.generatePrice@55:
   Price event sent | symbol=ETH price=5961.3906 topic=prices 
2026-05-13T08:06:52.858 [INFO] requestId:[                                    ] thread:[scheduling-1             ] c.s.testHibernate.logging.LoggingAspect.logExecution@33:
   Exiting com.saber.testHibernate.service.PriceSimulatorService.generatePrice | executionTime=1 ms 
2026-05-13T08:07:52.871 [INFO] requestId:[                                    ] thread:[scheduling-1             ] c.s.testHibernate.logging.LoggingAspect.logExecution@28:
   Entering com.saber.testHibernate.service.PriceSimulatorService.generatePrice with args=[] 
2026-05-13T08:07:52.873 [INFO] requestId:[                                    ] thread:[scheduling-1             ] c.s.t.service.PriceSimulatorService.generatePrice@55:
   Price event sent | symbol=GOOG price=47.6433 topic=prices 
2026-05-13T08:07:52.873 [INFO] requestId:[                                    ] thread:[scheduling-1             ] c.s.testHibernate.logging.LoggingAspect.logExecution@33:
   Exiting com.saber.testHibernate.service.PriceSimulatorService.generatePrice | executionTime=2 ms 
2026-05-13T08:08:52.868 [INFO] requestId:[                                    ] thread:[scheduling-1             ] c.s.testHibernate.logging.LoggingAspect.logExecution@28:
   Entering com.saber.testHibernate.service.PriceSimulatorService.generatePrice with args=[] 
2026-05-13T08:08:52.870 [INFO] requestId:[                                    ] thread:[scheduling-1             ] c.s.t.service.PriceSimulatorService.generatePrice@55:
   Price event sent | symbol=BTC price=16089.5711 topic=prices 
2026-05-13T08:08:52.870 [INFO] requestId:[                                    ] thread:[scheduling-1             ] c.s.testHibernate.logging.LoggingAspect.logExecution@33:
   Exiting com.saber.testHibernate.service.PriceSimulatorService.generatePrice | executionTime=2 ms 
2026-05-13T08:09:52.864 [INFO] requestId:[                                    ] thread:[scheduling-1             ] c.s.testHibernate.logging.LoggingAspect.logExecution@28:
   Entering com.saber.testHibernate.service.PriceSimulatorService.generatePrice with args=[] 
2026-05-13T08:09:52.866 [INFO] requestId:[                                    ] thread:[scheduling-1             ] c.s.t.service.PriceSimulatorService.generatePrice@55:
   Price event sent | symbol=BTC price=15920.9258 topic=prices 
2026-05-13T08:09:52.866 [INFO] requestId:[                                    ] thread:[scheduling-1             ] c.s.testHibernate.logging.LoggingAspect.logExecution@33:
   Exiting com.saber.testHibernate.service.PriceSimulatorService.generatePrice | executionTime=2 ms 
2026-05-13T08:10:52.873 [INFO] requestId:[                                    ] thread:[scheduling-1             ] c.s.testHibernate.logging.LoggingAspect.logExecution@28:
   Entering com.saber.testHibernate.service.PriceSimulatorService.generatePrice with args=[] 
2026-05-13T08:10:52.875 [INFO] requestId:[                                    ] thread:[scheduling-1             ] c.s.t.service.PriceSimulatorService.generatePrice@55:
   Price event sent | symbol=BTC price=16103.7805 topic=prices 
2026-05-13T08:10:52.876 [INFO] requestId:[                                    ] thread:[scheduling-1             ] c.s.testHibernate.logging.LoggingAspect.logExecution@33:
   Exiting com.saber.testHibernate.service.PriceSimulatorService.generatePrice | executionTime=3 ms 
2026-05-13T08:11:52.869 [INFO] requestId:[                                    ] thread:[scheduling-1             ] c.s.testHibernate.logging.LoggingAspect.logExecution@28:
   Entering com.saber.testHibernate.service.PriceSimulatorService.generatePrice with args=[] 
2026-05-13T08:11:52.873 [INFO] requestId:[                                    ] thread:[scheduling-1             ] c.s.t.service.PriceSimulatorService.generatePrice@55:
   Price event sent | symbol=AAPL price=109.1181 topic=prices 
2026-05-13T08:11:52.874 [INFO] requestId:[                                    ] thread:[scheduling-1             ] c.s.testHibernate.logging.LoggingAspect.logExecution@33:
   Exiting com.saber.testHibernate.service.PriceSimulatorService.generatePrice | executionTime=5 ms 
2026-05-13T08:12:52.870 [INFO] requestId:[                                    ] thread:[scheduling-1             ] c.s.testHibernate.logging.LoggingAspect.logExecution@28:
   Entering com.saber.testHibernate.service.PriceSimulatorService.generatePrice with args=[] 
2026-05-13T08:12:52.872 [INFO] requestId:[                                    ] thread:[scheduling-1             ] c.s.t.service.PriceSimulatorService.generatePrice@55:
   Price event sent | symbol=ETH price=5976.4549 topic=prices 
2026-05-13T08:12:52.872 [INFO] requestId:[                                    ] thread:[scheduling-1             ] c.s.testHibernate.logging.LoggingAspect.logExecution@33:
   Exiting com.saber.testHibernate.service.PriceSimulatorService.generatePrice | executionTime=2 ms 
2026-05-13T08:13:52.869 [INFO] requestId:[                                    ] thread:[scheduling-1             ] c.s.testHibernate.logging.LoggingAspect.logExecution@28:
   Entering com.saber.testHibernate.service.PriceSimulatorService.generatePrice with args=[] 
2026-05-13T08:13:52.871 [INFO] requestId:[                                    ] thread:[scheduling-1             ] c.s.t.service.PriceSimulatorService.generatePrice@55:
   Price event sent | symbol=BTC price=16518.6598 topic=prices 
2026-05-13T08:13:52.872 [INFO] requestId:[                                    ] thread:[scheduling-1             ] c.s.testHibernate.logging.LoggingAspect.logExecution@33:
   Exiting com.saber.testHibernate.service.PriceSimulatorService.generatePrice | executionTime=3 ms 
2026-05-13T08:14:52.872 [INFO] requestId:[                                    ] thread:[scheduling-1             ] c.s.testHibernate.logging.LoggingAspect.logExecution@28:
   Entering com.saber.testHibernate.service.PriceSimulatorService.generatePrice with args=[] 
2026-05-13T08:14:52.874 [INFO] requestId:[                                    ] thread:[scheduling-1             ] c.s.t.service.PriceSimulatorService.generatePrice@55:
   Price event sent | symbol=BTC price=15812.1134 topic=prices 
2026-05-13T08:14:52.875 [INFO] requestId:[                                    ] thread:[scheduling-1             ] c.s.testHibernate.logging.LoggingAspect.logExecution@33:
   Exiting com.saber.testHibernate.service.PriceSimulatorService.generatePrice | executionTime=3 ms 
2026-05-13T08:15:52.865 [INFO] requestId:[                                    ] thread:[scheduling-1             ] c.s.testHibernate.logging.LoggingAspect.logExecution@28:
   Entering com.saber.testHibernate.service.PriceSimulatorService.generatePrice with args=[] 
2026-05-13T08:15:52.867 [INFO] requestId:[                                    ] thread:[scheduling-1             ] c.s.t.service.PriceSimulatorService.generatePrice@55:
   Price event sent | symbol=AAPL price=114.9163 topic=prices 
2026-05-13T08:15:52.868 [INFO] requestId:[                                    ] thread:[scheduling-1             ] c.s.testHibernate.logging.LoggingAspect.logExecution@33:
   Exiting com.saber.testHibernate.service.PriceSimulatorService.generatePrice | executionTime=3 ms 
2026-05-13T08:16:52.864 [INFO] requestId:[                                    ] thread:[scheduling-1             ] c.s.testHibernate.logging.LoggingAspect.logExecution@28:
   Entering com.saber.testHibernate.service.PriceSimulatorService.generatePrice with args=[] 
2026-05-13T08:16:52.865 [INFO] requestId:[                                    ] thread:[scheduling-1             ] c.s.t.service.PriceSimulatorService.generatePrice@55:
   Price event sent | symbol=ETH price=5978.1072 topic=prices 
2026-05-13T08:16:52.866 [INFO] requestId:[                                    ] thread:[scheduling-1             ] c.s.testHibernate.logging.LoggingAspect.logExecution@33:
   Exiting com.saber.testHibernate.service.PriceSimulatorService.generatePrice | executionTime=2 ms 
2026-05-13T08:17:52.878 [INFO] requestId:[                                    ] thread:[scheduling-1             ] c.s.testHibernate.logging.LoggingAspect.logExecution@28:
   Entering com.saber.testHibernate.service.PriceSimulatorService.generatePrice with args=[] 
2026-05-13T08:17:52.880 [INFO] requestId:[                                    ] thread:[scheduling-1             ] c.s.t.service.PriceSimulatorService.generatePrice@55:
   Price event sent | symbol=BTC price=14966.4690 topic=prices 
2026-05-13T08:17:52.880 [INFO] requestId:[                                    ] thread:[scheduling-1             ] c.s.testHibernate.logging.LoggingAspect.logExecution@33:
   Exiting com.saber.testHibernate.service.PriceSimulatorService.generatePrice | executionTime=2 ms 
2026-05-13T08:18:52.874 [INFO] requestId:[                                    ] thread:[scheduling-1             ] c.s.testHibernate.logging.LoggingAspect.logExecution@28:
   Entering com.saber.testHibernate.service.PriceSimulatorService.generatePrice with args=[] 
2026-05-13T08:18:52.877 [INFO] requestId:[                                    ] thread:[scheduling-1             ] c.s.t.service.PriceSimulatorService.generatePrice@55:
   Price event sent | symbol=ETH price=5676.6160 topic=prices 
2026-05-13T08:18:52.878 [INFO] requestId:[                                    ] thread:[scheduling-1             ] c.s.testHibernate.logging.LoggingAspect.logExecution@33:
   Exiting com.saber.testHibernate.service.PriceSimulatorService.generatePrice | executionTime=4 ms 
2026-05-13T08:19:52.878 [INFO] requestId:[                                    ] thread:[scheduling-1             ] c.s.testHibernate.logging.LoggingAspect.logExecution@28:
   Entering com.saber.testHibernate.service.PriceSimulatorService.generatePrice with args=[] 
2026-05-13T08:19:52.880 [INFO] requestId:[                                    ] thread:[scheduling-1             ] c.s.t.service.PriceSimulatorService.generatePrice@55:
   Price event sent | symbol=GOOG price=46.1132 topic=prices 
2026-05-13T08:19:52.880 [INFO] requestId:[                                    ] thread:[scheduling-1             ] c.s.testHibernate.logging.LoggingAspect.logExecution@33:
   Exiting com.saber.testHibernate.service.PriceSimulatorService.generatePrice | executionTime=2 ms 
2026-05-13T08:20:52.876 [INFO] requestId:[                                    ] thread:[scheduling-1             ] c.s.testHibernate.logging.LoggingAspect.logExecution@28:
   Entering com.saber.testHibernate.service.PriceSimulatorService.generatePrice with args=[] 
2026-05-13T08:20:52.879 [INFO] requestId:[                                    ] thread:[scheduling-1             ] c.s.t.service.PriceSimulatorService.generatePrice@55:
   Price event sent | symbol=GOOG price=43.7003 topic=prices 
2026-05-13T08:20:52.879 [INFO] requestId:[                                    ] thread:[scheduling-1             ] c.s.testHibernate.logging.LoggingAspect.logExecution@33:
   Exiting com.saber.testHibernate.service.PriceSimulatorService.generatePrice | executionTime=3 ms 
2026-05-13T08:21:52.871 [INFO] requestId:[                                    ] thread:[scheduling-1             ] c.s.testHibernate.logging.LoggingAspect.logExecution@28:
   Entering com.saber.testHibernate.service.PriceSimulatorService.generatePrice with args=[] 
2026-05-13T08:21:52.873 [INFO] requestId:[                                    ] thread:[scheduling-1             ] c.s.t.service.PriceSimulatorService.generatePrice@55:
   Price event sent | symbol=BTC price=15330.5889 topic=prices 
2026-05-13T08:21:52.873 [INFO] requestId:[                                    ] thread:[scheduling-1             ] c.s.testHibernate.logging.LoggingAspect.logExecution@33:
   Exiting com.saber.testHibernate.service.PriceSimulatorService.generatePrice | executionTime=2 ms 
2026-05-13T08:22:52.870 [INFO] requestId:[                                    ] thread:[scheduling-1             ] c.s.testHibernate.logging.LoggingAspect.logExecution@28:
   Entering com.saber.testHibernate.service.PriceSimulatorService.generatePrice with args=[] 
2026-05-13T08:22:52.871 [INFO] requestId:[                                    ] thread:[scheduling-1             ] c.s.t.service.PriceSimulatorService.generatePrice@55:
   Price event sent | symbol=ETH price=5592.3172 topic=prices 
2026-05-13T08:22:52.872 [INFO] requestId:[                                    ] thread:[scheduling-1             ] c.s.testHibernate.logging.LoggingAspect.logExecution@33:
   Exiting com.saber.testHibernate.service.PriceSimulatorService.generatePrice | executionTime=2 ms 
2026-05-13T08:23:52.870 [INFO] requestId:[                                    ] thread:[scheduling-1             ] c.s.testHibernate.logging.LoggingAspect.logExecution@28:
   Entering com.saber.testHibernate.service.PriceSimulatorService.generatePrice with args=[] 
2026-05-13T08:23:52.872 [INFO] requestId:[                                    ] thread:[scheduling-1             ] c.s.t.service.PriceSimulatorService.generatePrice@55:
   Price event sent | symbol=AAPL price=113.9541 topic=prices 
2026-05-13T08:23:52.872 [INFO] requestId:[                                    ] thread:[scheduling-1             ] c.s.testHibernate.logging.LoggingAspect.logExecution@33:
   Exiting com.saber.testHibernate.service.PriceSimulatorService.generatePrice | executionTime=2 ms 
2026-05-13T08:24:52.881 [INFO] requestId:[                                    ] thread:[scheduling-1             ] c.s.testHibernate.logging.LoggingAspect.logExecution@28:
   Entering com.saber.testHibernate.service.PriceSimulatorService.generatePrice with args=[] 
2026-05-13T08:24:52.883 [INFO] requestId:[                                    ] thread:[scheduling-1             ] c.s.t.service.PriceSimulatorService.generatePrice@55:
   Price event sent | symbol=BTC price=16550.4068 topic=prices 
2026-05-13T08:24:52.884 [INFO] requestId:[                                    ] thread:[scheduling-1             ] c.s.testHibernate.logging.LoggingAspect.logExecution@33:
   Exiting com.saber.testHibernate.service.PriceSimulatorService.generatePrice | executionTime=3 ms 
2026-05-13T08:25:52.878 [INFO] requestId:[                                    ] thread:[scheduling-1             ] c.s.testHibernate.logging.LoggingAspect.logExecution@28:
   Entering com.saber.testHibernate.service.PriceSimulatorService.generatePrice with args=[] 
2026-05-13T08:25:52.879 [INFO] requestId:[                                    ] thread:[scheduling-1             ] c.s.t.service.PriceSimulatorService.generatePrice@55:
   Price event sent | symbol=AAPL price=121.3019 topic=prices 
2026-05-13T08:25:52.880 [INFO] requestId:[                                    ] thread:[scheduling-1             ] c.s.testHibernate.logging.LoggingAspect.logExecution@33:
   Exiting com.saber.testHibernate.service.PriceSimulatorService.generatePrice | executionTime=2 ms 
2026-05-13T08:26:52.873 [INFO] requestId:[                                    ] thread:[scheduling-1             ] c.s.testHibernate.logging.LoggingAspect.logExecution@28:
   Entering com.saber.testHibernate.service.PriceSimulatorService.generatePrice with args=[] 
2026-05-13T08:26:52.876 [INFO] requestId:[                                    ] thread:[scheduling-1             ] c.s.t.service.PriceSimulatorService.generatePrice@55:
   Price event sent | symbol=ETH price=5278.0573 topic=prices 
2026-05-13T08:26:52.876 [INFO] requestId:[                                    ] thread:[scheduling-1             ] c.s.testHibernate.logging.LoggingAspect.logExecution@33:
   Exiting com.saber.testHibernate.service.PriceSimulatorService.generatePrice | executionTime=3 ms 
2026-05-13T08:27:52.871 [INFO] requestId:[                                    ] thread:[scheduling-1             ] c.s.testHibernate.logging.LoggingAspect.logExecution@28:
   Entering com.saber.testHibernate.service.PriceSimulatorService.generatePrice with args=[] 
2026-05-13T08:27:52.872 [INFO] requestId:[                                    ] thread:[scheduling-1             ] c.s.t.service.PriceSimulatorService.generatePrice@55:
   Price event sent | symbol=GOOG price=42.5746 topic=prices 
2026-05-13T08:27:52.873 [INFO] requestId:[                                    ] thread:[scheduling-1             ] c.s.testHibernate.logging.LoggingAspect.logExecution@33:
   Exiting com.saber.testHibernate.service.PriceSimulatorService.generatePrice | executionTime=2 ms 
2026-05-13T08:28:52.879 [INFO] requestId:[                                    ] thread:[scheduling-1             ] c.s.testHibernate.logging.LoggingAspect.logExecution@28:
   Entering com.saber.testHibernate.service.PriceSimulatorService.generatePrice with args=[] 
2026-05-13T08:28:52.881 [INFO] requestId:[                                    ] thread:[scheduling-1             ] c.s.t.service.PriceSimulatorService.generatePrice@55:
   Price event sent | symbol=AAPL price=132.3772 topic=prices 
2026-05-13T08:28:52.881 [INFO] requestId:[                                    ] thread:[scheduling-1             ] c.s.testHibernate.logging.LoggingAspect.logExecution@33:
   Exiting com.saber.testHibernate.service.PriceSimulatorService.generatePrice | executionTime=2 ms 
2026-05-13T08:29:52.883 [INFO] requestId:[                                    ] thread:[scheduling-1             ] c.s.testHibernate.logging.LoggingAspect.logExecution@28:
   Entering com.saber.testHibernate.service.PriceSimulatorService.generatePrice with args=[] 
2026-05-13T08:29:52.885 [INFO] requestId:[                                    ] thread:[scheduling-1             ] c.s.t.service.PriceSimulatorService.generatePrice@55:
   Price event sent | symbol=BTC price=14899.4129 topic=prices 
2026-05-13T08:29:52.886 [INFO] requestId:[                                    ] thread:[scheduling-1             ] c.s.testHibernate.logging.LoggingAspect.logExecution@33:
   Exiting com.saber.testHibernate.service.PriceSimulatorService.generatePrice | executionTime=4 ms 
2026-05-13T08:30:52.874 [INFO] requestId:[                                    ] thread:[scheduling-1             ] c.s.testHibernate.logging.LoggingAspect.logExecution@28:
   Entering com.saber.testHibernate.service.PriceSimulatorService.generatePrice with args=[] 
2026-05-13T08:30:52.875 [INFO] requestId:[                                    ] thread:[scheduling-1             ] c.s.t.service.PriceSimulatorService.generatePrice@55:
   Price event sent | symbol=ETH price=4900.4323 topic=prices 
2026-05-13T08:30:52.876 [INFO] requestId:[                                    ] thread:[scheduling-1             ] c.s.testHibernate.logging.LoggingAspect.logExecution@33:
   Exiting com.saber.testHibernate.service.PriceSimulatorService.generatePrice | executionTime=2 ms 
2026-05-13T08:31:52.885 [INFO] requestId:[                                    ] thread:[scheduling-1             ] c.s.testHibernate.logging.LoggingAspect.logExecution@28:
   Entering com.saber.testHibernate.service.PriceSimulatorService.generatePrice with args=[] 
2026-05-13T08:31:52.887 [INFO] requestId:[                                    ] thread:[scheduling-1             ] c.s.t.service.PriceSimulatorService.generatePrice@55:
   Price event sent | symbol=GOOG price=40.0420 topic=prices 
2026-05-13T08:31:52.887 [INFO] requestId:[                                    ] thread:[scheduling-1             ] c.s.testHibernate.logging.LoggingAspect.logExecution@33:
   Exiting com.saber.testHibernate.service.PriceSimulatorService.generatePrice | executionTime=2 ms 
2026-05-13T08:32:52.888 [INFO] requestId:[                                    ] thread:[scheduling-1             ] c.s.testHibernate.logging.LoggingAspect.logExecution@28:
   Entering com.saber.testHibernate.service.PriceSimulatorService.generatePrice with args=[] 
2026-05-13T08:32:52.889 [INFO] requestId:[                                    ] thread:[scheduling-1             ] c.s.t.service.PriceSimulatorService.generatePrice@55:
   Price event sent | symbol=AAPL price=141.3406 topic=prices 
2026-05-13T08:32:52.889 [INFO] requestId:[                                    ] thread:[scheduling-1             ] c.s.testHibernate.logging.LoggingAspect.logExecution@33:
   Exiting com.saber.testHibernate.service.PriceSimulatorService.generatePrice | executionTime=1 ms 
2026-05-13T08:33:52.879 [INFO] requestId:[                                    ] thread:[scheduling-1             ] c.s.testHibernate.logging.LoggingAspect.logExecution@28:
   Entering com.saber.testHibernate.service.PriceSimulatorService.generatePrice with args=[] 
2026-05-13T08:33:52.880 [INFO] requestId:[                                    ] thread:[scheduling-1             ] c.s.t.service.PriceSimulatorService.generatePrice@55:
   Price event sent | symbol=GOOG price=37.3279 topic=prices 
2026-05-13T08:33:52.881 [INFO] requestId:[                                    ] thread:[scheduling-1             ] c.s.testHibernate.logging.LoggingAspect.logExecution@33:
   Exiting com.saber.testHibernate.service.PriceSimulatorService.generatePrice | executionTime=2 ms 
2026-05-13T08:34:52.876 [INFO] requestId:[                                    ] thread:[scheduling-1             ] c.s.testHibernate.logging.LoggingAspect.logExecution@28:
   Entering com.saber.testHibernate.service.PriceSimulatorService.generatePrice with args=[] 
2026-05-13T08:34:52.879 [INFO] requestId:[                                    ] thread:[scheduling-1             ] c.s.t.service.PriceSimulatorService.generatePrice@55:
   Price event sent | symbol=BTC price=15179.8173 topic=prices 
2026-05-13T08:34:52.879 [INFO] requestId:[                                    ] thread:[scheduling-1             ] c.s.testHibernate.logging.LoggingAspect.logExecution@33:
   Exiting com.saber.testHibernate.service.PriceSimulatorService.generatePrice | executionTime=3 ms 
2026-05-13T08:35:52.885 [INFO] requestId:[                                    ] thread:[scheduling-1             ] c.s.testHibernate.logging.LoggingAspect.logExecution@28:
   Entering com.saber.testHibernate.service.PriceSimulatorService.generatePrice with args=[] 
2026-05-13T08:35:52.887 [INFO] requestId:[                                    ] thread:[scheduling-1             ] c.s.t.service.PriceSimulatorService.generatePrice@55:
   Price event sent | symbol=ETH price=4852.1391 topic=prices 
2026-05-13T08:35:52.887 [INFO] requestId:[                                    ] thread:[scheduling-1             ] c.s.testHibernate.logging.LoggingAspect.logExecution@33:
   Exiting com.saber.testHibernate.service.PriceSimulatorService.generatePrice | executionTime=2 ms 
2026-05-13T08:36:52.878 [INFO] requestId:[                                    ] thread:[scheduling-1             ] c.s.testHibernate.logging.LoggingAspect.logExecution@28:
   Entering com.saber.testHibernate.service.PriceSimulatorService.generatePrice with args=[] 
2026-05-13T08:36:52.880 [INFO] requestId:[                                    ] thread:[scheduling-1             ] c.s.t.service.PriceSimulatorService.generatePrice@55:
   Price event sent | symbol=ETH price=4399.7424 topic=prices 
2026-05-13T08:36:52.881 [INFO] requestId:[                                    ] thread:[scheduling-1             ] c.s.testHibernate.logging.LoggingAspect.logExecution@33:
   Exiting com.saber.testHibernate.service.PriceSimulatorService.generatePrice | executionTime=3 ms 
2026-05-13T08:37:52.884 [INFO] requestId:[                                    ] thread:[scheduling-1             ] c.s.testHibernate.logging.LoggingAspect.logExecution@28:
   Entering com.saber.testHibernate.service.PriceSimulatorService.generatePrice with args=[] 
2026-05-13T08:37:52.886 [INFO] requestId:[                                    ] thread:[scheduling-1             ] c.s.t.service.PriceSimulatorService.generatePrice@55:
   Price event sent | symbol=ETH price=4812.0316 topic=prices 
2026-05-13T08:37:52.886 [INFO] requestId:[                                    ] thread:[scheduling-1             ] c.s.testHibernate.logging.LoggingAspect.logExecution@33:
   Exiting com.saber.testHibernate.service.PriceSimulatorService.generatePrice | executionTime=2 ms 
2026-05-13T08:38:52.877 [INFO] requestId:[                                    ] thread:[scheduling-1             ] c.s.testHibernate.logging.LoggingAspect.logExecution@28:
   Entering com.saber.testHibernate.service.PriceSimulatorService.generatePrice with args=[] 
2026-05-13T08:38:52.879 [INFO] requestId:[                                    ] thread:[scheduling-1             ] c.s.t.service.PriceSimulatorService.generatePrice@55:
   Price event sent | symbol=AAPL price=132.2321 topic=prices 
2026-05-13T08:38:52.880 [INFO] requestId:[                                    ] thread:[scheduling-1             ] c.s.testHibernate.logging.LoggingAspect.logExecution@33:
   Exiting com.saber.testHibernate.service.PriceSimulatorService.generatePrice | executionTime=3 ms 
2026-05-13T08:39:52.877 [INFO] requestId:[                                    ] thread:[scheduling-1             ] c.s.testHibernate.logging.LoggingAspect.logExecution@28:
   Entering com.saber.testHibernate.service.PriceSimulatorService.generatePrice with args=[] 
2026-05-13T08:39:52.879 [INFO] requestId:[                                    ] thread:[scheduling-1             ] c.s.t.service.PriceSimulatorService.generatePrice@55:
   Price event sent | symbol=BTC price=14155.9255 topic=prices 
2026-05-13T08:39:52.880 [INFO] requestId:[                                    ] thread:[scheduling-1             ] c.s.testHibernate.logging.LoggingAspect.logExecution@33:
   Exiting com.saber.testHibernate.service.PriceSimulatorService.generatePrice | executionTime=3 ms 
2026-05-13T08:40:52.886 [INFO] requestId:[                                    ] thread:[scheduling-1             ] c.s.testHibernate.logging.LoggingAspect.logExecution@28:
   Entering com.saber.testHibernate.service.PriceSimulatorService.generatePrice with args=[] 
2026-05-13T08:40:52.888 [INFO] requestId:[                                    ] thread:[scheduling-1             ] c.s.t.service.PriceSimulatorService.generatePrice@55:
   Price event sent | symbol=BTC price=13744.9685 topic=prices 
2026-05-13T08:40:52.888 [INFO] requestId:[                                    ] thread:[scheduling-1             ] c.s.testHibernate.logging.LoggingAspect.logExecution@33:
   Exiting com.saber.testHibernate.service.PriceSimulatorService.generatePrice | executionTime=2 ms 
2026-05-13T08:41:52.878 [INFO] requestId:[                                    ] thread:[scheduling-1             ] c.s.testHibernate.logging.LoggingAspect.logExecution@28:
   Entering com.saber.testHibernate.service.PriceSimulatorService.generatePrice with args=[] 
2026-05-13T08:41:52.881 [INFO] requestId:[                                    ] thread:[scheduling-1             ] c.s.t.service.PriceSimulatorService.generatePrice@55:
   Price event sent | symbol=BTC price=12577.1750 topic=prices 
2026-05-13T08:41:52.882 [INFO] requestId:[                                    ] thread:[scheduling-1             ] c.s.testHibernate.logging.LoggingAspect.logExecution@33:
   Exiting com.saber.testHibernate.service.PriceSimulatorService.generatePrice | executionTime=4 ms 
2026-05-13T08:42:52.892 [INFO] requestId:[                                    ] thread:[scheduling-1             ] c.s.testHibernate.logging.LoggingAspect.logExecution@28:
   Entering com.saber.testHibernate.service.PriceSimulatorService.generatePrice with args=[] 
2026-05-13T08:42:52.893 [INFO] requestId:[                                    ] thread:[scheduling-1             ] c.s.t.service.PriceSimulatorService.generatePrice@55:
   Price event sent | symbol=GOOG price=38.0176 topic=prices 
2026-05-13T08:42:52.893 [INFO] requestId:[                                    ] thread:[scheduling-1             ] c.s.testHibernate.logging.LoggingAspect.logExecution@33:
   Exiting com.saber.testHibernate.service.PriceSimulatorService.generatePrice | executionTime=1 ms 
2026-05-13T08:43:52.883 [INFO] requestId:[                                    ] thread:[scheduling-1             ] c.s.testHibernate.logging.LoggingAspect.logExecution@28:
   Entering com.saber.testHibernate.service.PriceSimulatorService.generatePrice with args=[] 
2026-05-13T08:43:52.884 [INFO] requestId:[                                    ] thread:[scheduling-1             ] c.s.t.service.PriceSimulatorService.generatePrice@55:
   Price event sent | symbol=BTC price=13732.2927 topic=prices 
2026-05-13T08:43:52.886 [INFO] requestId:[                                    ] thread:[scheduling-1             ] c.s.testHibernate.logging.LoggingAspect.logExecution@33:
   Exiting com.saber.testHibernate.service.PriceSimulatorService.generatePrice | executionTime=3 ms 
2026-05-13T08:44:52.889 [INFO] requestId:[                                    ] thread:[scheduling-1             ] c.s.testHibernate.logging.LoggingAspect.logExecution@28:
   Entering com.saber.testHibernate.service.PriceSimulatorService.generatePrice with args=[] 
2026-05-13T08:44:52.892 [INFO] requestId:[                                    ] thread:[scheduling-1             ] c.s.t.service.PriceSimulatorService.generatePrice@55:
   Price event sent | symbol=GOOG price=37.8367 topic=prices 
2026-05-13T08:44:52.892 [INFO] requestId:[                                    ] thread:[scheduling-1             ] c.s.testHibernate.logging.LoggingAspect.logExecution@33:
   Exiting com.saber.testHibernate.service.PriceSimulatorService.generatePrice | executionTime=3 ms 
2026-05-13T08:45:52.894 [INFO] requestId:[                                    ] thread:[scheduling-1             ] c.s.testHibernate.logging.LoggingAspect.logExecution@28:
   Entering com.saber.testHibernate.service.PriceSimulatorService.generatePrice with args=[] 
2026-05-13T08:45:52.897 [INFO] requestId:[                                    ] thread:[scheduling-1             ] c.s.t.service.PriceSimulatorService.generatePrice@55:
   Price event sent | symbol=ETH price=4910.1817 topic=prices 
2026-05-13T08:45:52.897 [INFO] requestId:[                                    ] thread:[scheduling-1             ] c.s.testHibernate.logging.LoggingAspect.logExecution@33:
   Exiting com.saber.testHibernate.service.PriceSimulatorService.generatePrice | executionTime=3 ms 
2026-05-13T08:46:52.889 [INFO] requestId:[                                    ] thread:[scheduling-1             ] c.s.testHibernate.logging.LoggingAspect.logExecution@28:
   Entering com.saber.testHibernate.service.PriceSimulatorService.generatePrice with args=[] 
2026-05-13T08:46:52.891 [INFO] requestId:[                                    ] thread:[scheduling-1             ] c.s.t.service.PriceSimulatorService.generatePrice@55:
   Price event sent | symbol=GOOG price=35.3947 topic=prices 
2026-05-13T08:46:52.892 [INFO] requestId:[                                    ] thread:[scheduling-1             ] c.s.testHibernate.logging.LoggingAspect.logExecution@33:
   Exiting com.saber.testHibernate.service.PriceSimulatorService.generatePrice | executionTime=3 ms 
2026-05-13T08:47:52.884 [INFO] requestId:[                                    ] thread:[scheduling-1             ] c.s.testHibernate.logging.LoggingAspect.logExecution@28:
   Entering com.saber.testHibernate.service.PriceSimulatorService.generatePrice with args=[] 
2026-05-13T08:47:52.886 [INFO] requestId:[                                    ] thread:[scheduling-1             ] c.s.t.service.PriceSimulatorService.generatePrice@55:
   Price event sent | symbol=BTC price=14852.1306 topic=prices 
2026-05-13T08:47:52.886 [INFO] requestId:[                                    ] thread:[scheduling-1             ] c.s.testHibernate.logging.LoggingAspect.logExecution@33:
   Exiting com.saber.testHibernate.service.PriceSimulatorService.generatePrice | executionTime=2 ms 
2026-05-13T08:48:52.894 [INFO] requestId:[                                    ] thread:[scheduling-1             ] c.s.testHibernate.logging.LoggingAspect.logExecution@28:
   Entering com.saber.testHibernate.service.PriceSimulatorService.generatePrice with args=[] 
2026-05-13T08:48:52.895 [INFO] requestId:[                                    ] thread:[scheduling-1             ] c.s.t.service.PriceSimulatorService.generatePrice@55:
   Price event sent | symbol=ETH price=4959.8665 topic=prices 
2026-05-13T08:48:52.895 [INFO] requestId:[                                    ] thread:[scheduling-1             ] c.s.testHibernate.logging.LoggingAspect.logExecution@33:
   Exiting com.saber.testHibernate.service.PriceSimulatorService.generatePrice | executionTime=1 ms 
2026-05-13T08:49:52.895 [INFO] requestId:[                                    ] thread:[scheduling-1             ] c.s.testHibernate.logging.LoggingAspect.logExecution@28:
   Entering com.saber.testHibernate.service.PriceSimulatorService.generatePrice with args=[] 
2026-05-13T08:49:52.897 [INFO] requestId:[                                    ] thread:[scheduling-1             ] c.s.t.service.PriceSimulatorService.generatePrice@55:
   Price event sent | symbol=BTC price=13626.1426 topic=prices 
2026-05-13T08:49:52.898 [INFO] requestId:[                                    ] thread:[scheduling-1             ] c.s.testHibernate.logging.LoggingAspect.logExecution@33:
   Exiting com.saber.testHibernate.service.PriceSimulatorService.generatePrice | executionTime=3 ms 
2026-05-13T08:50:52.897 [INFO] requestId:[                                    ] thread:[scheduling-1             ] c.s.testHibernate.logging.LoggingAspect.logExecution@28:
   Entering com.saber.testHibernate.service.PriceSimulatorService.generatePrice with args=[] 
2026-05-13T08:50:52.901 [INFO] requestId:[                                    ] thread:[scheduling-1             ] c.s.t.service.PriceSimulatorService.generatePrice@55:
   Price event sent | symbol=BTC price=14792.8153 topic=prices 
2026-05-13T08:50:52.901 [INFO] requestId:[                                    ] thread:[scheduling-1             ] c.s.testHibernate.logging.LoggingAspect.logExecution@33:
   Exiting com.saber.testHibernate.service.PriceSimulatorService.generatePrice | executionTime=4 ms 
2026-05-13T08:51:52.889 [INFO] requestId:[                                    ] thread:[scheduling-1             ] c.s.testHibernate.logging.LoggingAspect.logExecution@28:
   Entering com.saber.testHibernate.service.PriceSimulatorService.generatePrice with args=[] 
2026-05-13T08:51:52.891 [INFO] requestId:[                                    ] thread:[scheduling-1             ] c.s.t.service.PriceSimulatorService.generatePrice@55:
   Price event sent | symbol=BTC price=13696.0298 topic=prices 
2026-05-13T08:51:52.892 [INFO] requestId:[                                    ] thread:[scheduling-1             ] c.s.testHibernate.logging.LoggingAspect.logExecution@33:
   Exiting com.saber.testHibernate.service.PriceSimulatorService.generatePrice | executionTime=3 ms 
2026-05-13T08:52:52.891 [INFO] requestId:[                                    ] thread:[scheduling-1             ] c.s.testHibernate.logging.LoggingAspect.logExecution@28:
   Entering com.saber.testHibernate.service.PriceSimulatorService.generatePrice with args=[] 
2026-05-13T08:52:52.892 [INFO] requestId:[                                    ] thread:[scheduling-1             ] c.s.t.service.PriceSimulatorService.generatePrice@55:
   Price event sent | symbol=BTC price=13771.4827 topic=prices 
2026-05-13T08:52:52.893 [INFO] requestId:[                                    ] thread:[scheduling-1             ] c.s.testHibernate.logging.LoggingAspect.logExecution@33:
   Exiting com.saber.testHibernate.service.PriceSimulatorService.generatePrice | executionTime=2 ms 
2026-05-13T08:53:52.895 [INFO] requestId:[                                    ] thread:[scheduling-1             ] c.s.testHibernate.logging.LoggingAspect.logExecution@28:
   Entering com.saber.testHibernate.service.PriceSimulatorService.generatePrice with args=[] 
2026-05-13T08:53:52.898 [INFO] requestId:[                                    ] thread:[scheduling-1             ] c.s.t.service.PriceSimulatorService.generatePrice@55:
   Price event sent | symbol=AAPL price=138.9646 topic=prices 
2026-05-13T08:53:52.898 [INFO] requestId:[                                    ] thread:[scheduling-1             ] c.s.testHibernate.logging.LoggingAspect.logExecution@33:
   Exiting com.saber.testHibernate.service.PriceSimulatorService.generatePrice | executionTime=3 ms 
2026-05-13T08:54:52.888 [INFO] requestId:[                                    ] thread:[scheduling-1             ] c.s.testHibernate.logging.LoggingAspect.logExecution@28:
   Entering com.saber.testHibernate.service.PriceSimulatorService.generatePrice with args=[] 
2026-05-13T08:54:52.891 [INFO] requestId:[                                    ] thread:[scheduling-1             ] c.s.t.service.PriceSimulatorService.generatePrice@55:
   Price event sent | symbol=ETH price=4608.3885 topic=prices 
2026-05-13T08:54:52.892 [INFO] requestId:[                                    ] thread:[scheduling-1             ] c.s.testHibernate.logging.LoggingAspect.logExecution@33:
   Exiting com.saber.testHibernate.service.PriceSimulatorService.generatePrice | executionTime=4 ms 
2026-05-13T08:55:52.894 [INFO] requestId:[                                    ] thread:[scheduling-1             ] c.s.testHibernate.logging.LoggingAspect.logExecution@28:
   Entering com.saber.testHibernate.service.PriceSimulatorService.generatePrice with args=[] 
2026-05-13T08:55:52.895 [INFO] requestId:[                                    ] thread:[scheduling-1             ] c.s.t.service.PriceSimulatorService.generatePrice@55:
   Price event sent | symbol=AAPL price=148.3225 topic=prices 
2026-05-13T08:55:52.896 [INFO] requestId:[                                    ] thread:[scheduling-1             ] c.s.testHibernate.logging.LoggingAspect.logExecution@33:
   Exiting com.saber.testHibernate.service.PriceSimulatorService.generatePrice | executionTime=2 ms 
2026-05-13T08:56:52.893 [INFO] requestId:[                                    ] thread:[scheduling-1             ] c.s.testHibernate.logging.LoggingAspect.logExecution@28:
   Entering com.saber.testHibernate.service.PriceSimulatorService.generatePrice with args=[] 
2026-05-13T08:56:52.896 [INFO] requestId:[                                    ] thread:[scheduling-1             ] c.s.t.service.PriceSimulatorService.generatePrice@55:
   Price event sent | symbol=AAPL price=140.7097 topic=prices 
2026-05-13T08:56:52.898 [INFO] requestId:[                                    ] thread:[scheduling-1             ] c.s.testHibernate.logging.LoggingAspect.logExecution@33:
   Exiting com.saber.testHibernate.service.PriceSimulatorService.generatePrice | executionTime=5 ms 
2026-05-13T08:57:52.894 [INFO] requestId:[                                    ] thread:[scheduling-1             ] c.s.testHibernate.logging.LoggingAspect.logExecution@28:
   Entering com.saber.testHibernate.service.PriceSimulatorService.generatePrice with args=[] 
2026-05-13T08:57:52.895 [INFO] requestId:[                                    ] thread:[scheduling-1             ] c.s.t.service.PriceSimulatorService.generatePrice@55:
   Price event sent | symbol=AAPL price=137.3577 topic=prices 
2026-05-13T08:57:52.895 [INFO] requestId:[                                    ] thread:[scheduling-1             ] c.s.testHibernate.logging.LoggingAspect.logExecution@33:
   Exiting com.saber.testHibernate.service.PriceSimulatorService.generatePrice | executionTime=1 ms 
2026-05-13T08:58:52.893 [INFO] requestId:[                                    ] thread:[scheduling-1             ] c.s.testHibernate.logging.LoggingAspect.logExecution@28:
   Entering com.saber.testHibernate.service.PriceSimulatorService.generatePrice with args=[] 
2026-05-13T08:58:52.895 [INFO] requestId:[                                    ] thread:[scheduling-1             ] c.s.t.service.PriceSimulatorService.generatePrice@55:
   Price event sent | symbol=GOOG price=37.6536 topic=prices 
2026-05-13T08:58:52.895 [INFO] requestId:[                                    ] thread:[scheduling-1             ] c.s.testHibernate.logging.LoggingAspect.logExecution@33:
   Exiting com.saber.testHibernate.service.PriceSimulatorService.generatePrice | executionTime=2 ms 
2026-05-13T08:59:52.894 [INFO] requestId:[                                    ] thread:[scheduling-1             ] c.s.testHibernate.logging.LoggingAspect.logExecution@28:
   Entering com.saber.testHibernate.service.PriceSimulatorService.generatePrice with args=[] 
2026-05-13T08:59:52.899 [INFO] requestId:[                                    ] thread:[scheduling-1             ] c.s.t.service.PriceSimulatorService.generatePrice@55:
   Price event sent | symbol=ETH price=4698.8309 topic=prices 
2026-05-13T08:59:52.899 [INFO] requestId:[                                    ] thread:[scheduling-1             ] c.s.testHibernate.logging.LoggingAspect.logExecution@33:
   Exiting com.saber.testHibernate.service.PriceSimulatorService.generatePrice | executionTime=5 ms 
2026-05-13T09:00:52.901 [INFO] requestId:[                                    ] thread:[scheduling-1             ] c.s.testHibernate.logging.LoggingAspect.logExecution@28:
   Entering com.saber.testHibernate.service.PriceSimulatorService.generatePrice with args=[] 
2026-05-13T09:00:52.903 [INFO] requestId:[                                    ] thread:[scheduling-1             ] c.s.t.service.PriceSimulatorService.generatePrice@55:
   Price event sent | symbol=BTC price=13793.7788 topic=prices 
2026-05-13T09:00:52.904 [INFO] requestId:[                                    ] thread:[scheduling-1             ] c.s.testHibernate.logging.LoggingAspect.logExecution@33:
   Exiting com.saber.testHibernate.service.PriceSimulatorService.generatePrice | executionTime=3 ms 
2026-05-13T09:01:52.892 [INFO] requestId:[                                    ] thread:[scheduling-1             ] c.s.testHibernate.logging.LoggingAspect.logExecution@28:
   Entering com.saber.testHibernate.service.PriceSimulatorService.generatePrice with args=[] 
2026-05-13T09:01:52.894 [INFO] requestId:[                                    ] thread:[scheduling-1             ] c.s.t.service.PriceSimulatorService.generatePrice@55:
   Price event sent | symbol=BTC price=14903.9248 topic=prices 
2026-05-13T09:01:52.895 [INFO] requestId:[                                    ] thread:[scheduling-1             ] c.s.testHibernate.logging.LoggingAspect.logExecution@33:
   Exiting com.saber.testHibernate.service.PriceSimulatorService.generatePrice | executionTime=3 ms 
2026-05-13T09:02:52.897 [INFO] requestId:[                                    ] thread:[scheduling-1             ] c.s.testHibernate.logging.LoggingAspect.logExecution@28:
   Entering com.saber.testHibernate.service.PriceSimulatorService.generatePrice with args=[] 
2026-05-13T09:02:52.899 [INFO] requestId:[                                    ] thread:[scheduling-1             ] c.s.t.service.PriceSimulatorService.generatePrice@55:
   Price event sent | symbol=AAPL price=141.6979 topic=prices 
2026-05-13T09:02:52.899 [INFO] requestId:[                                    ] thread:[scheduling-1             ] c.s.testHibernate.logging.LoggingAspect.logExecution@33:
   Exiting com.saber.testHibernate.service.PriceSimulatorService.generatePrice | executionTime=2 ms 
2026-05-13T09:03:52.891 [INFO] requestId:[                                    ] thread:[scheduling-1             ] c.s.testHibernate.logging.LoggingAspect.logExecution@28:
   Entering com.saber.testHibernate.service.PriceSimulatorService.generatePrice with args=[] 
2026-05-13T09:03:52.892 [INFO] requestId:[                                    ] thread:[scheduling-1             ] c.s.t.service.PriceSimulatorService.generatePrice@55:
   Price event sent | symbol=ETH price=4296.3563 topic=prices 
2026-05-13T09:03:52.892 [INFO] requestId:[                                    ] thread:[scheduling-1             ] c.s.testHibernate.logging.LoggingAspect.logExecution@33:
   Exiting com.saber.testHibernate.service.PriceSimulatorService.generatePrice | executionTime=1 ms 
2026-05-13T09:04:52.903 [INFO] requestId:[                                    ] thread:[scheduling-1             ] c.s.testHibernate.logging.LoggingAspect.logExecution@28:
   Entering com.saber.testHibernate.service.PriceSimulatorService.generatePrice with args=[] 
2026-05-13T09:04:52.907 [INFO] requestId:[                                    ] thread:[scheduling-1             ] c.s.t.service.PriceSimulatorService.generatePrice@55:
   Price event sent | symbol=AAPL price=136.3292 topic=prices 
2026-05-13T09:04:52.907 [INFO] requestId:[                                    ] thread:[scheduling-1             ] c.s.testHibernate.logging.LoggingAspect.logExecution@33:
   Exiting com.saber.testHibernate.service.PriceSimulatorService.generatePrice | executionTime=4 ms 
2026-05-13T09:05:52.897 [INFO] requestId:[                                    ] thread:[scheduling-1             ] c.s.testHibernate.logging.LoggingAspect.logExecution@28:
   Entering com.saber.testHibernate.service.PriceSimulatorService.generatePrice with args=[] 
2026-05-13T09:05:52.898 [INFO] requestId:[                                    ] thread:[scheduling-1             ] c.s.t.service.PriceSimulatorService.generatePrice@55:
   Price event sent | symbol=AAPL price=139.0557 topic=prices 
2026-05-13T09:05:52.899 [INFO] requestId:[                                    ] thread:[scheduling-1             ] c.s.testHibernate.logging.LoggingAspect.logExecution@33:
   Exiting com.saber.testHibernate.service.PriceSimulatorService.generatePrice | executionTime=2 ms 
2026-05-13T09:06:52.895 [INFO] requestId:[                                    ] thread:[scheduling-1             ] c.s.testHibernate.logging.LoggingAspect.logExecution@28:
   Entering com.saber.testHibernate.service.PriceSimulatorService.generatePrice with args=[] 
2026-05-13T09:06:52.897 [INFO] requestId:[                                    ] thread:[scheduling-1             ] c.s.t.service.PriceSimulatorService.generatePrice@55:
   Price event sent | symbol=ETH price=4047.8981 topic=prices 
2026-05-13T09:06:52.898 [INFO] requestId:[                                    ] thread:[scheduling-1             ] c.s.testHibernate.logging.LoggingAspect.logExecution@33:
   Exiting com.saber.testHibernate.service.PriceSimulatorService.generatePrice | executionTime=3 ms 
2026-05-13T09:07:52.905 [INFO] requestId:[                                    ] thread:[scheduling-1             ] c.s.testHibernate.logging.LoggingAspect.logExecution@28:
   Entering com.saber.testHibernate.service.PriceSimulatorService.generatePrice with args=[] 
2026-05-13T09:07:52.908 [INFO] requestId:[                                    ] thread:[scheduling-1             ] c.s.t.service.PriceSimulatorService.generatePrice@55:
   Price event sent | symbol=ETH price=3918.6490 topic=prices 
2026-05-13T09:07:52.908 [INFO] requestId:[                                    ] thread:[scheduling-1             ] c.s.testHibernate.logging.LoggingAspect.logExecution@33:
   Exiting com.saber.testHibernate.service.PriceSimulatorService.generatePrice | executionTime=3 ms 
2026-05-13T09:08:52.907 [INFO] requestId:[                                    ] thread:[scheduling-1             ] c.s.testHibernate.logging.LoggingAspect.logExecution@28:
   Entering com.saber.testHibernate.service.PriceSimulatorService.generatePrice with args=[] 
2026-05-13T09:08:52.908 [INFO] requestId:[                                    ] thread:[scheduling-1             ] c.s.t.service.PriceSimulatorService.generatePrice@55:
   Price event sent | symbol=GOOG price=34.5885 topic=prices 
2026-05-13T09:08:52.909 [INFO] requestId:[                                    ] thread:[scheduling-1             ] c.s.testHibernate.logging.LoggingAspect.logExecution@33:
   Exiting com.saber.testHibernate.service.PriceSimulatorService.generatePrice | executionTime=2 ms 
2026-05-13T09:09:52.896 [INFO] requestId:[                                    ] thread:[scheduling-1             ] c.s.testHibernate.logging.LoggingAspect.logExecution@28:
   Entering com.saber.testHibernate.service.PriceSimulatorService.generatePrice with args=[] 
2026-05-13T09:09:52.898 [INFO] requestId:[                                    ] thread:[scheduling-1             ] c.s.t.service.PriceSimulatorService.generatePrice@55:
   Price event sent | symbol=ETH price=4146.0119 topic=prices 
2026-05-13T09:09:52.899 [INFO] requestId:[                                    ] thread:[scheduling-1             ] c.s.testHibernate.logging.LoggingAspect.logExecution@33:
   Exiting com.saber.testHibernate.service.PriceSimulatorService.generatePrice | executionTime=3 ms 
2026-05-13T09:10:52.896 [INFO] requestId:[                                    ] thread:[scheduling-1             ] c.s.testHibernate.logging.LoggingAspect.logExecution@28:
   Entering com.saber.testHibernate.service.PriceSimulatorService.generatePrice with args=[] 
2026-05-13T09:10:52.898 [INFO] requestId:[                                    ] thread:[scheduling-1             ] c.s.t.service.PriceSimulatorService.generatePrice@55:
   Price event sent | symbol=AAPL price=135.1240 topic=prices 
2026-05-13T09:10:52.898 [INFO] requestId:[                                    ] thread:[scheduling-1             ] c.s.testHibernate.logging.LoggingAspect.logExecution@33:
   Exiting com.saber.testHibernate.service.PriceSimulatorService.generatePrice | executionTime=2 ms 
2026-05-13T09:11:52.902 [INFO] requestId:[                                    ] thread:[scheduling-1             ] c.s.testHibernate.logging.LoggingAspect.logExecution@28:
   Entering com.saber.testHibernate.service.PriceSimulatorService.generatePrice with args=[] 
2026-05-13T09:11:52.904 [INFO] requestId:[                                    ] thread:[scheduling-1             ] c.s.t.service.PriceSimulatorService.generatePrice@55:
   Price event sent | symbol=ETH price=4217.8717 topic=prices 
2026-05-13T09:11:52.904 [INFO] requestId:[                                    ] thread:[scheduling-1             ] c.s.testHibernate.logging.LoggingAspect.logExecution@33:
   Exiting com.saber.testHibernate.service.PriceSimulatorService.generatePrice | executionTime=2 ms 
2026-05-13T09:12:52.902 [INFO] requestId:[                                    ] thread:[scheduling-1             ] c.s.testHibernate.logging.LoggingAspect.logExecution@28:
   Entering com.saber.testHibernate.service.PriceSimulatorService.generatePrice with args=[] 
2026-05-13T09:12:52.906 [INFO] requestId:[                                    ] thread:[scheduling-1             ] c.s.t.service.PriceSimulatorService.generatePrice@55:
   Price event sent | symbol=BTC price=14693.9761 topic=prices 
2026-05-13T09:12:52.906 [INFO] requestId:[                                    ] thread:[scheduling-1             ] c.s.testHibernate.logging.LoggingAspect.logExecution@33:
   Exiting com.saber.testHibernate.service.PriceSimulatorService.generatePrice | executionTime=4 ms 
2026-05-13T09:13:52.906 [INFO] requestId:[                                    ] thread:[scheduling-1             ] c.s.testHibernate.logging.LoggingAspect.logExecution@28:
   Entering com.saber.testHibernate.service.PriceSimulatorService.generatePrice with args=[] 
2026-05-13T09:13:52.907 [INFO] requestId:[                                    ] thread:[scheduling-1             ] c.s.t.service.PriceSimulatorService.generatePrice@55:
   Price event sent | symbol=ETH price=4045.4981 topic=prices 
2026-05-13T09:13:52.907 [INFO] requestId:[                                    ] thread:[scheduling-1             ] c.s.testHibernate.logging.LoggingAspect.logExecution@33:
   Exiting com.saber.testHibernate.service.PriceSimulatorService.generatePrice | executionTime=1 ms 
2026-05-13T09:14:52.908 [INFO] requestId:[                                    ] thread:[scheduling-1             ] c.s.testHibernate.logging.LoggingAspect.logExecution@28:
   Entering com.saber.testHibernate.service.PriceSimulatorService.generatePrice with args=[] 
2026-05-13T09:14:52.910 [INFO] requestId:[                                    ] thread:[scheduling-1             ] c.s.t.service.PriceSimulatorService.generatePrice@55:
   Price event sent | symbol=ETH price=3907.8529 topic=prices 
2026-05-13T09:14:52.910 [INFO] requestId:[                                    ] thread:[scheduling-1             ] c.s.testHibernate.logging.LoggingAspect.logExecution@33:
   Exiting com.saber.testHibernate.service.PriceSimulatorService.generatePrice | executionTime=2 ms 
2026-05-13T09:15:52.902 [INFO] requestId:[                                    ] thread:[scheduling-1             ] c.s.testHibernate.logging.LoggingAspect.logExecution@28:
   Entering com.saber.testHibernate.service.PriceSimulatorService.generatePrice with args=[] 
2026-05-13T09:15:52.905 [INFO] requestId:[                                    ] thread:[scheduling-1             ] c.s.t.service.PriceSimulatorService.generatePrice@55:
   Price event sent | symbol=AAPL price=148.0251 topic=prices 
2026-05-13T09:15:52.905 [INFO] requestId:[                                    ] thread:[scheduling-1             ] c.s.testHibernate.logging.LoggingAspect.logExecution@33:
   Exiting com.saber.testHibernate.service.PriceSimulatorService.generatePrice | executionTime=3 ms 
2026-05-13T09:16:52.908 [INFO] requestId:[                                    ] thread:[scheduling-1             ] c.s.testHibernate.logging.LoggingAspect.logExecution@28:
   Entering com.saber.testHibernate.service.PriceSimulatorService.generatePrice with args=[] 
2026-05-13T09:16:52.909 [INFO] requestId:[                                    ] thread:[scheduling-1             ] c.s.t.service.PriceSimulatorService.generatePrice@55:
   Price event sent | symbol=ETH price=4040.3716 topic=prices 
2026-05-13T09:16:52.911 [INFO] requestId:[                                    ] thread:[scheduling-1             ] c.s.testHibernate.logging.LoggingAspect.logExecution@33:
   Exiting com.saber.testHibernate.service.PriceSimulatorService.generatePrice | executionTime=3 ms 
2026-05-13T09:17:52.906 [INFO] requestId:[                                    ] thread:[scheduling-1             ] c.s.testHibernate.logging.LoggingAspect.logExecution@28:
   Entering com.saber.testHibernate.service.PriceSimulatorService.generatePrice with args=[] 
2026-05-13T09:17:52.907 [INFO] requestId:[                                    ] thread:[scheduling-1             ] c.s.t.service.PriceSimulatorService.generatePrice@55:
   Price event sent | symbol=AAPL price=135.6813 topic=prices 
2026-05-13T09:17:52.907 [INFO] requestId:[                                    ] thread:[scheduling-1             ] c.s.testHibernate.logging.LoggingAspect.logExecution@33:
   Exiting com.saber.testHibernate.service.PriceSimulatorService.generatePrice | executionTime=1 ms 
2026-05-13T09:18:52.910 [INFO] requestId:[                                    ] thread:[scheduling-1             ] c.s.testHibernate.logging.LoggingAspect.logExecution@28:
   Entering com.saber.testHibernate.service.PriceSimulatorService.generatePrice with args=[] 
2026-05-13T09:18:52.912 [INFO] requestId:[                                    ] thread:[scheduling-1             ] c.s.t.service.PriceSimulatorService.generatePrice@55:
   Price event sent | symbol=AAPL price=127.9608 topic=prices 
2026-05-13T09:18:52.912 [INFO] requestId:[                                    ] thread:[scheduling-1             ] c.s.testHibernate.logging.LoggingAspect.logExecution@33:
   Exiting com.saber.testHibernate.service.PriceSimulatorService.generatePrice | executionTime=2 ms 
2026-05-13T09:19:52.904 [INFO] requestId:[                                    ] thread:[scheduling-1             ] c.s.testHibernate.logging.LoggingAspect.logExecution@28:
   Entering com.saber.testHibernate.service.PriceSimulatorService.generatePrice with args=[] 
2026-05-13T09:19:52.908 [INFO] requestId:[                                    ] thread:[scheduling-1             ] c.s.t.service.PriceSimulatorService.generatePrice@55:
   Price event sent | symbol=BTC price=15545.5860 topic=prices 
2026-05-13T09:19:52.908 [INFO] requestId:[                                    ] thread:[scheduling-1             ] c.s.testHibernate.logging.LoggingAspect.logExecution@33:
   Exiting com.saber.testHibernate.service.PriceSimulatorService.generatePrice | executionTime=4 ms 
2026-05-13T09:20:52.911 [INFO] requestId:[                                    ] thread:[scheduling-1             ] c.s.testHibernate.logging.LoggingAspect.logExecution@28:
   Entering com.saber.testHibernate.service.PriceSimulatorService.generatePrice with args=[] 
2026-05-13T09:20:52.913 [INFO] requestId:[                                    ] thread:[scheduling-1             ] c.s.t.service.PriceSimulatorService.generatePrice@55:
   Price event sent | symbol=AAPL price=125.0552 topic=prices 
2026-05-13T09:20:52.913 [INFO] requestId:[                                    ] thread:[scheduling-1             ] c.s.testHibernate.logging.LoggingAspect.logExecution@33:
   Exiting com.saber.testHibernate.service.PriceSimulatorService.generatePrice | executionTime=2 ms 
2026-05-13T09:21:52.905 [INFO] requestId:[                                    ] thread:[scheduling-1             ] c.s.testHibernate.logging.LoggingAspect.logExecution@28:
   Entering com.saber.testHibernate.service.PriceSimulatorService.generatePrice with args=[] 
2026-05-13T09:21:52.908 [INFO] requestId:[                                    ] thread:[scheduling-1             ] c.s.t.service.PriceSimulatorService.generatePrice@55:
   Price event sent | symbol=ETH price=4187.3034 topic=prices 
2026-05-13T09:21:52.908 [INFO] requestId:[                                    ] thread:[scheduling-1             ] c.s.testHibernate.logging.LoggingAspect.logExecution@33:
   Exiting com.saber.testHibernate.service.PriceSimulatorService.generatePrice | executionTime=3 ms 
2026-05-13T09:22:52.913 [INFO] requestId:[                                    ] thread:[scheduling-1             ] c.s.testHibernate.logging.LoggingAspect.logExecution@28:
   Entering com.saber.testHibernate.service.PriceSimulatorService.generatePrice with args=[] 
2026-05-13T09:22:52.916 [INFO] requestId:[                                    ] thread:[scheduling-1             ] c.s.t.service.PriceSimulatorService.generatePrice@55:
   Price event sent | symbol=ETH price=4005.8193 topic=prices 
2026-05-13T09:22:52.917 [INFO] requestId:[                                    ] thread:[scheduling-1             ] c.s.testHibernate.logging.LoggingAspect.logExecution@33:
   Exiting com.saber.testHibernate.service.PriceSimulatorService.generatePrice | executionTime=4 ms 
2026-05-13T09:23:52.912 [INFO] requestId:[                                    ] thread:[scheduling-1             ] c.s.testHibernate.logging.LoggingAspect.logExecution@28:
   Entering com.saber.testHibernate.service.PriceSimulatorService.generatePrice with args=[] 
2026-05-13T09:23:52.914 [INFO] requestId:[                                    ] thread:[scheduling-1             ] c.s.t.service.PriceSimulatorService.generatePrice@55:
   Price event sent | symbol=AAPL price=125.5493 topic=prices 
2026-05-13T09:23:52.914 [INFO] requestId:[                                    ] thread:[scheduling-1             ] c.s.testHibernate.logging.LoggingAspect.logExecution@33:
   Exiting com.saber.testHibernate.service.PriceSimulatorService.generatePrice | executionTime=2 ms 
2026-05-13T09:24:52.906 [INFO] requestId:[                                    ] thread:[scheduling-1             ] c.s.testHibernate.logging.LoggingAspect.logExecution@28:
   Entering com.saber.testHibernate.service.PriceSimulatorService.generatePrice with args=[] 
2026-05-13T09:24:52.907 [INFO] requestId:[                                    ] thread:[scheduling-1             ] c.s.t.service.PriceSimulatorService.generatePrice@55:
   Price event sent | symbol=AAPL price=117.8761 topic=prices 
2026-05-13T09:24:52.908 [INFO] requestId:[                                    ] thread:[scheduling-1             ] c.s.testHibernate.logging.LoggingAspect.logExecution@33:
   Exiting com.saber.testHibernate.service.PriceSimulatorService.generatePrice | executionTime=2 ms 
2026-05-13T09:25:52.911 [INFO] requestId:[                                    ] thread:[scheduling-1             ] c.s.testHibernate.logging.LoggingAspect.logExecution@28:
   Entering com.saber.testHibernate.service.PriceSimulatorService.generatePrice with args=[] 
2026-05-13T09:25:52.912 [INFO] requestId:[                                    ] thread:[scheduling-1             ] c.s.t.service.PriceSimulatorService.generatePrice@55:
   Price event sent | symbol=AAPL price=125.4082 topic=prices 
2026-05-13T09:25:52.912 [INFO] requestId:[                                    ] thread:[scheduling-1             ] c.s.testHibernate.logging.LoggingAspect.logExecution@33:
   Exiting com.saber.testHibernate.service.PriceSimulatorService.generatePrice | executionTime=1 ms 
2026-05-13T09:26:52.917 [INFO] requestId:[                                    ] thread:[scheduling-1             ] c.s.testHibernate.logging.LoggingAspect.logExecution@28:
   Entering com.saber.testHibernate.service.PriceSimulatorService.generatePrice with args=[] 
2026-05-13T09:26:52.919 [INFO] requestId:[                                    ] thread:[scheduling-1             ] c.s.t.service.PriceSimulatorService.generatePrice@55:
   Price event sent | symbol=AAPL price=125.9031 topic=prices 
2026-05-13T09:26:52.919 [INFO] requestId:[                                    ] thread:[scheduling-1             ] c.s.testHibernate.logging.LoggingAspect.logExecution@33:
   Exiting com.saber.testHibernate.service.PriceSimulatorService.generatePrice | executionTime=2 ms 
2026-05-13T09:27:52.908 [INFO] requestId:[                                    ] thread:[scheduling-1             ] c.s.testHibernate.logging.LoggingAspect.logExecution@28:
   Entering com.saber.testHibernate.service.PriceSimulatorService.generatePrice with args=[] 
2026-05-13T09:27:52.910 [INFO] requestId:[                                    ] thread:[scheduling-1             ] c.s.t.service.PriceSimulatorService.generatePrice@55:
   Price event sent | symbol=ETH price=4163.9403 topic=prices 
2026-05-13T09:27:52.912 [INFO] requestId:[                                    ] thread:[scheduling-1             ] c.s.testHibernate.logging.LoggingAspect.logExecution@33:
   Exiting com.saber.testHibernate.service.PriceSimulatorService.generatePrice | executionTime=4 ms 
2026-05-13T09:28:52.913 [INFO] requestId:[                                    ] thread:[scheduling-1             ] c.s.testHibernate.logging.LoggingAspect.logExecution@28:
   Entering com.saber.testHibernate.service.PriceSimulatorService.generatePrice with args=[] 
2026-05-13T09:28:52.914 [INFO] requestId:[                                    ] thread:[scheduling-1             ] c.s.t.service.PriceSimulatorService.generatePrice@55:
   Price event sent | symbol=AAPL price=124.8122 topic=prices 
2026-05-13T09:28:52.914 [INFO] requestId:[                                    ] thread:[scheduling-1             ] c.s.testHibernate.logging.LoggingAspect.logExecution@33:
   Exiting com.saber.testHibernate.service.PriceSimulatorService.generatePrice | executionTime=1 ms 
2026-05-13T09:29:52.913 [INFO] requestId:[                                    ] thread:[scheduling-1             ] c.s.testHibernate.logging.LoggingAspect.logExecution@28:
   Entering com.saber.testHibernate.service.PriceSimulatorService.generatePrice with args=[] 
2026-05-13T09:29:52.915 [INFO] requestId:[                                    ] thread:[scheduling-1             ] c.s.t.service.PriceSimulatorService.generatePrice@55:
   Price event sent | symbol=GOOG price=37.5560 topic=prices 
2026-05-13T09:29:52.915 [INFO] requestId:[                                    ] thread:[scheduling-1             ] c.s.testHibernate.logging.LoggingAspect.logExecution@33:
   Exiting com.saber.testHibernate.service.PriceSimulatorService.generatePrice | executionTime=2 ms 
2026-05-13T09:30:52.916 [INFO] requestId:[                                    ] thread:[scheduling-1             ] c.s.testHibernate.logging.LoggingAspect.logExecution@28:
   Entering com.saber.testHibernate.service.PriceSimulatorService.generatePrice with args=[] 
2026-05-13T09:30:52.918 [INFO] requestId:[                                    ] thread:[scheduling-1             ] c.s.t.service.PriceSimulatorService.generatePrice@55:
   Price event sent | symbol=BTC price=14355.6559 topic=prices 
2026-05-13T09:30:52.918 [INFO] requestId:[                                    ] thread:[scheduling-1             ] c.s.testHibernate.logging.LoggingAspect.logExecution@33:
   Exiting com.saber.testHibernate.service.PriceSimulatorService.generatePrice | executionTime=2 ms 
2026-05-13T09:31:52.908 [INFO] requestId:[                                    ] thread:[scheduling-1             ] c.s.testHibernate.logging.LoggingAspect.logExecution@28:
   Entering com.saber.testHibernate.service.PriceSimulatorService.generatePrice with args=[] 
2026-05-13T09:31:52.911 [INFO] requestId:[                                    ] thread:[scheduling-1             ] c.s.t.service.PriceSimulatorService.generatePrice@55:
   Price event sent | symbol=ETH price=4269.7140 topic=prices 
2026-05-13T09:31:52.912 [INFO] requestId:[                                    ] thread:[scheduling-1             ] c.s.testHibernate.logging.LoggingAspect.logExecution@33:
   Exiting com.saber.testHibernate.service.PriceSimulatorService.generatePrice | executionTime=4 ms 
2026-05-13T09:32:52.917 [INFO] requestId:[                                    ] thread:[scheduling-1             ] c.s.testHibernate.logging.LoggingAspect.logExecution@28:
   Entering com.saber.testHibernate.service.PriceSimulatorService.generatePrice with args=[] 
2026-05-13T09:32:52.919 [INFO] requestId:[                                    ] thread:[scheduling-1             ] c.s.t.service.PriceSimulatorService.generatePrice@55:
   Price event sent | symbol=AAPL price=114.7609 topic=prices 
2026-05-13T09:32:52.919 [INFO] requestId:[                                    ] thread:[scheduling-1             ] c.s.testHibernate.logging.LoggingAspect.logExecution@33:
   Exiting com.saber.testHibernate.service.PriceSimulatorService.generatePrice | executionTime=2 ms 
2026-05-13T09:33:52.915 [INFO] requestId:[                                    ] thread:[scheduling-1             ] c.s.testHibernate.logging.LoggingAspect.logExecution@28:
   Entering com.saber.testHibernate.service.PriceSimulatorService.generatePrice with args=[] 
2026-05-13T09:33:52.917 [INFO] requestId:[                                    ] thread:[scheduling-1             ] c.s.t.service.PriceSimulatorService.generatePrice@55:
   Price event sent | symbol=BTC price=13658.2638 topic=prices 
2026-05-13T09:33:52.917 [INFO] requestId:[                                    ] thread:[scheduling-1             ] c.s.testHibernate.logging.LoggingAspect.logExecution@33:
   Exiting com.saber.testHibernate.service.PriceSimulatorService.generatePrice | executionTime=2 ms 
2026-05-13T09:34:52.916 [INFO] requestId:[                                    ] thread:[scheduling-1             ] c.s.testHibernate.logging.LoggingAspect.logExecution@28:
   Entering com.saber.testHibernate.service.PriceSimulatorService.generatePrice with args=[] 
2026-05-13T09:34:52.917 [INFO] requestId:[                                    ] thread:[scheduling-1             ] c.s.t.service.PriceSimulatorService.generatePrice@55:
   Price event sent | symbol=AAPL price=120.2647 topic=prices 
2026-05-13T09:34:52.918 [INFO] requestId:[                                    ] thread:[scheduling-1             ] c.s.testHibernate.logging.LoggingAspect.logExecution@33:
   Exiting com.saber.testHibernate.service.PriceSimulatorService.generatePrice | executionTime=2 ms 
2026-05-13T09:35:52.916 [INFO] requestId:[                                    ] thread:[scheduling-1             ] c.s.testHibernate.logging.LoggingAspect.logExecution@28:
   Entering com.saber.testHibernate.service.PriceSimulatorService.generatePrice with args=[] 
2026-05-13T09:35:52.920 [INFO] requestId:[                                    ] thread:[scheduling-1             ] c.s.t.service.PriceSimulatorService.generatePrice@55:
   Price event sent | symbol=AAPL price=113.5944 topic=prices 
2026-05-13T09:35:52.920 [INFO] requestId:[                                    ] thread:[scheduling-1             ] c.s.testHibernate.logging.LoggingAspect.logExecution@33:
   Exiting com.saber.testHibernate.service.PriceSimulatorService.generatePrice | executionTime=4 ms 
2026-05-13T09:36:52.919 [INFO] requestId:[                                    ] thread:[scheduling-1             ] c.s.testHibernate.logging.LoggingAspect.logExecution@28:
   Entering com.saber.testHibernate.service.PriceSimulatorService.generatePrice with args=[] 
2026-05-13T09:36:52.921 [INFO] requestId:[                                    ] thread:[scheduling-1             ] c.s.t.service.PriceSimulatorService.generatePrice@55:
   Price event sent | symbol=BTC price=13750.9790 topic=prices 
2026-05-13T09:36:52.922 [INFO] requestId:[                                    ] thread:[scheduling-1             ] c.s.testHibernate.logging.LoggingAspect.logExecution@33:
   Exiting com.saber.testHibernate.service.PriceSimulatorService.generatePrice | executionTime=3 ms 
2026-05-13T09:37:52.911 [INFO] requestId:[                                    ] thread:[scheduling-1             ] c.s.testHibernate.logging.LoggingAspect.logExecution@28:
   Entering com.saber.testHibernate.service.PriceSimulatorService.generatePrice with args=[] 
2026-05-13T09:37:52.912 [INFO] requestId:[                                    ] thread:[scheduling-1             ] c.s.t.service.PriceSimulatorService.generatePrice@55:
   Price event sent | symbol=AAPL price=113.8408 topic=prices 
2026-05-13T09:37:52.915 [INFO] requestId:[                                    ] thread:[scheduling-1             ] c.s.testHibernate.logging.LoggingAspect.logExecution@33:
   Exiting com.saber.testHibernate.service.PriceSimulatorService.generatePrice | executionTime=4 ms 
2026-05-13T09:38:52.912 [INFO] requestId:[                                    ] thread:[scheduling-1             ] c.s.testHibernate.logging.LoggingAspect.logExecution@28:
   Entering com.saber.testHibernate.service.PriceSimulatorService.generatePrice with args=[] 
2026-05-13T09:38:52.913 [INFO] requestId:[                                    ] thread:[scheduling-1             ] c.s.t.service.PriceSimulatorService.generatePrice@55:
   Price event sent | symbol=BTC price=13854.3285 topic=prices 
2026-05-13T09:38:52.914 [INFO] requestId:[                                    ] thread:[scheduling-1             ] c.s.testHibernate.logging.LoggingAspect.logExecution@33:
   Exiting com.saber.testHibernate.service.PriceSimulatorService.generatePrice | executionTime=2 ms 
2026-05-13T09:39:52.911 [INFO] requestId:[                                    ] thread:[scheduling-1             ] c.s.testHibernate.logging.LoggingAspect.logExecution@28:
   Entering com.saber.testHibernate.service.PriceSimulatorService.generatePrice with args=[] 
2026-05-13T09:39:52.912 [INFO] requestId:[                                    ] thread:[scheduling-1             ] c.s.t.service.PriceSimulatorService.generatePrice@55:
   Price event sent | symbol=AAPL price=113.0868 topic=prices 
2026-05-13T09:39:52.912 [INFO] requestId:[                                    ] thread:[scheduling-1             ] c.s.testHibernate.logging.LoggingAspect.logExecution@33:
   Exiting com.saber.testHibernate.service.PriceSimulatorService.generatePrice | executionTime=1 ms 
2026-05-13T09:40:52.920 [INFO] requestId:[                                    ] thread:[scheduling-1             ] c.s.testHibernate.logging.LoggingAspect.logExecution@28:
   Entering com.saber.testHibernate.service.PriceSimulatorService.generatePrice with args=[] 
2026-05-13T09:40:52.921 [INFO] requestId:[                                    ] thread:[scheduling-1             ] c.s.t.service.PriceSimulatorService.generatePrice@55:
   Price event sent | symbol=ETH price=4055.0271 topic=prices 
2026-05-13T09:40:52.921 [INFO] requestId:[                                    ] thread:[scheduling-1             ] c.s.testHibernate.logging.LoggingAspect.logExecution@33:
   Exiting com.saber.testHibernate.service.PriceSimulatorService.generatePrice | executionTime=1 ms 
2026-05-13T09:41:52.913 [INFO] requestId:[                                    ] thread:[scheduling-1             ] c.s.testHibernate.logging.LoggingAspect.logExecution@28:
   Entering com.saber.testHibernate.service.PriceSimulatorService.generatePrice with args=[] 
2026-05-13T09:41:52.915 [INFO] requestId:[                                    ] thread:[scheduling-1             ] c.s.t.service.PriceSimulatorService.generatePrice@55:
   Price event sent | symbol=GOOG price=39.2780 topic=prices 
2026-05-13T09:41:52.915 [INFO] requestId:[                                    ] thread:[scheduling-1             ] c.s.testHibernate.logging.LoggingAspect.logExecution@33:
   Exiting com.saber.testHibernate.service.PriceSimulatorService.generatePrice | executionTime=2 ms 
2026-05-13T09:42:52.914 [INFO] requestId:[                                    ] thread:[scheduling-1             ] c.s.testHibernate.logging.LoggingAspect.logExecution@28:
   Entering com.saber.testHibernate.service.PriceSimulatorService.generatePrice with args=[] 
2026-05-13T09:42:52.916 [INFO] requestId:[                                    ] thread:[scheduling-1             ] c.s.t.service.PriceSimulatorService.generatePrice@55:
   Price event sent | symbol=AAPL price=102.9191 topic=prices 
2026-05-13T09:42:52.917 [INFO] requestId:[                                    ] thread:[scheduling-1             ] c.s.testHibernate.logging.LoggingAspect.logExecution@33:
   Exiting com.saber.testHibernate.service.PriceSimulatorService.generatePrice | executionTime=3 ms 
2026-05-13T09:43:52.926 [INFO] requestId:[                                    ] thread:[scheduling-1             ] c.s.testHibernate.logging.LoggingAspect.logExecution@28:
   Entering com.saber.testHibernate.service.PriceSimulatorService.generatePrice with args=[] 
2026-05-13T09:43:52.928 [INFO] requestId:[                                    ] thread:[scheduling-1             ] c.s.t.service.PriceSimulatorService.generatePrice@55:
   Price event sent | symbol=GOOG price=42.9039 topic=prices 
2026-05-13T09:43:52.929 [INFO] requestId:[                                    ] thread:[scheduling-1             ] c.s.testHibernate.logging.LoggingAspect.logExecution@33:
   Exiting com.saber.testHibernate.service.PriceSimulatorService.generatePrice | executionTime=3 ms 
2026-05-13T09:44:52.920 [INFO] requestId:[                                    ] thread:[scheduling-1             ] c.s.testHibernate.logging.LoggingAspect.logExecution@28:
   Entering com.saber.testHibernate.service.PriceSimulatorService.generatePrice with args=[] 
2026-05-13T09:44:52.921 [INFO] requestId:[                                    ] thread:[scheduling-1             ] c.s.t.service.PriceSimulatorService.generatePrice@55:
   Price event sent | symbol=BTC price=14410.3018 topic=prices 
2026-05-13T09:44:52.921 [INFO] requestId:[                                    ] thread:[scheduling-1             ] c.s.testHibernate.logging.LoggingAspect.logExecution@33:
   Exiting com.saber.testHibernate.service.PriceSimulatorService.generatePrice | executionTime=1 ms 
2026-05-13T09:45:52.926 [INFO] requestId:[                                    ] thread:[scheduling-1             ] c.s.testHibernate.logging.LoggingAspect.logExecution@28:
   Entering com.saber.testHibernate.service.PriceSimulatorService.generatePrice with args=[] 
2026-05-13T09:45:52.927 [INFO] requestId:[                                    ] thread:[scheduling-1             ] c.s.t.service.PriceSimulatorService.generatePrice@55:
   Price event sent | symbol=BTC price=13327.3228 topic=prices 
2026-05-13T09:45:52.927 [INFO] requestId:[                                    ] thread:[scheduling-1             ] c.s.testHibernate.logging.LoggingAspect.logExecution@33:
   Exiting com.saber.testHibernate.service.PriceSimulatorService.generatePrice | executionTime=1 ms 
2026-05-13T09:46:52.921 [INFO] requestId:[                                    ] thread:[scheduling-1             ] c.s.testHibernate.logging.LoggingAspect.logExecution@28:
   Entering com.saber.testHibernate.service.PriceSimulatorService.generatePrice with args=[] 
2026-05-13T09:46:52.922 [INFO] requestId:[                                    ] thread:[scheduling-1             ] c.s.t.service.PriceSimulatorService.generatePrice@55:
   Price event sent | symbol=GOOG price=41.8632 topic=prices 
2026-05-13T09:46:52.924 [INFO] requestId:[                                    ] thread:[scheduling-1             ] c.s.testHibernate.logging.LoggingAspect.logExecution@33:
   Exiting com.saber.testHibernate.service.PriceSimulatorService.generatePrice | executionTime=3 ms 
2026-05-13T09:47:52.922 [INFO] requestId:[                                    ] thread:[scheduling-1             ] c.s.testHibernate.logging.LoggingAspect.logExecution@28:
   Entering com.saber.testHibernate.service.PriceSimulatorService.generatePrice with args=[] 
2026-05-13T09:47:52.924 [INFO] requestId:[                                    ] thread:[scheduling-1             ] c.s.t.service.PriceSimulatorService.generatePrice@55:
   Price event sent | symbol=GOOG price=39.5310 topic=prices 
2026-05-13T09:47:52.924 [INFO] requestId:[                                    ] thread:[scheduling-1             ] c.s.testHibernate.logging.LoggingAspect.logExecution@33:
   Exiting com.saber.testHibernate.service.PriceSimulatorService.generatePrice | executionTime=2 ms 
2026-05-13T09:48:52.918 [INFO] requestId:[                                    ] thread:[scheduling-1             ] c.s.testHibernate.logging.LoggingAspect.logExecution@28:
   Entering com.saber.testHibernate.service.PriceSimulatorService.generatePrice with args=[] 
2026-05-13T09:48:52.920 [INFO] requestId:[                                    ] thread:[scheduling-1             ] c.s.t.service.PriceSimulatorService.generatePrice@55:
   Price event sent | symbol=GOOG price=42.0596 topic=prices 
2026-05-13T09:48:52.920 [INFO] requestId:[                                    ] thread:[scheduling-1             ] c.s.testHibernate.logging.LoggingAspect.logExecution@33:
   Exiting com.saber.testHibernate.service.PriceSimulatorService.generatePrice | executionTime=2 ms 
2026-05-13T09:49:52.927 [INFO] requestId:[                                    ] thread:[scheduling-1             ] c.s.testHibernate.logging.LoggingAspect.logExecution@28:
   Entering com.saber.testHibernate.service.PriceSimulatorService.generatePrice with args=[] 
2026-05-13T09:49:52.928 [INFO] requestId:[                                    ] thread:[scheduling-1             ] c.s.t.service.PriceSimulatorService.generatePrice@55:
   Price event sent | symbol=ETH price=3945.9370 topic=prices 
2026-05-13T09:49:52.929 [INFO] requestId:[                                    ] thread:[scheduling-1             ] c.s.testHibernate.logging.LoggingAspect.logExecution@33:
   Exiting com.saber.testHibernate.service.PriceSimulatorService.generatePrice | executionTime=2 ms 
2026-05-13T09:50:52.925 [INFO] requestId:[                                    ] thread:[scheduling-1             ] c.s.testHibernate.logging.LoggingAspect.logExecution@28:
   Entering com.saber.testHibernate.service.PriceSimulatorService.generatePrice with args=[] 
2026-05-13T09:50:52.928 [INFO] requestId:[                                    ] thread:[scheduling-1             ] c.s.t.service.PriceSimulatorService.generatePrice@55:
   Price event sent | symbol=BTC price=13761.8788 topic=prices 
2026-05-13T09:50:52.929 [INFO] requestId:[                                    ] thread:[scheduling-1             ] c.s.testHibernate.logging.LoggingAspect.logExecution@33:
   Exiting com.saber.testHibernate.service.PriceSimulatorService.generatePrice | executionTime=4 ms 
2026-05-13T09:51:52.917 [INFO] requestId:[                                    ] thread:[scheduling-1             ] c.s.testHibernate.logging.LoggingAspect.logExecution@28:
   Entering com.saber.testHibernate.service.PriceSimulatorService.generatePrice with args=[] 
2026-05-13T09:51:52.919 [INFO] requestId:[                                    ] thread:[scheduling-1             ] c.s.t.service.PriceSimulatorService.generatePrice@55:
   Price event sent | symbol=AAPL price=96.3478 topic=prices 
2026-05-13T09:51:52.920 [INFO] requestId:[                                    ] thread:[scheduling-1             ] c.s.testHibernate.logging.LoggingAspect.logExecution@33:
   Exiting com.saber.testHibernate.service.PriceSimulatorService.generatePrice | executionTime=3 ms 
2026-05-13T09:52:52.928 [INFO] requestId:[                                    ] thread:[scheduling-1             ] c.s.testHibernate.logging.LoggingAspect.logExecution@28:
   Entering com.saber.testHibernate.service.PriceSimulatorService.generatePrice with args=[] 
2026-05-13T09:52:52.929 [INFO] requestId:[                                    ] thread:[scheduling-1             ] c.s.t.service.PriceSimulatorService.generatePrice@55:
   Price event sent | symbol=AAPL price=101.9891 topic=prices 
2026-05-13T09:52:52.929 [INFO] requestId:[                                    ] thread:[scheduling-1             ] c.s.testHibernate.logging.LoggingAspect.logExecution@33:
   Exiting com.saber.testHibernate.service.PriceSimulatorService.generatePrice | executionTime=1 ms 
2026-05-13T09:53:52.929 [INFO] requestId:[                                    ] thread:[scheduling-1             ] c.s.testHibernate.logging.LoggingAspect.logExecution@28:
   Entering com.saber.testHibernate.service.PriceSimulatorService.generatePrice with args=[] 
2026-05-13T09:53:52.930 [INFO] requestId:[                                    ] thread:[scheduling-1             ] c.s.t.service.PriceSimulatorService.generatePrice@55:
   Price event sent | symbol=BTC price=13556.5327 topic=prices 
2026-05-13T09:53:52.930 [INFO] requestId:[                                    ] thread:[scheduling-1             ] c.s.testHibernate.logging.LoggingAspect.logExecution@33:
   Exiting com.saber.testHibernate.service.PriceSimulatorService.generatePrice | executionTime=1 ms 
2026-05-13T09:54:52.922 [INFO] requestId:[                                    ] thread:[scheduling-1             ] c.s.testHibernate.logging.LoggingAspect.logExecution@28:
   Entering com.saber.testHibernate.service.PriceSimulatorService.generatePrice with args=[] 
2026-05-13T09:54:52.925 [INFO] requestId:[                                    ] thread:[scheduling-1             ] c.s.t.service.PriceSimulatorService.generatePrice@55:
   Price event sent | symbol=BTC price=14603.7656 topic=prices 
2026-05-13T09:54:52.925 [INFO] requestId:[                                    ] thread:[scheduling-1             ] c.s.testHibernate.logging.LoggingAspect.logExecution@33:
   Exiting com.saber.testHibernate.service.PriceSimulatorService.generatePrice | executionTime=3 ms 
2026-05-13T09:55:52.922 [INFO] requestId:[                                    ] thread:[scheduling-1             ] c.s.testHibernate.logging.LoggingAspect.logExecution@28:
   Entering com.saber.testHibernate.service.PriceSimulatorService.generatePrice with args=[] 
2026-05-13T09:55:52.923 [INFO] requestId:[                                    ] thread:[scheduling-1             ] c.s.t.service.PriceSimulatorService.generatePrice@55:
   Price event sent | symbol=AAPL price=96.3253 topic=prices 
2026-05-13T09:55:52.923 [INFO] requestId:[                                    ] thread:[scheduling-1             ] c.s.testHibernate.logging.LoggingAspect.logExecution@33:
   Exiting com.saber.testHibernate.service.PriceSimulatorService.generatePrice | executionTime=1 ms 
2026-05-13T09:56:52.928 [INFO] requestId:[                                    ] thread:[scheduling-1             ] c.s.testHibernate.logging.LoggingAspect.logExecution@28:
   Entering com.saber.testHibernate.service.PriceSimulatorService.generatePrice with args=[] 
2026-05-13T09:56:52.929 [INFO] requestId:[                                    ] thread:[scheduling-1             ] c.s.t.service.PriceSimulatorService.generatePrice@55:
   Price event sent | symbol=AAPL price=87.1954 topic=prices 
2026-05-13T09:56:52.930 [INFO] requestId:[                                    ] thread:[scheduling-1             ] c.s.testHibernate.logging.LoggingAspect.logExecution@33:
   Exiting com.saber.testHibernate.service.PriceSimulatorService.generatePrice | executionTime=2 ms 
2026-05-13T09:57:52.933 [INFO] requestId:[                                    ] thread:[scheduling-1             ] c.s.testHibernate.logging.LoggingAspect.logExecution@28:
   Entering com.saber.testHibernate.service.PriceSimulatorService.generatePrice with args=[] 
2026-05-13T09:57:52.935 [INFO] requestId:[                                    ] thread:[scheduling-1             ] c.s.t.service.PriceSimulatorService.generatePrice@55:
   Price event sent | symbol=GOOG price=46.1690 topic=prices 
2026-05-13T09:57:52.936 [INFO] requestId:[                                    ] thread:[scheduling-1             ] c.s.testHibernate.logging.LoggingAspect.logExecution@33:
   Exiting com.saber.testHibernate.service.PriceSimulatorService.generatePrice | executionTime=3 ms 
2026-05-13T09:58:52.924 [INFO] requestId:[                                    ] thread:[scheduling-1             ] c.s.testHibernate.logging.LoggingAspect.logExecution@28:
   Entering com.saber.testHibernate.service.PriceSimulatorService.generatePrice with args=[] 
2026-05-13T09:58:52.928 [INFO] requestId:[                                    ] thread:[scheduling-1             ] c.s.t.service.PriceSimulatorService.generatePrice@55:
   Price event sent | symbol=GOOG price=50.6268 topic=prices 
2026-05-13T09:58:52.928 [INFO] requestId:[                                    ] thread:[scheduling-1             ] c.s.testHibernate.logging.LoggingAspect.logExecution@33:
   Exiting com.saber.testHibernate.service.PriceSimulatorService.generatePrice | executionTime=4 ms 
2026-05-13T09:59:52.932 [INFO] requestId:[                                    ] thread:[scheduling-1             ] c.s.testHibernate.logging.LoggingAspect.logExecution@28:
   Entering com.saber.testHibernate.service.PriceSimulatorService.generatePrice with args=[] 
2026-05-13T09:59:52.934 [INFO] requestId:[                                    ] thread:[scheduling-1             ] c.s.t.service.PriceSimulatorService.generatePrice@55:
   Price event sent | symbol=BTC price=14630.9379 topic=prices 
2026-05-13T09:59:52.934 [INFO] requestId:[                                    ] thread:[scheduling-1             ] c.s.testHibernate.logging.LoggingAspect.logExecution@33:
   Exiting com.saber.testHibernate.service.PriceSimulatorService.generatePrice | executionTime=2 ms 
2026-05-13T10:00:17.285 [INFO] requestId:[                                    ] thread:[ngApplicationShutdownHook] o.a.kafka.clients.producer.KafkaProducer.close@1310:
   [Producer clientId=producer-1] Closing the Kafka producer with timeoutMillis = 30000 ms. 
2026-05-13T10:00:17.310 [INFO] requestId:[                                    ] thread:[ngApplicationShutdownHook] org.apache.kafka.common.metrics.Metrics.close@693:
   Metrics scheduler closed 
2026-05-13T10:00:17.310 [INFO] requestId:[                                    ] thread:[ngApplicationShutdownHook] org.apache.kafka.common.metrics.Metrics.close@697:
   Closing reporter org.apache.kafka.common.metrics.JmxReporter 
2026-05-13T10:00:17.311 [INFO] requestId:[                                    ] thread:[ngApplicationShutdownHook] org.apache.kafka.common.metrics.Metrics.close@703:
   Metrics reporters closed 
2026-05-13T10:00:17.314 [INFO] requestId:[                                    ] thread:[ngApplicationShutdownHook] o.a.kafka.common.utils.AppInfoParser.unregisterAppInfo@83:
   App info kafka.producer for producer-1 unregistered 
2026-05-13T10:00:23.215 [INFO] requestId:[                                    ] thread:[background-preinit       ] o.h.validator.internal.util.Version.<clinit>@21:
   HV000001: Hibernate Validator 8.0.1.Final 
2026-05-13T10:00:23.238 [DEBUG] requestId:[                                    ] thread:[background-preinit       ] o.h.v.i.xml.config.ValidationXmlParser.getValidationXmlInputStream@122:
   Trying to load META-INF/validation.xml for XML based Validator configuration. 
2026-05-13T10:00:23.240 [DEBUG] requestId:[                                    ] thread:[background-preinit       ] o.h.v.i.xml.config.ResourceLoaderHelper.getResettableInputStreamForPath@61:
   Trying to load META-INF/validation.xml via TCCL 
2026-05-13T10:00:23.241 [DEBUG] requestId:[                                    ] thread:[background-preinit       ] o.h.v.i.xml.config.ResourceLoaderHelper.getResettableInputStreamForPath@67:
   Trying to load META-INF/validation.xml via Hibernate Validator's class loader 
2026-05-13T10:00:23.242 [DEBUG] requestId:[                                    ] thread:[background-preinit       ] o.h.v.i.xml.config.ValidationXmlParser.getValidationXmlInputStream@129:
   No META-INF/validation.xml found. Using annotation based configuration only. 
2026-05-13T10:00:23.249 [DEBUG] requestId:[                                    ] thread:[background-preinit       ] o.h.v.i.e.resolver.TraversableResolvers.getDefault@61:
   Cannot find jakarta.persistence.Persistence on classpath. Assuming non JPA 2 environment. All properties will per default be traversable. 
2026-05-13T10:00:23.275 [INFO] requestId:[                                    ] thread:[main                     ] c.s.testHibernate.SimulatorApplication.logStarting@51:
   Starting SimulatorApplication using Java 21.0.3 with PID 8600 (C:\Users\Ezati.Maryam\IdeaProjects\IdeaProjectsReview\simulator\target\classes started by Ezati.Maryam in C:\Users\Ezati.Maryam\IdeaProjects\IdeaProjectsReview\simulator) 
2026-05-13T10:00:23.276 [INFO] requestId:[                                    ] thread:[main                     ] c.s.testHibernate.SimulatorApplication.logStartupProfileInfo@637:
   No active profile set, falling back to 1 default profile: "default" 
2026-05-13T10:00:23.317 [DEBUG] requestId:[                                    ] thread:[background-preinit       ] o.h.v.m.ResourceBundleMessageInterpolator.buildExpressionFactory@175:
   Loaded expression factory via original TCCL 
2026-05-13T10:00:23.532 [DEBUG] requestId:[                                    ] thread:[background-preinit       ] o.h.v.i.e.ValidatorFactoryConfigurationHelper.determinePropertyNodeNameProvider@355:
   HV000252: Using org.hibernate.validator.internal.engine.DefaultPropertyNodeNameProvider as property node name provider. 
2026-05-13T10:00:23.541 [DEBUG] requestId:[                                    ] thread:[background-preinit       ] o.h.v.i.e.ValidatorFactoryConfigurationHelper.logValidatorFactoryScopedConfiguration@447:
   HV000234: Using org.hibernate.validator.messageinterpolation.ResourceBundleMessageInterpolator as ValidatorFactory-scoped message interpolator. 
2026-05-13T10:00:23.542 [DEBUG] requestId:[                                    ] thread:[background-preinit       ] o.h.v.i.e.ValidatorFactoryConfigurationHelper.logValidatorFactoryScopedConfiguration@448:
   HV000234: Using org.hibernate.validator.internal.engine.resolver.TraverseAllTraversableResolver as ValidatorFactory-scoped traversable resolver. 
2026-05-13T10:00:23.543 [DEBUG] requestId:[                                    ] thread:[background-preinit       ] o.h.v.i.e.ValidatorFactoryConfigurationHelper.logValidatorFactoryScopedConfiguration@449:
   HV000234: Using org.hibernate.validator.internal.util.ExecutableParameterNameProvider as ValidatorFactory-scoped parameter name provider. 
2026-05-13T10:00:23.543 [DEBUG] requestId:[                                    ] thread:[background-preinit       ] o.h.v.i.e.ValidatorFactoryConfigurationHelper.logValidatorFactoryScopedConfiguration@450:
   HV000234: Using org.hibernate.validator.internal.engine.DefaultClockProvider as ValidatorFactory-scoped clock provider. 
2026-05-13T10:00:23.544 [DEBUG] requestId:[                                    ] thread:[background-preinit       ] o.h.v.i.e.ValidatorFactoryConfigurationHelper.logValidatorFactoryScopedConfiguration@451:
   HV000234: Using org.hibernate.validator.internal.engine.scripting.DefaultScriptEvaluatorFactory as ValidatorFactory-scoped script evaluator factory. 
2026-05-13T10:00:25.292 [INFO] requestId:[                                    ] thread:[main                     ] o.s.b.w.embedded.tomcat.TomcatWebServer.initialize@108:
   Tomcat initialized with port(s): 8092 (http) 
2026-05-13T10:00:25.310 [INFO] requestId:[                                    ] thread:[main                     ] o.apache.coyote.http11.Http11NioProtocol.log@173:
   Initializing ProtocolHandler ["http-nio-8092"] 
2026-05-13T10:00:25.314 [INFO] requestId:[                                    ] thread:[main                     ] o.apache.catalina.core.StandardService.log@173:
   Starting service [Tomcat] 
2026-05-13T10:00:25.315 [INFO] requestId:[                                    ] thread:[main                     ] org.apache.catalina.core.StandardEngine.log@173:
   Starting Servlet engine: [Apache Tomcat/10.1.13] 
2026-05-13T10:00:25.489 [INFO] requestId:[                                    ] thread:[main                     ] o.a.c.c.C.[Tomcat].[localhost].[/].log@173:
   Initializing Spring embedded WebApplicationContext 
2026-05-13T10:00:25.490 [INFO] requestId:[                                    ] thread:[main                     ] o.s.b.w.s.c.ServletWebServerApplicationContext.prepareWebApplicationContext@291:
   Root WebApplicationContext: initialization completed in 2130 ms 
2026-05-13T10:00:25.634 [DEBUG] requestId:[                                    ] thread:[main                     ] o.h.v.m.ResourceBundleMessageInterpolator.buildExpressionFactory@175:
   Loaded expression factory via original TCCL 
2026-05-13T10:00:25.635 [DEBUG] requestId:[                                    ] thread:[main                     ] o.h.v.i.engine.AbstractConfigurationImpl.messageInterpolator@176:
   Setting custom MessageInterpolator of type org.springframework.validation.beanvalidation.LocaleContextMessageInterpolator 
2026-05-13T10:00:25.636 [DEBUG] requestId:[                                    ] thread:[main                     ] o.h.v.i.engine.AbstractConfigurationImpl.constraintValidatorFactory@208:
   Setting custom ConstraintValidatorFactory of type org.springframework.validation.beanvalidation.SpringConstraintValidatorFactory 
2026-05-13T10:00:25.639 [DEBUG] requestId:[                                    ] thread:[main                     ] o.h.v.i.xml.config.ValidationXmlParser.getValidationXmlInputStream@122:
   Trying to load META-INF/validation.xml for XML based Validator configuration. 
2026-05-13T10:00:25.639 [DEBUG] requestId:[                                    ] thread:[main                     ] o.h.v.i.xml.config.ResourceLoaderHelper.getResettableInputStreamForPath@54:
   Trying to load META-INF/validation.xml via user class loader 
2026-05-13T10:00:25.642 [DEBUG] requestId:[                                    ] thread:[main                     ] o.h.v.i.xml.config.ResourceLoaderHelper.getResettableInputStreamForPath@61:
   Trying to load META-INF/validation.xml via TCCL 
2026-05-13T10:00:25.642 [DEBUG] requestId:[                                    ] thread:[main                     ] o.h.v.i.xml.config.ResourceLoaderHelper.getResettableInputStreamForPath@67:
   Trying to load META-INF/validation.xml via Hibernate Validator's class loader 
2026-05-13T10:00:25.645 [DEBUG] requestId:[                                    ] thread:[main                     ] o.h.v.i.xml.config.ValidationXmlParser.getValidationXmlInputStream@129:
   No META-INF/validation.xml found. Using annotation based configuration only. 
2026-05-13T10:00:25.647 [DEBUG] requestId:[                                    ] thread:[main                     ] o.h.v.i.e.resolver.TraversableResolvers.getDefault@61:
   Cannot find jakarta.persistence.Persistence on classpath. Assuming non JPA 2 environment. All properties will per default be traversable. 
2026-05-13T10:00:25.648 [DEBUG] requestId:[                                    ] thread:[main                     ] o.h.v.i.e.ValidatorFactoryConfigurationHelper.determinePropertyNodeNameProvider@355:
   HV000252: Using org.hibernate.validator.internal.engine.DefaultPropertyNodeNameProvider as property node name provider. 
2026-05-13T10:00:25.649 [DEBUG] requestId:[                                    ] thread:[main                     ] o.h.v.i.e.ValidatorFactoryConfigurationHelper.logValidatorFactoryScopedConfiguration@447:
   HV000234: Using org.springframework.validation.beanvalidation.LocaleContextMessageInterpolator as ValidatorFactory-scoped message interpolator. 
2026-05-13T10:00:25.649 [DEBUG] requestId:[                                    ] thread:[main                     ] o.h.v.i.e.ValidatorFactoryConfigurationHelper.logValidatorFactoryScopedConfiguration@448:
   HV000234: Using org.hibernate.validator.internal.engine.resolver.TraverseAllTraversableResolver as ValidatorFactory-scoped traversable resolver. 
2026-05-13T10:00:25.649 [DEBUG] requestId:[                                    ] thread:[main                     ] o.h.v.i.e.ValidatorFactoryConfigurationHelper.logValidatorFactoryScopedConfiguration@449:
   HV000234: Using org.hibernate.validator.internal.util.ExecutableParameterNameProvider as ValidatorFactory-scoped parameter name provider. 
2026-05-13T10:00:25.650 [DEBUG] requestId:[                                    ] thread:[main                     ] o.h.v.i.e.ValidatorFactoryConfigurationHelper.logValidatorFactoryScopedConfiguration@450:
   HV000234: Using org.hibernate.validator.internal.engine.DefaultClockProvider as ValidatorFactory-scoped clock provider. 
2026-05-13T10:00:25.650 [DEBUG] requestId:[                                    ] thread:[main                     ] o.h.v.i.e.ValidatorFactoryConfigurationHelper.logValidatorFactoryScopedConfiguration@451:
   HV000234: Using org.hibernate.validator.internal.engine.scripting.DefaultScriptEvaluatorFactory as ValidatorFactory-scoped script evaluator factory. 
2026-05-13T10:00:26.062 [DEBUG] requestId:[                                    ] thread:[main                     ] o.h.v.m.ResourceBundleMessageInterpolator.buildExpressionFactory@175:
   Loaded expression factory via original TCCL 
2026-05-13T10:00:26.068 [DEBUG] requestId:[                                    ] thread:[main                     ] o.h.v.i.engine.AbstractConfigurationImpl.messageInterpolator@176:
   Setting custom MessageInterpolator of type org.springframework.validation.beanvalidation.LocaleContextMessageInterpolator 
2026-05-13T10:00:26.068 [DEBUG] requestId:[                                    ] thread:[main                     ] o.h.v.i.engine.AbstractConfigurationImpl.constraintValidatorFactory@208:
   Setting custom ConstraintValidatorFactory of type org.springframework.validation.beanvalidation.SpringConstraintValidatorFactory 
2026-05-13T10:00:26.070 [DEBUG] requestId:[                                    ] thread:[main                     ] o.h.v.i.xml.config.ValidationXmlParser.getValidationXmlInputStream@122:
   Trying to load META-INF/validation.xml for XML based Validator configuration. 
2026-05-13T10:00:26.070 [DEBUG] requestId:[                                    ] thread:[main                     ] o.h.v.i.xml.config.ResourceLoaderHelper.getResettableInputStreamForPath@54:
   Trying to load META-INF/validation.xml via user class loader 
2026-05-13T10:00:26.071 [DEBUG] requestId:[                                    ] thread:[main                     ] o.h.v.i.xml.config.ResourceLoaderHelper.getResettableInputStreamForPath@61:
   Trying to load META-INF/validation.xml via TCCL 
2026-05-13T10:00:26.071 [DEBUG] requestId:[                                    ] thread:[main                     ] o.h.v.i.xml.config.ResourceLoaderHelper.getResettableInputStreamForPath@67:
   Trying to load META-INF/validation.xml via Hibernate Validator's class loader 
2026-05-13T10:00:26.071 [DEBUG] requestId:[                                    ] thread:[main                     ] o.h.v.i.xml.config.ValidationXmlParser.getValidationXmlInputStream@129:
   No META-INF/validation.xml found. Using annotation based configuration only. 
2026-05-13T10:00:26.072 [DEBUG] requestId:[                                    ] thread:[main                     ] o.h.v.i.e.resolver.TraversableResolvers.getDefault@61:
   Cannot find jakarta.persistence.Persistence on classpath. Assuming non JPA 2 environment. All properties will per default be traversable. 
2026-05-13T10:00:26.074 [DEBUG] requestId:[                                    ] thread:[main                     ] o.h.v.i.e.ValidatorFactoryConfigurationHelper.determinePropertyNodeNameProvider@355:
   HV000252: Using org.hibernate.validator.internal.engine.DefaultPropertyNodeNameProvider as property node name provider. 
2026-05-13T10:00:26.074 [DEBUG] requestId:[                                    ] thread:[main                     ] o.h.v.i.e.ValidatorFactoryConfigurationHelper.logValidatorFactoryScopedConfiguration@447:
   HV000234: Using org.springframework.validation.beanvalidation.LocaleContextMessageInterpolator as ValidatorFactory-scoped message interpolator. 
2026-05-13T10:00:26.075 [DEBUG] requestId:[                                    ] thread:[main                     ] o.h.v.i.e.ValidatorFactoryConfigurationHelper.logValidatorFactoryScopedConfiguration@448:
   HV000234: Using org.hibernate.validator.internal.engine.resolver.TraverseAllTraversableResolver as ValidatorFactory-scoped traversable resolver. 
2026-05-13T10:00:26.075 [DEBUG] requestId:[                                    ] thread:[main                     ] o.h.v.i.e.ValidatorFactoryConfigurationHelper.logValidatorFactoryScopedConfiguration@449:
   HV000234: Using org.hibernate.validator.internal.util.ExecutableParameterNameProvider as ValidatorFactory-scoped parameter name provider. 
2026-05-13T10:00:26.075 [DEBUG] requestId:[                                    ] thread:[main                     ] o.h.v.i.e.ValidatorFactoryConfigurationHelper.logValidatorFactoryScopedConfiguration@450:
   HV000234: Using org.hibernate.validator.internal.engine.DefaultClockProvider as ValidatorFactory-scoped clock provider. 
2026-05-13T10:00:26.075 [DEBUG] requestId:[                                    ] thread:[main                     ] o.h.v.i.e.ValidatorFactoryConfigurationHelper.logValidatorFactoryScopedConfiguration@451:
   HV000234: Using org.hibernate.validator.internal.engine.scripting.DefaultScriptEvaluatorFactory as ValidatorFactory-scoped script evaluator factory. 
2026-05-13T10:00:26.792 [INFO] requestId:[                                    ] thread:[main                     ] o.apache.coyote.http11.Http11NioProtocol.log@173:
   Starting ProtocolHandler ["http-nio-8092"] 
2026-05-13T10:00:26.833 [INFO] requestId:[                                    ] thread:[main                     ] o.s.b.w.embedded.tomcat.TomcatWebServer.start@220:
   Tomcat started on port(s): 8092 (http) with context path '' 
2026-05-13T10:00:26.854 [INFO] requestId:[                                    ] thread:[main                     ] c.s.testHibernate.SimulatorApplication.logStarted@57:
   Started SimulatorApplication in 4.508 seconds (process running for 6.236) 
2026-05-13T10:00:26.870 [INFO] requestId:[                                    ] thread:[scheduling-1             ] c.s.testHibernate.logging.LoggingAspect.logExecution@28:
   Entering com.saber.testHibernate.service.PriceSimulatorService.generatePrice with args=[] 
2026-05-13T10:00:27.038 [INFO] requestId:[                                    ] thread:[scheduling-1             ] o.a.k.clients.producer.ProducerConfig.logAll@376:
   ProducerConfig values: 
	acks = -1
	auto.include.jmx.reporter = true
	batch.size = 16384
	bootstrap.servers = [localhost:9092]
	buffer.memory = 33554432
	client.dns.lookup = use_all_dns_ips
	client.id = producer-1
	compression.type = none
	connections.max.idle.ms = 540000
	delivery.timeout.ms = 120000
	enable.idempotence = true
	interceptor.classes = []
	key.serializer = class org.apache.kafka.common.serialization.StringSerializer
	linger.ms = 0
	max.block.ms = 60000
	max.in.flight.requests.per.connection = 5
	max.request.size = 1048576
	metadata.max.age.ms = 300000
	metadata.max.idle.ms = 300000
	metric.reporters = []
	metrics.num.samples = 2
	metrics.recording.level = INFO
	metrics.sample.window.ms = 30000
	partitioner.adaptive.partitioning.enable = true
	partitioner.availability.timeout.ms = 0
	partitioner.class = null
	partitioner.ignore.keys = false
	receive.buffer.bytes = 32768
	reconnect.backoff.max.ms = 1000
	reconnect.backoff.ms = 50
	request.timeout.ms = 30000
	retries = 2147483647
	retry.backoff.ms = 100
	sasl.client.callback.handler.class = null
	sasl.jaas.config = null
	sasl.kerberos.kinit.cmd = /usr/bin/kinit
	sasl.kerberos.min.time.before.relogin = 60000
	sasl.kerberos.service.name = null
	sasl.kerberos.ticket.renew.jitter = 0.05
	sasl.kerberos.ticket.renew.window.factor = 0.8
	sasl.login.callback.handler.class = null
	sasl.login.class = null
	sasl.login.connect.timeout.ms = null
	sasl.login.read.timeout.ms = null
	sasl.login.refresh.buffer.seconds = 300
	sasl.login.refresh.min.period.seconds = 60
	sasl.login.refresh.window.factor = 0.8
	sasl.login.refresh.window.jitter = 0.05
	sasl.login.retry.backoff.max.ms = 10000
	sasl.login.retry.backoff.ms = 100
	sasl.mechanism = GSSAPI
	sasl.oauthbearer.clock.skew.seconds = 30
	sasl.oauthbearer.expected.audience = null
	sasl.oauthbearer.expected.issuer = null
	sasl.oauthbearer.jwks.endpoint.refresh.ms = 3600000
	sasl.oauthbearer.jwks.endpoint.retry.backoff.max.ms = 10000
	sasl.oauthbearer.jwks.endpoint.retry.backoff.ms = 100
	sasl.oauthbearer.jwks.endpoint.url = null
	sasl.oauthbearer.scope.claim.name = scope
	sasl.oauthbearer.sub.claim.name = sub
	sasl.oauthbearer.token.endpoint.url = null
	security.protocol = PLAINTEXT
	security.providers = null
	send.buffer.bytes = 131072
	socket.connection.setup.timeout.max.ms = 30000
	socket.connection.setup.timeout.ms = 10000
	ssl.cipher.suites = null
	ssl.enabled.protocols = [TLSv1.2, TLSv1.3]
	ssl.endpoint.identification.algorithm = https
	ssl.engine.factory.class = null
	ssl.key.password = null
	ssl.keymanager.algorithm = SunX509
	ssl.keystore.certificate.chain = null
	ssl.keystore.key = null
	ssl.keystore.location = null
	ssl.keystore.password = null
	ssl.keystore.type = JKS
	ssl.protocol = TLSv1.3
	ssl.provider = null
	ssl.secure.random.implementation = null
	ssl.trustmanager.algorithm = PKIX
	ssl.truststore.certificates = null
	ssl.truststore.location = null
	ssl.truststore.password = null
	ssl.truststore.type = JKS
	transaction.timeout.ms = 60000
	transactional.id = null
	value.serializer = class org.springframework.kafka.support.serializer.JsonSerializer
 
2026-05-13T10:00:27.115 [INFO] requestId:[                                    ] thread:[scheduling-1             ] o.a.kafka.clients.producer.KafkaProducer.configureTransactionState@596:
   [Producer clientId=producer-1] Instantiated an idempotent producer. 
2026-05-13T10:00:27.220 [INFO] requestId:[                                    ] thread:[scheduling-1             ] o.a.kafka.common.utils.AppInfoParser.<init>@119:
   Kafka version: 3.4.1 
2026-05-13T10:00:27.221 [INFO] requestId:[                                    ] thread:[scheduling-1             ] o.a.kafka.common.utils.AppInfoParser.<init>@120:
   Kafka commitId: 8a516edc2755df89 
2026-05-13T10:00:27.221 [INFO] requestId:[                                    ] thread:[scheduling-1             ] o.a.kafka.common.utils.AppInfoParser.<init>@121:
   Kafka startTimeMs: 1778653827215 
2026-05-13T10:00:28.028 [INFO] requestId:[                                    ] thread:[twork-thread | producer-1] org.apache.kafka.clients.Metadata.updateLatestMetadata@402:
   [Producer clientId=producer-1] Resetting the last seen epoch of partition prices-0 to 0 since the associated topicId changed from null to pGDjKoEaSTu1MdcJnAP-8A 
2026-05-13T10:00:28.031 [INFO] requestId:[                                    ] thread:[twork-thread | producer-1] org.apache.kafka.clients.Metadata.update@287:
   [Producer clientId=producer-1] Cluster ID: ukg2Ud2sQJ2jcnZaJ4E0RQ 
2026-05-13T10:00:28.054 [INFO] requestId:[                                    ] thread:[twork-thread | producer-1] o.a.k.c.p.internals.TransactionManager.setProducerIdAndEpoch@440:
   [Producer clientId=producer-1] ProducerId set to 95 with epoch 0 
2026-05-13T10:00:28.058 [INFO] requestId:[                                    ] thread:[scheduling-1             ] c.s.t.service.PriceSimulatorService.generatePrice@55:
   Price event sent | symbol=AAPL price=165.6953 topic=prices 
2026-05-13T10:00:28.059 [INFO] requestId:[                                    ] thread:[scheduling-1             ] c.s.testHibernate.logging.LoggingAspect.logExecution@33:
   Exiting com.saber.testHibernate.service.PriceSimulatorService.generatePrice | executionTime=1189 ms 
2026-05-13T10:01:26.851 [INFO] requestId:[                                    ] thread:[scheduling-1             ] c.s.testHibernate.logging.LoggingAspect.logExecution@28:
   Entering com.saber.testHibernate.service.PriceSimulatorService.generatePrice with args=[] 
2026-05-13T10:01:26.854 [INFO] requestId:[                                    ] thread:[scheduling-1             ] c.s.t.service.PriceSimulatorService.generatePrice@55:
   Price event sent | symbol=ETH price=3271.1890 topic=prices 
2026-05-13T10:01:26.854 [INFO] requestId:[                                    ] thread:[scheduling-1             ] c.s.testHibernate.logging.LoggingAspect.logExecution@33:
   Exiting com.saber.testHibernate.service.PriceSimulatorService.generatePrice | executionTime=3 ms 
2026-05-13T10:02:26.851 [INFO] requestId:[                                    ] thread:[scheduling-1             ] c.s.testHibernate.logging.LoggingAspect.logExecution@28:
   Entering com.saber.testHibernate.service.PriceSimulatorService.generatePrice with args=[] 
2026-05-13T10:02:26.853 [INFO] requestId:[                                    ] thread:[scheduling-1             ] c.s.t.service.PriceSimulatorService.generatePrice@55:
   Price event sent | symbol=AAPL price=165.2183 topic=prices 
2026-05-13T10:02:26.853 [INFO] requestId:[                                    ] thread:[scheduling-1             ] c.s.testHibernate.logging.LoggingAspect.logExecution@33:
   Exiting com.saber.testHibernate.service.PriceSimulatorService.generatePrice | executionTime=2 ms 
2026-05-13T10:03:26.857 [INFO] requestId:[                                    ] thread:[scheduling-1             ] c.s.testHibernate.logging.LoggingAspect.logExecution@28:
   Entering com.saber.testHibernate.service.PriceSimulatorService.generatePrice with args=[] 
2026-05-13T10:03:26.860 [INFO] requestId:[                                    ] thread:[scheduling-1             ] c.s.t.service.PriceSimulatorService.generatePrice@55:
   Price event sent | symbol=GOOG price=140.0216 topic=prices 
2026-05-13T10:03:26.861 [INFO] requestId:[                                    ] thread:[scheduling-1             ] c.s.testHibernate.logging.LoggingAspect.logExecution@33:
   Exiting com.saber.testHibernate.service.PriceSimulatorService.generatePrice | executionTime=4 ms 
2026-05-13T10:04:26.856 [INFO] requestId:[                                    ] thread:[scheduling-1             ] c.s.testHibernate.logging.LoggingAspect.logExecution@28:
   Entering com.saber.testHibernate.service.PriceSimulatorService.generatePrice with args=[] 
2026-05-13T10:04:26.859 [INFO] requestId:[                                    ] thread:[scheduling-1             ] c.s.t.service.PriceSimulatorService.generatePrice@55:
   Price event sent | symbol=GOOG price=138.8900 topic=prices 
2026-05-13T10:04:26.859 [INFO] requestId:[                                    ] thread:[scheduling-1             ] c.s.testHibernate.logging.LoggingAspect.logExecution@33:
   Exiting com.saber.testHibernate.service.PriceSimulatorService.generatePrice | executionTime=3 ms 
2026-05-13T10:05:26.857 [INFO] requestId:[                                    ] thread:[scheduling-1             ] c.s.testHibernate.logging.LoggingAspect.logExecution@28:
   Entering com.saber.testHibernate.service.PriceSimulatorService.generatePrice with args=[] 
2026-05-13T10:05:26.859 [INFO] requestId:[                                    ] thread:[scheduling-1             ] c.s.t.service.PriceSimulatorService.generatePrice@55:
   Price event sent | symbol=AAPL price=148.6988 topic=prices 
2026-05-13T10:05:26.859 [INFO] requestId:[                                    ] thread:[scheduling-1             ] c.s.testHibernate.logging.LoggingAspect.logExecution@33:
   Exiting com.saber.testHibernate.service.PriceSimulatorService.generatePrice | executionTime=2 ms 
2026-05-13T10:06:26.862 [INFO] requestId:[                                    ] thread:[scheduling-1             ] c.s.testHibernate.logging.LoggingAspect.logExecution@28:
   Entering com.saber.testHibernate.service.PriceSimulatorService.generatePrice with args=[] 
2026-05-13T10:06:26.864 [INFO] requestId:[                                    ] thread:[scheduling-1             ] c.s.t.service.PriceSimulatorService.generatePrice@55:
   Price event sent | symbol=ETH price=3207.0927 topic=prices 
2026-05-13T10:06:26.864 [INFO] requestId:[                                    ] thread:[scheduling-1             ] c.s.testHibernate.logging.LoggingAspect.logExecution@33:
   Exiting com.saber.testHibernate.service.PriceSimulatorService.generatePrice | executionTime=2 ms 
2026-05-13T10:07:26.862 [INFO] requestId:[                                    ] thread:[scheduling-1             ] c.s.testHibernate.logging.LoggingAspect.logExecution@28:
   Entering com.saber.testHibernate.service.PriceSimulatorService.generatePrice with args=[] 
2026-05-13T10:07:26.865 [INFO] requestId:[                                    ] thread:[scheduling-1             ] c.s.t.service.PriceSimulatorService.generatePrice@55:
   Price event sent | symbol=GOOG price=152.2096 topic=prices 
2026-05-13T10:07:26.866 [INFO] requestId:[                                    ] thread:[scheduling-1             ] c.s.testHibernate.logging.LoggingAspect.logExecution@33:
   Exiting com.saber.testHibernate.service.PriceSimulatorService.generatePrice | executionTime=4 ms 
2026-05-13T10:08:26.861 [INFO] requestId:[                                    ] thread:[scheduling-1             ] c.s.testHibernate.logging.LoggingAspect.logExecution@28:
   Entering com.saber.testHibernate.service.PriceSimulatorService.generatePrice with args=[] 
2026-05-13T10:08:26.863 [INFO] requestId:[                                    ] thread:[scheduling-1             ] c.s.t.service.PriceSimulatorService.generatePrice@55:
   Price event sent | symbol=GOOG price=162.9698 topic=prices 
2026-05-13T10:08:26.863 [INFO] requestId:[                                    ] thread:[scheduling-1             ] c.s.testHibernate.logging.LoggingAspect.logExecution@33:
   Exiting com.saber.testHibernate.service.PriceSimulatorService.generatePrice | executionTime=2 ms 
2026-05-13T10:09:10.907 [INFO] requestId:[                                    ] thread:[http-nio-8092-exec-2     ] o.a.c.c.C.[Tomcat].[localhost].[/].log@173:
   Initializing Spring DispatcherServlet 'dispatcherServlet' 
2026-05-13T10:09:10.907 [INFO] requestId:[                                    ] thread:[http-nio-8092-exec-2     ] o.s.web.servlet.DispatcherServlet.initServletBean@532:
   Initializing Servlet 'dispatcherServlet' 
2026-05-13T10:09:10.909 [INFO] requestId:[                                    ] thread:[http-nio-8092-exec-2     ] o.s.web.servlet.DispatcherServlet.initServletBean@554:
   Completed initialization in 1 ms 
2026-05-13T10:09:26.859 [INFO] requestId:[                                    ] thread:[scheduling-1             ] c.s.testHibernate.logging.LoggingAspect.logExecution@28:
   Entering com.saber.testHibernate.service.PriceSimulatorService.generatePrice with args=[] 
2026-05-13T10:09:26.862 [INFO] requestId:[                                    ] thread:[scheduling-1             ] c.s.t.service.PriceSimulatorService.generatePrice@55:
   Price event sent | symbol=GOOG price=156.0066 topic=prices 
2026-05-13T10:09:26.863 [INFO] requestId:[                                    ] thread:[scheduling-1             ] c.s.testHibernate.logging.LoggingAspect.logExecution@33:
   Exiting com.saber.testHibernate.service.PriceSimulatorService.generatePrice | executionTime=4 ms 
2026-05-13T10:09:56.871 [INFO] requestId:[                                    ] thread:[twork-thread | producer-1] org.apache.kafka.clients.NetworkClient.handleDisconnections@937:
   [Producer clientId=producer-1] Node -1 disconnected. 
2026-05-13T10:10:26.868 [INFO] requestId:[                                    ] thread:[scheduling-1             ] c.s.testHibernate.logging.LoggingAspect.logExecution@28:
   Entering com.saber.testHibernate.service.PriceSimulatorService.generatePrice with args=[] 
2026-05-13T10:10:26.870 [INFO] requestId:[                                    ] thread:[scheduling-1             ] c.s.t.service.PriceSimulatorService.generatePrice@55:
   Price event sent | symbol=GOOG price=162.7432 topic=prices 
2026-05-13T10:10:26.871 [INFO] requestId:[                                    ] thread:[scheduling-1             ] c.s.testHibernate.logging.LoggingAspect.logExecution@33:
   Exiting com.saber.testHibernate.service.PriceSimulatorService.generatePrice | executionTime=3 ms 
2026-05-13T10:11:26.945 [INFO] requestId:[                                    ] thread:[scheduling-1             ] c.s.testHibernate.logging.LoggingAspect.logExecution@28:
   Entering com.saber.testHibernate.service.PriceSimulatorService.generatePrice with args=[] 
2026-05-13T10:11:26.947 [INFO] requestId:[                                    ] thread:[scheduling-1             ] c.s.t.service.PriceSimulatorService.generatePrice@55:
   Price event sent | symbol=BTC price=65185.4176 topic=prices 
2026-05-13T10:11:26.947 [INFO] requestId:[                                    ] thread:[scheduling-1             ] c.s.testHibernate.logging.LoggingAspect.logExecution@33:
   Exiting com.saber.testHibernate.service.PriceSimulatorService.generatePrice | executionTime=2 ms 
2026-05-13T10:12:26.867 [INFO] requestId:[                                    ] thread:[scheduling-1             ] c.s.testHibernate.logging.LoggingAspect.logExecution@28:
   Entering com.saber.testHibernate.service.PriceSimulatorService.generatePrice with args=[] 
2026-05-13T10:12:26.870 [INFO] requestId:[                                    ] thread:[scheduling-1             ] c.s.t.service.PriceSimulatorService.generatePrice@55:
   Price event sent | symbol=GOOG price=167.8537 topic=prices 
2026-05-13T10:12:26.870 [INFO] requestId:[                                    ] thread:[scheduling-1             ] c.s.testHibernate.logging.LoggingAspect.logExecution@33:
   Exiting com.saber.testHibernate.service.PriceSimulatorService.generatePrice | executionTime=3 ms 
2026-05-13T10:13:26.866 [INFO] requestId:[                                    ] thread:[scheduling-1             ] c.s.testHibernate.logging.LoggingAspect.logExecution@28:
   Entering com.saber.testHibernate.service.PriceSimulatorService.generatePrice with args=[] 
2026-05-13T10:13:26.868 [INFO] requestId:[                                    ] thread:[scheduling-1             ] c.s.t.service.PriceSimulatorService.generatePrice@55:
   Price event sent | symbol=BTC price=70548.5523 topic=prices 
2026-05-13T10:13:26.869 [INFO] requestId:[                                    ] thread:[scheduling-1             ] c.s.testHibernate.logging.LoggingAspect.logExecution@33:
   Exiting com.saber.testHibernate.service.PriceSimulatorService.generatePrice | executionTime=3 ms 
2026-05-13T10:14:26.865 [INFO] requestId:[                                    ] thread:[scheduling-1             ] c.s.testHibernate.logging.LoggingAspect.logExecution@28:
   Entering com.saber.testHibernate.service.PriceSimulatorService.generatePrice with args=[] 
2026-05-13T10:14:26.867 [INFO] requestId:[                                    ] thread:[scheduling-1             ] c.s.t.service.PriceSimulatorService.generatePrice@55:
   Price event sent | symbol=ETH price=3502.9736 topic=prices 
2026-05-13T10:14:26.868 [INFO] requestId:[                                    ] thread:[scheduling-1             ] c.s.testHibernate.logging.LoggingAspect.logExecution@33:
   Exiting com.saber.testHibernate.service.PriceSimulatorService.generatePrice | executionTime=3 ms 
2026-05-13T10:15:26.863 [INFO] requestId:[                                    ] thread:[scheduling-1             ] c.s.testHibernate.logging.LoggingAspect.logExecution@28:
   Entering com.saber.testHibernate.service.PriceSimulatorService.generatePrice with args=[] 
2026-05-13T10:15:26.866 [INFO] requestId:[                                    ] thread:[scheduling-1             ] c.s.t.service.PriceSimulatorService.generatePrice@55:
   Price event sent | symbol=BTC price=75972.7622 topic=prices 
2026-05-13T10:15:26.866 [INFO] requestId:[                                    ] thread:[scheduling-1             ] c.s.testHibernate.logging.LoggingAspect.logExecution@33:
   Exiting com.saber.testHibernate.service.PriceSimulatorService.generatePrice | executionTime=3 ms 
2026-05-13T10:16:26.862 [INFO] requestId:[                                    ] thread:[scheduling-1             ] c.s.testHibernate.logging.LoggingAspect.logExecution@28:
   Entering com.saber.testHibernate.service.PriceSimulatorService.generatePrice with args=[] 
2026-05-13T10:16:26.864 [INFO] requestId:[                                    ] thread:[scheduling-1             ] c.s.t.service.PriceSimulatorService.generatePrice@55:
   Price event sent | symbol=GOOG price=183.3490 topic=prices 
2026-05-13T10:16:26.865 [INFO] requestId:[                                    ] thread:[scheduling-1             ] c.s.testHibernate.logging.LoggingAspect.logExecution@33:
   Exiting com.saber.testHibernate.service.PriceSimulatorService.generatePrice | executionTime=3 ms 
2026-05-13T10:17:26.865 [INFO] requestId:[                                    ] thread:[scheduling-1             ] c.s.testHibernate.logging.LoggingAspect.logExecution@28:
   Entering com.saber.testHibernate.service.PriceSimulatorService.generatePrice with args=[] 
2026-05-13T10:17:26.868 [INFO] requestId:[                                    ] thread:[scheduling-1             ] c.s.t.service.PriceSimulatorService.generatePrice@55:
   Price event sent | symbol=GOOG price=196.5297 topic=prices 
2026-05-13T10:17:26.868 [INFO] requestId:[                                    ] thread:[scheduling-1             ] c.s.testHibernate.logging.LoggingAspect.logExecution@33:
   Exiting com.saber.testHibernate.service.PriceSimulatorService.generatePrice | executionTime=3 ms 
2026-05-13T10:18:26.862 [INFO] requestId:[                                    ] thread:[scheduling-1             ] c.s.testHibernate.logging.LoggingAspect.logExecution@28:
   Entering com.saber.testHibernate.service.PriceSimulatorService.generatePrice with args=[] 
2026-05-13T10:18:26.865 [INFO] requestId:[                                    ] thread:[scheduling-1             ] c.s.t.service.PriceSimulatorService.generatePrice@55:
   Price event sent | symbol=ETH price=3823.7583 topic=prices 
2026-05-13T10:18:26.866 [INFO] requestId:[                                    ] thread:[scheduling-1             ] c.s.testHibernate.logging.LoggingAspect.logExecution@33:
   Exiting com.saber.testHibernate.service.PriceSimulatorService.generatePrice | executionTime=4 ms 
2026-05-13T10:19:26.860 [INFO] requestId:[                                    ] thread:[scheduling-1             ] c.s.testHibernate.logging.LoggingAspect.logExecution@28:
   Entering com.saber.testHibernate.service.PriceSimulatorService.generatePrice with args=[] 
2026-05-13T10:19:26.863 [INFO] requestId:[                                    ] thread:[scheduling-1             ] c.s.t.service.PriceSimulatorService.generatePrice@55:
   Price event sent | symbol=AAPL price=144.7062 topic=prices 
2026-05-13T10:19:26.864 [INFO] requestId:[                                    ] thread:[scheduling-1             ] c.s.testHibernate.logging.LoggingAspect.logExecution@33:
   Exiting com.saber.testHibernate.service.PriceSimulatorService.generatePrice | executionTime=4 ms 
2026-05-13T10:20:26.863 [INFO] requestId:[                                    ] thread:[scheduling-1             ] c.s.testHibernate.logging.LoggingAspect.logExecution@28:
   Entering com.saber.testHibernate.service.PriceSimulatorService.generatePrice with args=[] 
2026-05-13T10:20:26.865 [INFO] requestId:[                                    ] thread:[scheduling-1             ] c.s.t.service.PriceSimulatorService.generatePrice@55:
   Price event sent | symbol=GOOG price=188.2632 topic=prices 
2026-05-13T10:20:26.866 [INFO] requestId:[                                    ] thread:[scheduling-1             ] c.s.testHibernate.logging.LoggingAspect.logExecution@33:
   Exiting com.saber.testHibernate.service.PriceSimulatorService.generatePrice | executionTime=3 ms 
2026-05-13T10:21:26.861 [INFO] requestId:[                                    ] thread:[scheduling-1             ] c.s.testHibernate.logging.LoggingAspect.logExecution@28:
   Entering com.saber.testHibernate.service.PriceSimulatorService.generatePrice with args=[] 
2026-05-13T10:21:26.863 [INFO] requestId:[                                    ] thread:[scheduling-1             ] c.s.t.service.PriceSimulatorService.generatePrice@55:
   Price event sent | symbol=BTC price=71140.4699 topic=prices 
2026-05-13T10:21:26.863 [INFO] requestId:[                                    ] thread:[scheduling-1             ] c.s.testHibernate.logging.LoggingAspect.logExecution@33:
   Exiting com.saber.testHibernate.service.PriceSimulatorService.generatePrice | executionTime=2 ms 
2026-05-13T10:22:26.866 [INFO] requestId:[                                    ] thread:[scheduling-1             ] c.s.testHibernate.logging.LoggingAspect.logExecution@28:
   Entering com.saber.testHibernate.service.PriceSimulatorService.generatePrice with args=[] 
2026-05-13T10:22:26.870 [INFO] requestId:[                                    ] thread:[scheduling-1             ] c.s.t.service.PriceSimulatorService.generatePrice@55:
   Price event sent | symbol=AAPL price=144.6880 topic=prices 
2026-05-13T10:22:26.870 [INFO] requestId:[                                    ] thread:[scheduling-1             ] c.s.testHibernate.logging.LoggingAspect.logExecution@33:
   Exiting com.saber.testHibernate.service.PriceSimulatorService.generatePrice | executionTime=4 ms 
2026-05-13T10:23:26.871 [INFO] requestId:[                                    ] thread:[scheduling-1             ] c.s.testHibernate.logging.LoggingAspect.logExecution@28:
   Entering com.saber.testHibernate.service.PriceSimulatorService.generatePrice with args=[] 
2026-05-13T10:23:26.874 [INFO] requestId:[                                    ] thread:[scheduling-1             ] c.s.t.service.PriceSimulatorService.generatePrice@55:
   Price event sent | symbol=ETH price=3691.2020 topic=prices 
2026-05-13T10:23:26.875 [INFO] requestId:[                                    ] thread:[scheduling-1             ] c.s.testHibernate.logging.LoggingAspect.logExecution@33:
   Exiting com.saber.testHibernate.service.PriceSimulatorService.generatePrice | executionTime=4 ms 
2026-05-13T10:24:26.861 [INFO] requestId:[                                    ] thread:[scheduling-1             ] c.s.testHibernate.logging.LoggingAspect.logExecution@28:
   Entering com.saber.testHibernate.service.PriceSimulatorService.generatePrice with args=[] 
2026-05-13T10:24:26.863 [INFO] requestId:[                                    ] thread:[scheduling-1             ] c.s.t.service.PriceSimulatorService.generatePrice@55:
   Price event sent | symbol=BTC price=76114.4492 topic=prices 
2026-05-13T10:24:26.863 [INFO] requestId:[                                    ] thread:[scheduling-1             ] c.s.testHibernate.logging.LoggingAspect.logExecution@33:
   Exiting com.saber.testHibernate.service.PriceSimulatorService.generatePrice | executionTime=2 ms 
2026-05-13T10:25:26.870 [INFO] requestId:[                                    ] thread:[scheduling-1             ] c.s.testHibernate.logging.LoggingAspect.logExecution@28:
   Entering com.saber.testHibernate.service.PriceSimulatorService.generatePrice with args=[] 
2026-05-13T10:25:26.873 [INFO] requestId:[                                    ] thread:[scheduling-1             ] c.s.t.service.PriceSimulatorService.generatePrice@55:
   Price event sent | symbol=GOOG price=189.2402 topic=prices 
2026-05-13T10:25:26.874 [INFO] requestId:[                                    ] thread:[scheduling-1             ] c.s.testHibernate.logging.LoggingAspect.logExecution@33:
   Exiting com.saber.testHibernate.service.PriceSimulatorService.generatePrice | executionTime=4 ms 
2026-05-13T10:26:26.866 [INFO] requestId:[                                    ] thread:[scheduling-1             ] c.s.testHibernate.logging.LoggingAspect.logExecution@28:
   Entering com.saber.testHibernate.service.PriceSimulatorService.generatePrice with args=[] 
2026-05-13T10:26:26.869 [INFO] requestId:[                                    ] thread:[scheduling-1             ] c.s.t.service.PriceSimulatorService.generatePrice@55:
   Price event sent | symbol=ETH price=3617.1500 topic=prices 
2026-05-13T10:26:26.869 [INFO] requestId:[                                    ] thread:[scheduling-1             ] c.s.testHibernate.logging.LoggingAspect.logExecution@33:
   Exiting com.saber.testHibernate.service.PriceSimulatorService.generatePrice | executionTime=3 ms 
2026-05-13T10:27:26.866 [INFO] requestId:[                                    ] thread:[scheduling-1             ] c.s.testHibernate.logging.LoggingAspect.logExecution@28:
   Entering com.saber.testHibernate.service.PriceSimulatorService.generatePrice with args=[] 
2026-05-13T10:27:26.868 [INFO] requestId:[                                    ] thread:[scheduling-1             ] c.s.t.service.PriceSimulatorService.generatePrice@55:
   Price event sent | symbol=ETH price=3819.5975 topic=prices 
2026-05-13T10:27:26.868 [INFO] requestId:[                                    ] thread:[scheduling-1             ] c.s.testHibernate.logging.LoggingAspect.logExecution@33:
   Exiting com.saber.testHibernate.service.PriceSimulatorService.generatePrice | executionTime=2 ms 
2026-05-13T10:28:26.865 [INFO] requestId:[                                    ] thread:[scheduling-1             ] c.s.testHibernate.logging.LoggingAspect.logExecution@28:
   Entering com.saber.testHibernate.service.PriceSimulatorService.generatePrice with args=[] 
2026-05-13T10:28:26.867 [INFO] requestId:[                                    ] thread:[scheduling-1             ] c.s.t.service.PriceSimulatorService.generatePrice@55:
   Price event sent | symbol=AAPL price=131.3638 topic=prices 
2026-05-13T10:28:26.868 [INFO] requestId:[                                    ] thread:[scheduling-1             ] c.s.testHibernate.logging.LoggingAspect.logExecution@33:
   Exiting com.saber.testHibernate.service.PriceSimulatorService.generatePrice | executionTime=3 ms 
2026-05-13T10:29:26.876 [INFO] requestId:[                                    ] thread:[scheduling-1             ] c.s.testHibernate.logging.LoggingAspect.logExecution@28:
   Entering com.saber.testHibernate.service.PriceSimulatorService.generatePrice with args=[] 
2026-05-13T10:29:26.880 [INFO] requestId:[                                    ] thread:[scheduling-1             ] c.s.t.service.PriceSimulatorService.generatePrice@55:
   Price event sent | symbol=ETH price=3959.9553 topic=prices 
2026-05-13T10:29:26.880 [INFO] requestId:[                                    ] thread:[scheduling-1             ] c.s.testHibernate.logging.LoggingAspect.logExecution@33:
   Exiting com.saber.testHibernate.service.PriceSimulatorService.generatePrice | executionTime=4 ms 
2026-05-13T10:30:26.874 [INFO] requestId:[                                    ] thread:[scheduling-1             ] c.s.testHibernate.logging.LoggingAspect.logExecution@28:
   Entering com.saber.testHibernate.service.PriceSimulatorService.generatePrice with args=[] 
2026-05-13T10:30:26.877 [INFO] requestId:[                                    ] thread:[scheduling-1             ] c.s.t.service.PriceSimulatorService.generatePrice@55:
   Price event sent | symbol=ETH price=4214.6236 topic=prices 
2026-05-13T10:30:26.877 [INFO] requestId:[                                    ] thread:[scheduling-1             ] c.s.testHibernate.logging.LoggingAspect.logExecution@33:
   Exiting com.saber.testHibernate.service.PriceSimulatorService.generatePrice | executionTime=3 ms 
2026-05-13T10:31:26.874 [INFO] requestId:[                                    ] thread:[scheduling-1             ] c.s.testHibernate.logging.LoggingAspect.logExecution@28:
   Entering com.saber.testHibernate.service.PriceSimulatorService.generatePrice with args=[] 
2026-05-13T10:31:26.876 [INFO] requestId:[                                    ] thread:[scheduling-1             ] c.s.t.service.PriceSimulatorService.generatePrice@55:
   Price event sent | symbol=AAPL price=138.6924 topic=prices 
2026-05-13T10:31:26.877 [INFO] requestId:[                                    ] thread:[scheduling-1             ] c.s.testHibernate.logging.LoggingAspect.logExecution@33:
   Exiting com.saber.testHibernate.service.PriceSimulatorService.generatePrice | executionTime=3 ms 
2026-05-13T10:32:26.868 [INFO] requestId:[                                    ] thread:[scheduling-1             ] c.s.testHibernate.logging.LoggingAspect.logExecution@28:
   Entering com.saber.testHibernate.service.PriceSimulatorService.generatePrice with args=[] 
2026-05-13T10:32:26.871 [INFO] requestId:[                                    ] thread:[scheduling-1             ] c.s.t.service.PriceSimulatorService.generatePrice@55:
   Price event sent | symbol=ETH price=4271.1728 topic=prices 
2026-05-13T10:32:26.871 [INFO] requestId:[                                    ] thread:[scheduling-1             ] c.s.testHibernate.logging.LoggingAspect.logExecution@33:
   Exiting com.saber.testHibernate.service.PriceSimulatorService.generatePrice | executionTime=3 ms 
2026-05-13T10:33:26.867 [INFO] requestId:[                                    ] thread:[scheduling-1             ] c.s.testHibernate.logging.LoggingAspect.logExecution@28:
   Entering com.saber.testHibernate.service.PriceSimulatorService.generatePrice with args=[] 
2026-05-13T10:33:26.869 [INFO] requestId:[                                    ] thread:[scheduling-1             ] c.s.t.service.PriceSimulatorService.generatePrice@55:
   Price event sent | symbol=AAPL price=136.6872 topic=prices 
2026-05-13T10:33:26.870 [INFO] requestId:[                                    ] thread:[scheduling-1             ] c.s.testHibernate.logging.LoggingAspect.logExecution@33:
   Exiting com.saber.testHibernate.service.PriceSimulatorService.generatePrice | executionTime=3 ms 
2026-05-13T10:34:26.867 [INFO] requestId:[                                    ] thread:[scheduling-1             ] c.s.testHibernate.logging.LoggingAspect.logExecution@28:
   Entering com.saber.testHibernate.service.PriceSimulatorService.generatePrice with args=[] 
2026-05-13T10:34:26.869 [INFO] requestId:[                                    ] thread:[scheduling-1             ] c.s.t.service.PriceSimulatorService.generatePrice@55:
   Price event sent | symbol=GOOG price=188.1494 topic=prices 
2026-05-13T10:34:26.870 [INFO] requestId:[                                    ] thread:[scheduling-1             ] c.s.testHibernate.logging.LoggingAspect.logExecution@33:
   Exiting com.saber.testHibernate.service.PriceSimulatorService.generatePrice | executionTime=3 ms 
2026-05-13T10:35:26.867 [INFO] requestId:[                                    ] thread:[scheduling-1             ] c.s.testHibernate.logging.LoggingAspect.logExecution@28:
   Entering com.saber.testHibernate.service.PriceSimulatorService.generatePrice with args=[] 
2026-05-13T10:35:26.869 [INFO] requestId:[                                    ] thread:[scheduling-1             ] c.s.t.service.PriceSimulatorService.generatePrice@55:
   Price event sent | symbol=BTC price=74627.1462 topic=prices 
2026-05-13T10:35:26.869 [INFO] requestId:[                                    ] thread:[scheduling-1             ] c.s.testHibernate.logging.LoggingAspect.logExecution@33:
   Exiting com.saber.testHibernate.service.PriceSimulatorService.generatePrice | executionTime=2 ms 
2026-05-13T10:36:26.867 [INFO] requestId:[                                    ] thread:[scheduling-1             ] c.s.testHibernate.logging.LoggingAspect.logExecution@28:
   Entering com.saber.testHibernate.service.PriceSimulatorService.generatePrice with args=[] 
2026-05-13T10:36:26.869 [INFO] requestId:[                                    ] thread:[scheduling-1             ] c.s.t.service.PriceSimulatorService.generatePrice@55:
   Price event sent | symbol=ETH price=3955.1239 topic=prices 
2026-05-13T10:36:26.869 [INFO] requestId:[                                    ] thread:[scheduling-1             ] c.s.testHibernate.logging.LoggingAspect.logExecution@33:
   Exiting com.saber.testHibernate.service.PriceSimulatorService.generatePrice | executionTime=2 ms 
2026-05-13T10:37:26.871 [INFO] requestId:[                                    ] thread:[scheduling-1             ] c.s.testHibernate.logging.LoggingAspect.logExecution@28:
   Entering com.saber.testHibernate.service.PriceSimulatorService.generatePrice with args=[] 
2026-05-13T10:37:26.874 [INFO] requestId:[                                    ] thread:[scheduling-1             ] c.s.t.service.PriceSimulatorService.generatePrice@55:
   Price event sent | symbol=AAPL price=133.5501 topic=prices 
2026-05-13T10:37:26.874 [INFO] requestId:[                                    ] thread:[scheduling-1             ] c.s.testHibernate.logging.LoggingAspect.logExecution@33:
   Exiting com.saber.testHibernate.service.PriceSimulatorService.generatePrice | executionTime=3 ms 
2026-05-13T10:38:26.873 [INFO] requestId:[                                    ] thread:[scheduling-1             ] c.s.testHibernate.logging.LoggingAspect.logExecution@28:
   Entering com.saber.testHibernate.service.PriceSimulatorService.generatePrice with args=[] 
2026-05-13T10:38:26.876 [INFO] requestId:[                                    ] thread:[scheduling-1             ] c.s.t.service.PriceSimulatorService.generatePrice@55:
   Price event sent | symbol=BTC price=79106.4231 topic=prices 
2026-05-13T10:38:26.876 [INFO] requestId:[                                    ] thread:[scheduling-1             ] c.s.testHibernate.logging.LoggingAspect.logExecution@33:
   Exiting com.saber.testHibernate.service.PriceSimulatorService.generatePrice | executionTime=3 ms 
2026-05-13T10:39:26.879 [INFO] requestId:[                                    ] thread:[scheduling-1             ] c.s.testHibernate.logging.LoggingAspect.logExecution@28:
   Entering com.saber.testHibernate.service.PriceSimulatorService.generatePrice with args=[] 
2026-05-13T10:39:26.882 [INFO] requestId:[                                    ] thread:[scheduling-1             ] c.s.t.service.PriceSimulatorService.generatePrice@55:
   Price event sent | symbol=AAPL price=133.6265 topic=prices 
2026-05-13T10:39:26.883 [INFO] requestId:[                                    ] thread:[scheduling-1             ] c.s.testHibernate.logging.LoggingAspect.logExecution@33:
   Exiting com.saber.testHibernate.service.PriceSimulatorService.generatePrice | executionTime=4 ms 
2026-05-13T10:40:26.874 [INFO] requestId:[                                    ] thread:[scheduling-1             ] c.s.testHibernate.logging.LoggingAspect.logExecution@28:
   Entering com.saber.testHibernate.service.PriceSimulatorService.generatePrice with args=[] 
2026-05-13T10:40:26.876 [INFO] requestId:[                                    ] thread:[scheduling-1             ] c.s.t.service.PriceSimulatorService.generatePrice@55:
   Price event sent | symbol=BTC price=75550.8822 topic=prices 
2026-05-13T10:40:26.876 [INFO] requestId:[                                    ] thread:[scheduling-1             ] c.s.testHibernate.logging.LoggingAspect.logExecution@33:
   Exiting com.saber.testHibernate.service.PriceSimulatorService.generatePrice | executionTime=2 ms 
2026-05-13T10:41:26.877 [INFO] requestId:[                                    ] thread:[scheduling-1             ] c.s.testHibernate.logging.LoggingAspect.logExecution@28:
   Entering com.saber.testHibernate.service.PriceSimulatorService.generatePrice with args=[] 
2026-05-13T10:41:26.881 [INFO] requestId:[                                    ] thread:[scheduling-1             ] c.s.t.service.PriceSimulatorService.generatePrice@55:
   Price event sent | symbol=ETH price=3774.0459 topic=prices 
2026-05-13T10:41:26.881 [INFO] requestId:[                                    ] thread:[scheduling-1             ] c.s.testHibernate.logging.LoggingAspect.logExecution@33:
   Exiting com.saber.testHibernate.service.PriceSimulatorService.generatePrice | executionTime=4 ms 
2026-05-13T10:42:26.873 [INFO] requestId:[                                    ] thread:[scheduling-1             ] c.s.testHibernate.logging.LoggingAspect.logExecution@28:
   Entering com.saber.testHibernate.service.PriceSimulatorService.generatePrice with args=[] 
2026-05-13T10:42:26.875 [INFO] requestId:[                                    ] thread:[scheduling-1             ] c.s.t.service.PriceSimulatorService.generatePrice@55:
   Price event sent | symbol=BTC price=78317.0220 topic=prices 
2026-05-13T10:42:26.875 [INFO] requestId:[                                    ] thread:[scheduling-1             ] c.s.testHibernate.logging.LoggingAspect.logExecution@33:
   Exiting com.saber.testHibernate.service.PriceSimulatorService.generatePrice | executionTime=2 ms 
2026-05-13T10:43:26.872 [INFO] requestId:[                                    ] thread:[scheduling-1             ] c.s.testHibernate.logging.LoggingAspect.logExecution@28:
   Entering com.saber.testHibernate.service.PriceSimulatorService.generatePrice with args=[] 
2026-05-13T10:43:26.876 [INFO] requestId:[                                    ] thread:[scheduling-1             ] c.s.t.service.PriceSimulatorService.generatePrice@55:
   Price event sent | symbol=BTC price=77836.6581 topic=prices 
2026-05-13T10:43:26.877 [INFO] requestId:[                                    ] thread:[scheduling-1             ] c.s.testHibernate.logging.LoggingAspect.logExecution@33:
   Exiting com.saber.testHibernate.service.PriceSimulatorService.generatePrice | executionTime=5 ms 
2026-05-13T10:44:26.881 [INFO] requestId:[                                    ] thread:[scheduling-1             ] c.s.testHibernate.logging.LoggingAspect.logExecution@28:
   Entering com.saber.testHibernate.service.PriceSimulatorService.generatePrice with args=[] 
2026-05-13T10:44:26.882 [INFO] requestId:[                                    ] thread:[scheduling-1             ] c.s.t.service.PriceSimulatorService.generatePrice@55:
   Price event sent | symbol=GOOG price=195.7264 topic=prices 
2026-05-13T10:44:26.882 [INFO] requestId:[                                    ] thread:[scheduling-1             ] c.s.testHibernate.logging.LoggingAspect.logExecution@33:
   Exiting com.saber.testHibernate.service.PriceSimulatorService.generatePrice | executionTime=1 ms 
2026-05-13T10:45:26.871 [INFO] requestId:[                                    ] thread:[scheduling-1             ] c.s.testHibernate.logging.LoggingAspect.logExecution@28:
   Entering com.saber.testHibernate.service.PriceSimulatorService.generatePrice with args=[] 
2026-05-13T10:45:26.877 [INFO] requestId:[                                    ] thread:[scheduling-1             ] c.s.t.service.PriceSimulatorService.generatePrice@55:
   Price event sent | symbol=GOOG price=196.2031 topic=prices 
2026-05-13T10:45:26.882 [INFO] requestId:[                                    ] thread:[scheduling-1             ] c.s.testHibernate.logging.LoggingAspect.logExecution@33:
   Exiting com.saber.testHibernate.service.PriceSimulatorService.generatePrice | executionTime=11 ms 
2026-05-13T10:46:26.886 [INFO] requestId:[                                    ] thread:[scheduling-1             ] c.s.testHibernate.logging.LoggingAspect.logExecution@28:
   Entering com.saber.testHibernate.service.PriceSimulatorService.generatePrice with args=[] 
2026-05-13T10:46:26.891 [INFO] requestId:[                                    ] thread:[scheduling-1             ] c.s.t.service.PriceSimulatorService.generatePrice@55:
   Price event sent | symbol=ETH price=4053.6329 topic=prices 
2026-05-13T10:46:26.891 [INFO] requestId:[                                    ] thread:[scheduling-1             ] c.s.testHibernate.logging.LoggingAspect.logExecution@33:
   Exiting com.saber.testHibernate.service.PriceSimulatorService.generatePrice | executionTime=5 ms 
2026-05-13T10:47:26.871 [INFO] requestId:[                                    ] thread:[scheduling-1             ] c.s.testHibernate.logging.LoggingAspect.logExecution@28:
   Entering com.saber.testHibernate.service.PriceSimulatorService.generatePrice with args=[] 
2026-05-13T10:47:26.874 [INFO] requestId:[                                    ] thread:[scheduling-1             ] c.s.t.service.PriceSimulatorService.generatePrice@55:
   Price event sent | symbol=GOOG price=196.4696 topic=prices 
2026-05-13T10:47:26.875 [INFO] requestId:[                                    ] thread:[scheduling-1             ] c.s.testHibernate.logging.LoggingAspect.logExecution@33:
   Exiting com.saber.testHibernate.service.PriceSimulatorService.generatePrice | executionTime=4 ms 
2026-05-13T10:48:26.881 [INFO] requestId:[                                    ] thread:[scheduling-1             ] c.s.testHibernate.logging.LoggingAspect.logExecution@28:
   Entering com.saber.testHibernate.service.PriceSimulatorService.generatePrice with args=[] 
2026-05-13T10:48:26.884 [INFO] requestId:[                                    ] thread:[scheduling-1             ] c.s.t.service.PriceSimulatorService.generatePrice@55:
   Price event sent | symbol=BTC price=82243.6122 topic=prices 
2026-05-13T10:48:26.884 [INFO] requestId:[                                    ] thread:[scheduling-1             ] c.s.testHibernate.logging.LoggingAspect.logExecution@33:
   Exiting com.saber.testHibernate.service.PriceSimulatorService.generatePrice | executionTime=3 ms 
2026-05-13T10:49:26.875 [INFO] requestId:[                                    ] thread:[scheduling-1             ] c.s.testHibernate.logging.LoggingAspect.logExecution@28:
   Entering com.saber.testHibernate.service.PriceSimulatorService.generatePrice with args=[] 
2026-05-13T10:49:26.877 [INFO] requestId:[                                    ] thread:[scheduling-1             ] c.s.t.service.PriceSimulatorService.generatePrice@55:
   Price event sent | symbol=GOOG price=193.8425 topic=prices 
2026-05-13T10:49:26.878 [INFO] requestId:[                                    ] thread:[scheduling-1             ] c.s.testHibernate.logging.LoggingAspect.logExecution@33:
   Exiting com.saber.testHibernate.service.PriceSimulatorService.generatePrice | executionTime=3 ms 
2026-05-13T10:50:26.874 [INFO] requestId:[                                    ] thread:[scheduling-1             ] c.s.testHibernate.logging.LoggingAspect.logExecution@28:
   Entering com.saber.testHibernate.service.PriceSimulatorService.generatePrice with args=[] 
2026-05-13T10:50:26.876 [INFO] requestId:[                                    ] thread:[scheduling-1             ] c.s.t.service.PriceSimulatorService.generatePrice@55:
   Price event sent | symbol=ETH price=4204.6915 topic=prices 
2026-05-13T10:50:26.876 [INFO] requestId:[                                    ] thread:[scheduling-1             ] c.s.testHibernate.logging.LoggingAspect.logExecution@33:
   Exiting com.saber.testHibernate.service.PriceSimulatorService.generatePrice | executionTime=2 ms 
2026-05-13T10:51:26.883 [INFO] requestId:[                                    ] thread:[scheduling-1             ] c.s.testHibernate.logging.LoggingAspect.logExecution@28:
   Entering com.saber.testHibernate.service.PriceSimulatorService.generatePrice with args=[] 
2026-05-13T10:51:26.886 [INFO] requestId:[                                    ] thread:[scheduling-1             ] c.s.t.service.PriceSimulatorService.generatePrice@55:
   Price event sent | symbol=BTC price=76927.7230 topic=prices 
2026-05-13T10:51:26.886 [INFO] requestId:[                                    ] thread:[scheduling-1             ] c.s.testHibernate.logging.LoggingAspect.logExecution@33:
   Exiting com.saber.testHibernate.service.PriceSimulatorService.generatePrice | executionTime=3 ms 
2026-05-13T10:52:26.878 [INFO] requestId:[                                    ] thread:[scheduling-1             ] c.s.testHibernate.logging.LoggingAspect.logExecution@28:
   Entering com.saber.testHibernate.service.PriceSimulatorService.generatePrice with args=[] 
2026-05-13T10:52:26.880 [INFO] requestId:[                                    ] thread:[scheduling-1             ] c.s.t.service.PriceSimulatorService.generatePrice@55:
   Price event sent | symbol=ETH price=4276.0691 topic=prices 
2026-05-13T10:52:26.880 [INFO] requestId:[                                    ] thread:[scheduling-1             ] c.s.testHibernate.logging.LoggingAspect.logExecution@33:
   Exiting com.saber.testHibernate.service.PriceSimulatorService.generatePrice | executionTime=2 ms 
2026-05-13T10:53:26.880 [INFO] requestId:[                                    ] thread:[scheduling-1             ] c.s.testHibernate.logging.LoggingAspect.logExecution@28:
   Entering com.saber.testHibernate.service.PriceSimulatorService.generatePrice with args=[] 
2026-05-13T10:53:26.883 [INFO] requestId:[                                    ] thread:[scheduling-1             ] c.s.t.service.PriceSimulatorService.generatePrice@55:
   Price event sent | symbol=BTC price=75383.6048 topic=prices 
2026-05-13T10:53:26.884 [INFO] requestId:[                                    ] thread:[scheduling-1             ] c.s.testHibernate.logging.LoggingAspect.logExecution@33:
   Exiting com.saber.testHibernate.service.PriceSimulatorService.generatePrice | executionTime=4 ms 
2026-05-13T10:54:26.881 [INFO] requestId:[                                    ] thread:[scheduling-1             ] c.s.testHibernate.logging.LoggingAspect.logExecution@28:
   Entering com.saber.testHibernate.service.PriceSimulatorService.generatePrice with args=[] 
2026-05-13T10:54:26.883 [INFO] requestId:[                                    ] thread:[scheduling-1             ] c.s.t.service.PriceSimulatorService.generatePrice@55:
   Price event sent | symbol=AAPL price=124.5158 topic=prices 
2026-05-13T10:54:26.884 [INFO] requestId:[                                    ] thread:[scheduling-1             ] c.s.testHibernate.logging.LoggingAspect.logExecution@33:
   Exiting com.saber.testHibernate.service.PriceSimulatorService.generatePrice | executionTime=3 ms 
2026-05-13T10:55:26.875 [INFO] requestId:[                                    ] thread:[scheduling-1             ] c.s.testHibernate.logging.LoggingAspect.logExecution@28:
   Entering com.saber.testHibernate.service.PriceSimulatorService.generatePrice with args=[] 
2026-05-13T10:55:26.877 [INFO] requestId:[                                    ] thread:[scheduling-1             ] c.s.t.service.PriceSimulatorService.generatePrice@55:
   Price event sent | symbol=GOOG price=188.9113 topic=prices 
2026-05-13T10:55:26.877 [INFO] requestId:[                                    ] thread:[scheduling-1             ] c.s.testHibernate.logging.LoggingAspect.logExecution@33:
   Exiting com.saber.testHibernate.service.PriceSimulatorService.generatePrice | executionTime=2 ms 
2026-05-13T10:56:26.885 [INFO] requestId:[                                    ] thread:[scheduling-1             ] c.s.testHibernate.logging.LoggingAspect.logExecution@28:
   Entering com.saber.testHibernate.service.PriceSimulatorService.generatePrice with args=[] 
2026-05-13T10:56:26.888 [INFO] requestId:[                                    ] thread:[scheduling-1             ] c.s.t.service.PriceSimulatorService.generatePrice@55:
   Price event sent | symbol=GOOG price=196.1712 topic=prices 
2026-05-13T10:56:26.888 [INFO] requestId:[                                    ] thread:[scheduling-1             ] c.s.testHibernate.logging.LoggingAspect.logExecution@33:
   Exiting com.saber.testHibernate.service.PriceSimulatorService.generatePrice | executionTime=3 ms 
2026-05-13T10:57:26.881 [INFO] requestId:[                                    ] thread:[scheduling-1             ] c.s.testHibernate.logging.LoggingAspect.logExecution@28:
   Entering com.saber.testHibernate.service.PriceSimulatorService.generatePrice with args=[] 
2026-05-13T10:57:26.883 [INFO] requestId:[                                    ] thread:[scheduling-1             ] c.s.t.service.PriceSimulatorService.generatePrice@55:
   Price event sent | symbol=GOOG price=215.5692 topic=prices 
2026-05-13T10:57:26.883 [INFO] requestId:[                                    ] thread:[scheduling-1             ] c.s.testHibernate.logging.LoggingAspect.logExecution@33:
   Exiting com.saber.testHibernate.service.PriceSimulatorService.generatePrice | executionTime=2 ms 
2026-05-13T10:58:26.888 [INFO] requestId:[                                    ] thread:[scheduling-1             ] c.s.testHibernate.logging.LoggingAspect.logExecution@28:
   Entering com.saber.testHibernate.service.PriceSimulatorService.generatePrice with args=[] 
2026-05-13T10:58:26.891 [INFO] requestId:[                                    ] thread:[scheduling-1             ] c.s.t.service.PriceSimulatorService.generatePrice@55:
   Price event sent | symbol=ETH price=4564.9001 topic=prices 
2026-05-13T10:58:26.891 [INFO] requestId:[                                    ] thread:[scheduling-1             ] c.s.testHibernate.logging.LoggingAspect.logExecution@33:
   Exiting com.saber.testHibernate.service.PriceSimulatorService.generatePrice | executionTime=3 ms 
2026-05-13T10:59:26.877 [INFO] requestId:[                                    ] thread:[scheduling-1             ] c.s.testHibernate.logging.LoggingAspect.logExecution@28:
   Entering com.saber.testHibernate.service.PriceSimulatorService.generatePrice with args=[] 
2026-05-13T10:59:26.879 [INFO] requestId:[                                    ] thread:[scheduling-1             ] c.s.t.service.PriceSimulatorService.generatePrice@55:
   Price event sent | symbol=ETH price=4179.2641 topic=prices 
2026-05-13T10:59:26.879 [INFO] requestId:[                                    ] thread:[scheduling-1             ] c.s.testHibernate.logging.LoggingAspect.logExecution@33:
   Exiting com.saber.testHibernate.service.PriceSimulatorService.generatePrice | executionTime=2 ms 
2026-05-13T11:00:26.890 [INFO] requestId:[                                    ] thread:[scheduling-1             ] c.s.testHibernate.logging.LoggingAspect.logExecution@28:
   Entering com.saber.testHibernate.service.PriceSimulatorService.generatePrice with args=[] 
2026-05-13T11:00:26.894 [INFO] requestId:[                                    ] thread:[scheduling-1             ] c.s.t.service.PriceSimulatorService.generatePrice@55:
   Price event sent | symbol=GOOG price=200.9429 topic=prices 
2026-05-13T11:00:26.895 [INFO] requestId:[                                    ] thread:[scheduling-1             ] c.s.testHibernate.logging.LoggingAspect.logExecution@33:
   Exiting com.saber.testHibernate.service.PriceSimulatorService.generatePrice | executionTime=5 ms 
2026-05-13T11:01:26.884 [INFO] requestId:[                                    ] thread:[scheduling-1             ] c.s.testHibernate.logging.LoggingAspect.logExecution@28:
   Entering com.saber.testHibernate.service.PriceSimulatorService.generatePrice with args=[] 
2026-05-13T11:01:26.886 [INFO] requestId:[                                    ] thread:[scheduling-1             ] c.s.t.service.PriceSimulatorService.generatePrice@55:
   Price event sent | symbol=AAPL price=129.5250 topic=prices 
2026-05-13T11:01:26.886 [INFO] requestId:[                                    ] thread:[scheduling-1             ] c.s.testHibernate.logging.LoggingAspect.logExecution@33:
   Exiting com.saber.testHibernate.service.PriceSimulatorService.generatePrice | executionTime=2 ms 
2026-05-13T11:02:26.884 [INFO] requestId:[                                    ] thread:[scheduling-1             ] c.s.testHibernate.logging.LoggingAspect.logExecution@28:
   Entering com.saber.testHibernate.service.PriceSimulatorService.generatePrice with args=[] 
2026-05-13T11:02:26.887 [INFO] requestId:[                                    ] thread:[scheduling-1             ] c.s.t.service.PriceSimulatorService.generatePrice@55:
   Price event sent | symbol=GOOG price=206.5044 topic=prices 
2026-05-13T11:02:26.887 [INFO] requestId:[                                    ] thread:[scheduling-1             ] c.s.testHibernate.logging.LoggingAspect.logExecution@33:
   Exiting com.saber.testHibernate.service.PriceSimulatorService.generatePrice | executionTime=3 ms 
2026-05-13T11:03:26.884 [INFO] requestId:[                                    ] thread:[scheduling-1             ] c.s.testHibernate.logging.LoggingAspect.logExecution@28:
   Entering com.saber.testHibernate.service.PriceSimulatorService.generatePrice with args=[] 
2026-05-13T11:03:26.892 [INFO] requestId:[                                    ] thread:[scheduling-1             ] c.s.t.service.PriceSimulatorService.generatePrice@55:
   Price event sent | symbol=AAPL price=122.7282 topic=prices 
2026-05-13T11:03:26.893 [INFO] requestId:[                                    ] thread:[scheduling-1             ] c.s.testHibernate.logging.LoggingAspect.logExecution@33:
   Exiting com.saber.testHibernate.service.PriceSimulatorService.generatePrice | executionTime=9 ms 
2026-05-13T11:04:26.890 [INFO] requestId:[                                    ] thread:[scheduling-1             ] c.s.testHibernate.logging.LoggingAspect.logExecution@28:
   Entering com.saber.testHibernate.service.PriceSimulatorService.generatePrice with args=[] 
2026-05-13T11:04:26.892 [INFO] requestId:[                                    ] thread:[scheduling-1             ] c.s.t.service.PriceSimulatorService.generatePrice@55:
   Price event sent | symbol=ETH price=3828.0166 topic=prices 
2026-05-13T11:04:26.893 [INFO] requestId:[                                    ] thread:[scheduling-1             ] c.s.testHibernate.logging.LoggingAspect.logExecution@33:
   Exiting com.saber.testHibernate.service.PriceSimulatorService.generatePrice | executionTime=3 ms 
2026-05-13T11:05:26.884 [INFO] requestId:[                                    ] thread:[scheduling-1             ] c.s.testHibernate.logging.LoggingAspect.logExecution@28:
   Entering com.saber.testHibernate.service.PriceSimulatorService.generatePrice with args=[] 
2026-05-13T11:05:26.886 [INFO] requestId:[                                    ] thread:[scheduling-1             ] c.s.t.service.PriceSimulatorService.generatePrice@55:
   Price event sent | symbol=BTC price=69965.1308 topic=prices 
2026-05-13T11:05:26.887 [INFO] requestId:[                                    ] thread:[scheduling-1             ] c.s.testHibernate.logging.LoggingAspect.logExecution@33:
   Exiting com.saber.testHibernate.service.PriceSimulatorService.generatePrice | executionTime=3 ms 
2026-05-13T11:06:26.892 [INFO] requestId:[                                    ] thread:[scheduling-1             ] c.s.testHibernate.logging.LoggingAspect.logExecution@28:
   Entering com.saber.testHibernate.service.PriceSimulatorService.generatePrice with args=[] 
2026-05-13T11:06:26.895 [INFO] requestId:[                                    ] thread:[scheduling-1             ] c.s.t.service.PriceSimulatorService.generatePrice@55:
   Price event sent | symbol=BTC price=76306.5369 topic=prices 
2026-05-13T11:06:26.895 [INFO] requestId:[                                    ] thread:[scheduling-1             ] c.s.testHibernate.logging.LoggingAspect.logExecution@33:
   Exiting com.saber.testHibernate.service.PriceSimulatorService.generatePrice | executionTime=3 ms 
2026-05-13T11:07:26.887 [INFO] requestId:[                                    ] thread:[scheduling-1             ] c.s.testHibernate.logging.LoggingAspect.logExecution@28:
   Entering com.saber.testHibernate.service.PriceSimulatorService.generatePrice with args=[] 
2026-05-13T11:07:26.889 [INFO] requestId:[                                    ] thread:[scheduling-1             ] c.s.t.service.PriceSimulatorService.generatePrice@55:
   Price event sent | symbol=ETH price=4030.8891 topic=prices 
2026-05-13T11:07:26.890 [INFO] requestId:[                                    ] thread:[scheduling-1             ] c.s.testHibernate.logging.LoggingAspect.logExecution@33:
   Exiting com.saber.testHibernate.service.PriceSimulatorService.generatePrice | executionTime=3 ms 
2026-05-13T11:08:26.890 [INFO] requestId:[                                    ] thread:[scheduling-1             ] c.s.testHibernate.logging.LoggingAspect.logExecution@28:
   Entering com.saber.testHibernate.service.PriceSimulatorService.generatePrice with args=[] 
2026-05-13T11:08:26.894 [INFO] requestId:[                                    ] thread:[scheduling-1             ] c.s.t.service.PriceSimulatorService.generatePrice@55:
   Price event sent | symbol=BTC price=71966.7945 topic=prices 
2026-05-13T11:08:26.894 [INFO] requestId:[                                    ] thread:[scheduling-1             ] c.s.testHibernate.logging.LoggingAspect.logExecution@33:
   Exiting com.saber.testHibernate.service.PriceSimulatorService.generatePrice | executionTime=4 ms 
2026-05-13T11:09:26.894 [INFO] requestId:[                                    ] thread:[scheduling-1             ] c.s.testHibernate.logging.LoggingAspect.logExecution@28:
   Entering com.saber.testHibernate.service.PriceSimulatorService.generatePrice with args=[] 
2026-05-13T11:09:26.895 [INFO] requestId:[                                    ] thread:[scheduling-1             ] c.s.t.service.PriceSimulatorService.generatePrice@55:
   Price event sent | symbol=ETH price=4039.3382 topic=prices 
2026-05-13T11:09:26.896 [INFO] requestId:[                                    ] thread:[scheduling-1             ] c.s.testHibernate.logging.LoggingAspect.logExecution@33:
   Exiting com.saber.testHibernate.service.PriceSimulatorService.generatePrice | executionTime=2 ms 
2026-05-13T11:10:26.885 [INFO] requestId:[                                    ] thread:[scheduling-1             ] c.s.testHibernate.logging.LoggingAspect.logExecution@28:
   Entering com.saber.testHibernate.service.PriceSimulatorService.generatePrice with args=[] 
2026-05-13T11:10:26.886 [INFO] requestId:[                                    ] thread:[scheduling-1             ] c.s.t.service.PriceSimulatorService.generatePrice@55:
   Price event sent | symbol=GOOG price=189.1674 topic=prices 
2026-05-13T11:10:26.886 [INFO] requestId:[                                    ] thread:[scheduling-1             ] c.s.testHibernate.logging.LoggingAspect.logExecution@33:
   Exiting com.saber.testHibernate.service.PriceSimulatorService.generatePrice | executionTime=1 ms 
2026-05-13T11:11:26.893 [INFO] requestId:[                                    ] thread:[scheduling-1             ] c.s.testHibernate.logging.LoggingAspect.logExecution@28:
   Entering com.saber.testHibernate.service.PriceSimulatorService.generatePrice with args=[] 
2026-05-13T11:11:26.895 [INFO] requestId:[                                    ] thread:[scheduling-1             ] c.s.t.service.PriceSimulatorService.generatePrice@55:
   Price event sent | symbol=BTC price=78752.6015 topic=prices 
2026-05-13T11:11:26.895 [INFO] requestId:[                                    ] thread:[scheduling-1             ] c.s.testHibernate.logging.LoggingAspect.logExecution@33:
   Exiting com.saber.testHibernate.service.PriceSimulatorService.generatePrice | executionTime=2 ms 
2026-05-13T11:12:26.886 [INFO] requestId:[                                    ] thread:[scheduling-1             ] c.s.testHibernate.logging.LoggingAspect.logExecution@28:
   Entering com.saber.testHibernate.service.PriceSimulatorService.generatePrice with args=[] 
2026-05-13T11:12:26.888 [INFO] requestId:[                                    ] thread:[scheduling-1             ] c.s.t.service.PriceSimulatorService.generatePrice@55:
   Price event sent | symbol=ETH price=4435.5791 topic=prices 
2026-05-13T11:12:26.888 [INFO] requestId:[                                    ] thread:[scheduling-1             ] c.s.testHibernate.logging.LoggingAspect.logExecution@33:
   Exiting com.saber.testHibernate.service.PriceSimulatorService.generatePrice | executionTime=2 ms 
2026-05-13T11:13:26.885 [INFO] requestId:[                                    ] thread:[scheduling-1             ] c.s.testHibernate.logging.LoggingAspect.logExecution@28:
   Entering com.saber.testHibernate.service.PriceSimulatorService.generatePrice with args=[] 
2026-05-13T11:13:26.888 [INFO] requestId:[                                    ] thread:[scheduling-1             ] c.s.t.service.PriceSimulatorService.generatePrice@55:
   Price event sent | symbol=BTC price=71889.6143 topic=prices 
2026-05-13T11:13:26.889 [INFO] requestId:[                                    ] thread:[scheduling-1             ] c.s.testHibernate.logging.LoggingAspect.logExecution@33:
   Exiting com.saber.testHibernate.service.PriceSimulatorService.generatePrice | executionTime=4 ms 
2026-05-13T11:14:26.888 [INFO] requestId:[                                    ] thread:[scheduling-1             ] c.s.testHibernate.logging.LoggingAspect.logExecution@28:
   Entering com.saber.testHibernate.service.PriceSimulatorService.generatePrice with args=[] 
2026-05-13T11:14:26.890 [INFO] requestId:[                                    ] thread:[scheduling-1             ] c.s.t.service.PriceSimulatorService.generatePrice@55:
   Price event sent | symbol=GOOG price=190.8601 topic=prices 
2026-05-13T11:14:26.890 [INFO] requestId:[                                    ] thread:[scheduling-1             ] c.s.testHibernate.logging.LoggingAspect.logExecution@33:
   Exiting com.saber.testHibernate.service.PriceSimulatorService.generatePrice | executionTime=2 ms 
2026-05-13T11:15:26.889 [INFO] requestId:[                                    ] thread:[scheduling-1             ] c.s.testHibernate.logging.LoggingAspect.logExecution@28:
   Entering com.saber.testHibernate.service.PriceSimulatorService.generatePrice with args=[] 
2026-05-13T11:15:26.891 [INFO] requestId:[                                    ] thread:[scheduling-1             ] c.s.t.service.PriceSimulatorService.generatePrice@55:
   Price event sent | symbol=AAPL price=131.6425 topic=prices 
2026-05-13T11:15:26.891 [INFO] requestId:[                                    ] thread:[scheduling-1             ] c.s.testHibernate.logging.LoggingAspect.logExecution@33:
   Exiting com.saber.testHibernate.service.PriceSimulatorService.generatePrice | executionTime=2 ms 
2026-05-13T11:16:26.900 [INFO] requestId:[                                    ] thread:[scheduling-1             ] c.s.testHibernate.logging.LoggingAspect.logExecution@28:
   Entering com.saber.testHibernate.service.PriceSimulatorService.generatePrice with args=[] 
2026-05-13T11:16:26.902 [INFO] requestId:[                                    ] thread:[scheduling-1             ] c.s.t.service.PriceSimulatorService.generatePrice@55:
   Price event sent | symbol=BTC price=70690.2479 topic=prices 
2026-05-13T11:16:26.903 [INFO] requestId:[                                    ] thread:[scheduling-1             ] c.s.testHibernate.logging.LoggingAspect.logExecution@33:
   Exiting com.saber.testHibernate.service.PriceSimulatorService.generatePrice | executionTime=3 ms 
2026-05-13T11:17:26.899 [INFO] requestId:[                                    ] thread:[scheduling-1             ] c.s.testHibernate.logging.LoggingAspect.logExecution@28:
   Entering com.saber.testHibernate.service.PriceSimulatorService.generatePrice with args=[] 
2026-05-13T11:17:26.901 [INFO] requestId:[                                    ] thread:[scheduling-1             ] c.s.t.service.PriceSimulatorService.generatePrice@55:
   Price event sent | symbol=GOOG price=198.0349 topic=prices 
2026-05-13T11:17:26.902 [INFO] requestId:[                                    ] thread:[scheduling-1             ] c.s.testHibernate.logging.LoggingAspect.logExecution@33:
   Exiting com.saber.testHibernate.service.PriceSimulatorService.generatePrice | executionTime=3 ms 
2026-05-13T11:18:26.886 [INFO] requestId:[                                    ] thread:[scheduling-1             ] c.s.testHibernate.logging.LoggingAspect.logExecution@28:
   Entering com.saber.testHibernate.service.PriceSimulatorService.generatePrice with args=[] 
2026-05-13T11:18:26.888 [INFO] requestId:[                                    ] thread:[scheduling-1             ] c.s.t.service.PriceSimulatorService.generatePrice@55:
   Price event sent | symbol=AAPL price=136.4631 topic=prices 
2026-05-13T11:18:26.888 [INFO] requestId:[                                    ] thread:[scheduling-1             ] c.s.testHibernate.logging.LoggingAspect.logExecution@33:
   Exiting com.saber.testHibernate.service.PriceSimulatorService.generatePrice | executionTime=2 ms 
2026-05-13T11:19:26.898 [INFO] requestId:[                                    ] thread:[scheduling-1             ] c.s.testHibernate.logging.LoggingAspect.logExecution@28:
   Entering com.saber.testHibernate.service.PriceSimulatorService.generatePrice with args=[] 
2026-05-13T11:19:26.901 [INFO] requestId:[                                    ] thread:[scheduling-1             ] c.s.t.service.PriceSimulatorService.generatePrice@55:
   Price event sent | symbol=GOOG price=196.0901 topic=prices 
2026-05-13T11:19:26.901 [INFO] requestId:[                                    ] thread:[scheduling-1             ] c.s.testHibernate.logging.LoggingAspect.logExecution@33:
   Exiting com.saber.testHibernate.service.PriceSimulatorService.generatePrice | executionTime=3 ms 
2026-05-13T11:20:26.901 [INFO] requestId:[                                    ] thread:[scheduling-1             ] c.s.testHibernate.logging.LoggingAspect.logExecution@28:
   Entering com.saber.testHibernate.service.PriceSimulatorService.generatePrice with args=[] 
2026-05-13T11:20:26.903 [INFO] requestId:[                                    ] thread:[scheduling-1             ] c.s.t.service.PriceSimulatorService.generatePrice@55:
   Price event sent | symbol=BTC price=68084.5976 topic=prices 
2026-05-13T11:20:26.903 [INFO] requestId:[                                    ] thread:[scheduling-1             ] c.s.testHibernate.logging.LoggingAspect.logExecution@33:
   Exiting com.saber.testHibernate.service.PriceSimulatorService.generatePrice | executionTime=2 ms 
2026-05-13T11:21:26.901 [INFO] requestId:[                                    ] thread:[scheduling-1             ] c.s.testHibernate.logging.LoggingAspect.logExecution@28:
   Entering com.saber.testHibernate.service.PriceSimulatorService.generatePrice with args=[] 
2026-05-13T11:21:26.903 [INFO] requestId:[                                    ] thread:[scheduling-1             ] c.s.t.service.PriceSimulatorService.generatePrice@55:
   Price event sent | symbol=AAPL price=137.2710 topic=prices 
2026-05-13T11:21:26.904 [INFO] requestId:[                                    ] thread:[scheduling-1             ] c.s.testHibernate.logging.LoggingAspect.logExecution@33:
   Exiting com.saber.testHibernate.service.PriceSimulatorService.generatePrice | executionTime=3 ms 
2026-05-13T11:22:26.899 [INFO] requestId:[                                    ] thread:[scheduling-1             ] c.s.testHibernate.logging.LoggingAspect.logExecution@28:
   Entering com.saber.testHibernate.service.PriceSimulatorService.generatePrice with args=[] 
2026-05-13T11:22:26.900 [INFO] requestId:[                                    ] thread:[scheduling-1             ] c.s.t.service.PriceSimulatorService.generatePrice@55:
   Price event sent | symbol=GOOG price=202.7636 topic=prices 
2026-05-13T11:22:26.901 [INFO] requestId:[                                    ] thread:[scheduling-1             ] c.s.testHibernate.logging.LoggingAspect.logExecution@33:
   Exiting com.saber.testHibernate.service.PriceSimulatorService.generatePrice | executionTime=2 ms 
2026-05-13T11:23:26.900 [INFO] requestId:[                                    ] thread:[scheduling-1             ] c.s.testHibernate.logging.LoggingAspect.logExecution@28:
   Entering com.saber.testHibernate.service.PriceSimulatorService.generatePrice with args=[] 
2026-05-13T11:23:26.903 [INFO] requestId:[                                    ] thread:[scheduling-1             ] c.s.t.service.PriceSimulatorService.generatePrice@55:
   Price event sent | symbol=GOOG price=187.3572 topic=prices 
2026-05-13T11:23:26.903 [INFO] requestId:[                                    ] thread:[scheduling-1             ] c.s.testHibernate.logging.LoggingAspect.logExecution@33:
   Exiting com.saber.testHibernate.service.PriceSimulatorService.generatePrice | executionTime=3 ms 
2026-05-13T11:24:26.894 [INFO] requestId:[                                    ] thread:[scheduling-1             ] c.s.testHibernate.logging.LoggingAspect.logExecution@28:
   Entering com.saber.testHibernate.service.PriceSimulatorService.generatePrice with args=[] 
2026-05-13T11:24:26.897 [INFO] requestId:[                                    ] thread:[scheduling-1             ] c.s.t.service.PriceSimulatorService.generatePrice@55:
   Price event sent | symbol=AAPL price=128.6658 topic=prices 
2026-05-13T11:24:26.897 [INFO] requestId:[                                    ] thread:[scheduling-1             ] c.s.testHibernate.logging.LoggingAspect.logExecution@33:
   Exiting com.saber.testHibernate.service.PriceSimulatorService.generatePrice | executionTime=3 ms 
2026-05-13T11:25:26.904 [INFO] requestId:[                                    ] thread:[scheduling-1             ] c.s.testHibernate.logging.LoggingAspect.logExecution@28:
   Entering com.saber.testHibernate.service.PriceSimulatorService.generatePrice with args=[] 
2026-05-13T11:25:26.906 [INFO] requestId:[                                    ] thread:[scheduling-1             ] c.s.t.service.PriceSimulatorService.generatePrice@55:
   Price event sent | symbol=GOOG price=178.4362 topic=prices 
2026-05-13T11:25:26.907 [INFO] requestId:[                                    ] thread:[scheduling-1             ] c.s.testHibernate.logging.LoggingAspect.logExecution@33:
   Exiting com.saber.testHibernate.service.PriceSimulatorService.generatePrice | executionTime=3 ms 
2026-05-13T11:26:26.893 [INFO] requestId:[                                    ] thread:[scheduling-1             ] c.s.testHibernate.logging.LoggingAspect.logExecution@28:
   Entering com.saber.testHibernate.service.PriceSimulatorService.generatePrice with args=[] 
2026-05-13T11:26:26.895 [INFO] requestId:[                                    ] thread:[scheduling-1             ] c.s.t.service.PriceSimulatorService.generatePrice@55:
   Price event sent | symbol=ETH price=4046.2048 topic=prices 
2026-05-13T11:26:26.895 [INFO] requestId:[                                    ] thread:[scheduling-1             ] c.s.testHibernate.logging.LoggingAspect.logExecution@33:
   Exiting com.saber.testHibernate.service.PriceSimulatorService.generatePrice | executionTime=2 ms 
2026-05-13T11:27:26.892 [INFO] requestId:[                                    ] thread:[scheduling-1             ] c.s.testHibernate.logging.LoggingAspect.logExecution@28:
   Entering com.saber.testHibernate.service.PriceSimulatorService.generatePrice with args=[] 
2026-05-13T11:27:26.894 [INFO] requestId:[                                    ] thread:[scheduling-1             ] c.s.t.service.PriceSimulatorService.generatePrice@55:
   Price event sent | symbol=BTC price=71744.0219 topic=prices 
2026-05-13T11:27:26.895 [INFO] requestId:[                                    ] thread:[scheduling-1             ] c.s.testHibernate.logging.LoggingAspect.logExecution@33:
   Exiting com.saber.testHibernate.service.PriceSimulatorService.generatePrice | executionTime=3 ms 
2026-05-13T11:28:26.891 [INFO] requestId:[                                    ] thread:[scheduling-1             ] c.s.testHibernate.logging.LoggingAspect.logExecution@28:
   Entering com.saber.testHibernate.service.PriceSimulatorService.generatePrice with args=[] 
2026-05-13T11:28:26.893 [INFO] requestId:[                                    ] thread:[scheduling-1             ] c.s.t.service.PriceSimulatorService.generatePrice@55:
   Price event sent | symbol=BTC price=77768.1715 topic=prices 
2026-05-13T11:28:26.894 [INFO] requestId:[                                    ] thread:[scheduling-1             ] c.s.testHibernate.logging.LoggingAspect.logExecution@33:
   Exiting com.saber.testHibernate.service.PriceSimulatorService.generatePrice | executionTime=3 ms 
2026-05-13T11:29:26.896 [INFO] requestId:[                                    ] thread:[scheduling-1             ] c.s.testHibernate.logging.LoggingAspect.logExecution@28:
   Entering com.saber.testHibernate.service.PriceSimulatorService.generatePrice with args=[] 
2026-05-13T11:29:26.899 [INFO] requestId:[                                    ] thread:[scheduling-1             ] c.s.t.service.PriceSimulatorService.generatePrice@55:
   Price event sent | symbol=ETH price=4159.1050 topic=prices 
2026-05-13T11:29:26.899 [INFO] requestId:[                                    ] thread:[scheduling-1             ] c.s.testHibernate.logging.LoggingAspect.logExecution@33:
   Exiting com.saber.testHibernate.service.PriceSimulatorService.generatePrice | executionTime=3 ms 
2026-05-13T11:30:26.892 [INFO] requestId:[                                    ] thread:[scheduling-1             ] c.s.testHibernate.logging.LoggingAspect.logExecution@28:
   Entering com.saber.testHibernate.service.PriceSimulatorService.generatePrice with args=[] 
2026-05-13T11:30:26.893 [INFO] requestId:[                                    ] thread:[scheduling-1             ] c.s.t.service.PriceSimulatorService.generatePrice@55:
   Price event sent | symbol=AAPL price=130.6129 topic=prices 
2026-05-13T11:30:26.894 [INFO] requestId:[                                    ] thread:[scheduling-1             ] c.s.testHibernate.logging.LoggingAspect.logExecution@33:
   Exiting com.saber.testHibernate.service.PriceSimulatorService.generatePrice | executionTime=2 ms 
2026-05-13T11:31:26.895 [INFO] requestId:[                                    ] thread:[scheduling-1             ] c.s.testHibernate.logging.LoggingAspect.logExecution@28:
   Entering com.saber.testHibernate.service.PriceSimulatorService.generatePrice with args=[] 
2026-05-13T11:31:26.897 [INFO] requestId:[                                    ] thread:[scheduling-1             ] c.s.t.service.PriceSimulatorService.generatePrice@55:
   Price event sent | symbol=AAPL price=137.5552 topic=prices 
2026-05-13T11:31:26.897 [INFO] requestId:[                                    ] thread:[scheduling-1             ] c.s.testHibernate.logging.LoggingAspect.logExecution@33:
   Exiting com.saber.testHibernate.service.PriceSimulatorService.generatePrice | executionTime=2 ms 
2026-05-13T11:32:26.893 [INFO] requestId:[                                    ] thread:[scheduling-1             ] c.s.testHibernate.logging.LoggingAspect.logExecution@28:
   Entering com.saber.testHibernate.service.PriceSimulatorService.generatePrice with args=[] 
2026-05-13T11:32:26.895 [INFO] requestId:[                                    ] thread:[scheduling-1             ] c.s.t.service.PriceSimulatorService.generatePrice@55:
   Price event sent | symbol=AAPL price=134.9333 topic=prices 
2026-05-13T11:32:26.895 [INFO] requestId:[                                    ] thread:[scheduling-1             ] c.s.testHibernate.logging.LoggingAspect.logExecution@33:
   Exiting com.saber.testHibernate.service.PriceSimulatorService.generatePrice | executionTime=2 ms 
2026-05-13T11:33:26.905 [INFO] requestId:[                                    ] thread:[scheduling-1             ] c.s.testHibernate.logging.LoggingAspect.logExecution@28:
   Entering com.saber.testHibernate.service.PriceSimulatorService.generatePrice with args=[] 
2026-05-13T11:33:26.907 [INFO] requestId:[                                    ] thread:[scheduling-1             ] c.s.t.service.PriceSimulatorService.generatePrice@55:
   Price event sent | symbol=BTC price=73084.8104 topic=prices 
2026-05-13T11:33:26.907 [INFO] requestId:[                                    ] thread:[scheduling-1             ] c.s.testHibernate.logging.LoggingAspect.logExecution@33:
   Exiting com.saber.testHibernate.service.PriceSimulatorService.generatePrice | executionTime=2 ms 
2026-05-13T11:34:26.893 [INFO] requestId:[                                    ] thread:[scheduling-1             ] c.s.testHibernate.logging.LoggingAspect.logExecution@28:
   Entering com.saber.testHibernate.service.PriceSimulatorService.generatePrice with args=[] 
2026-05-13T11:34:26.895 [INFO] requestId:[                                    ] thread:[scheduling-1             ] c.s.t.service.PriceSimulatorService.generatePrice@55:
   Price event sent | symbol=GOOG price=189.9093 topic=prices 
2026-05-13T11:34:26.895 [INFO] requestId:[                                    ] thread:[scheduling-1             ] c.s.testHibernate.logging.LoggingAspect.logExecution@33:
   Exiting com.saber.testHibernate.service.PriceSimulatorService.generatePrice | executionTime=2 ms 
2026-05-13T11:35:26.899 [INFO] requestId:[                                    ] thread:[scheduling-1             ] c.s.testHibernate.logging.LoggingAspect.logExecution@28:
   Entering com.saber.testHibernate.service.PriceSimulatorService.generatePrice with args=[] 
2026-05-13T11:35:26.901 [INFO] requestId:[                                    ] thread:[scheduling-1             ] c.s.t.service.PriceSimulatorService.generatePrice@55:
   Price event sent | symbol=ETH price=3962.0642 topic=prices 
2026-05-13T11:35:26.901 [INFO] requestId:[                                    ] thread:[scheduling-1             ] c.s.testHibernate.logging.LoggingAspect.logExecution@33:
   Exiting com.saber.testHibernate.service.PriceSimulatorService.generatePrice | executionTime=2 ms 
2026-05-13T11:36:26.909 [INFO] requestId:[                                    ] thread:[scheduling-1             ] c.s.testHibernate.logging.LoggingAspect.logExecution@28:
   Entering com.saber.testHibernate.service.PriceSimulatorService.generatePrice with args=[] 
2026-05-13T11:36:26.912 [INFO] requestId:[                                    ] thread:[scheduling-1             ] c.s.t.service.PriceSimulatorService.generatePrice@55:
   Price event sent | symbol=BTC price=67498.6865 topic=prices 
2026-05-13T11:36:26.913 [INFO] requestId:[                                    ] thread:[scheduling-1             ] c.s.testHibernate.logging.LoggingAspect.logExecution@33:
   Exiting com.saber.testHibernate.service.PriceSimulatorService.generatePrice | executionTime=4 ms 
2026-05-13T11:37:26.908 [INFO] requestId:[                                    ] thread:[scheduling-1             ] c.s.testHibernate.logging.LoggingAspect.logExecution@28:
   Entering com.saber.testHibernate.service.PriceSimulatorService.generatePrice with args=[] 
2026-05-13T11:37:26.910 [INFO] requestId:[                                    ] thread:[scheduling-1             ] c.s.t.service.PriceSimulatorService.generatePrice@55:
   Price event sent | symbol=ETH price=3616.4784 topic=prices 
2026-05-13T11:37:26.910 [INFO] requestId:[                                    ] thread:[scheduling-1             ] c.s.testHibernate.logging.LoggingAspect.logExecution@33:
   Exiting com.saber.testHibernate.service.PriceSimulatorService.generatePrice | executionTime=2 ms 
2026-05-13T11:38:26.907 [INFO] requestId:[                                    ] thread:[scheduling-1             ] c.s.testHibernate.logging.LoggingAspect.logExecution@28:
   Entering com.saber.testHibernate.service.PriceSimulatorService.generatePrice with args=[] 
2026-05-13T11:38:26.910 [INFO] requestId:[                                    ] thread:[scheduling-1             ] c.s.t.service.PriceSimulatorService.generatePrice@55:
   Price event sent | symbol=ETH price=3676.4814 topic=prices 
2026-05-13T11:38:26.911 [INFO] requestId:[                                    ] thread:[scheduling-1             ] c.s.testHibernate.logging.LoggingAspect.logExecution@33:
   Exiting com.saber.testHibernate.service.PriceSimulatorService.generatePrice | executionTime=4 ms 
2026-05-13T11:39:26.898 [INFO] requestId:[                                    ] thread:[scheduling-1             ] c.s.testHibernate.logging.LoggingAspect.logExecution@28:
   Entering com.saber.testHibernate.service.PriceSimulatorService.generatePrice with args=[] 
2026-05-13T11:39:26.901 [INFO] requestId:[                                    ] thread:[scheduling-1             ] c.s.t.service.PriceSimulatorService.generatePrice@55:
   Price event sent | symbol=GOOG price=180.8623 topic=prices 
2026-05-13T11:39:26.901 [INFO] requestId:[                                    ] thread:[scheduling-1             ] c.s.testHibernate.logging.LoggingAspect.logExecution@33:
   Exiting com.saber.testHibernate.service.PriceSimulatorService.generatePrice | executionTime=3 ms 
2026-05-13T11:40:26.900 [INFO] requestId:[                                    ] thread:[scheduling-1             ] c.s.testHibernate.logging.LoggingAspect.logExecution@28:
   Entering com.saber.testHibernate.service.PriceSimulatorService.generatePrice with args=[] 
2026-05-13T11:40:26.902 [INFO] requestId:[                                    ] thread:[scheduling-1             ] c.s.t.service.PriceSimulatorService.generatePrice@55:
   Price event sent | symbol=AAPL price=133.8729 topic=prices 
2026-05-13T11:40:26.902 [INFO] requestId:[                                    ] thread:[scheduling-1             ] c.s.testHibernate.logging.LoggingAspect.logExecution@33:
   Exiting com.saber.testHibernate.service.PriceSimulatorService.generatePrice | executionTime=2 ms 
2026-05-13T11:41:26.909 [INFO] requestId:[                                    ] thread:[scheduling-1             ] c.s.testHibernate.logging.LoggingAspect.logExecution@28:
   Entering com.saber.testHibernate.service.PriceSimulatorService.generatePrice with args=[] 
2026-05-13T11:41:26.911 [INFO] requestId:[                                    ] thread:[scheduling-1             ] c.s.t.service.PriceSimulatorService.generatePrice@55:
   Price event sent | symbol=BTC price=62133.5023 topic=prices 
2026-05-13T11:41:26.911 [INFO] requestId:[                                    ] thread:[scheduling-1             ] c.s.testHibernate.logging.LoggingAspect.logExecution@33:
   Exiting com.saber.testHibernate.service.PriceSimulatorService.generatePrice | executionTime=2 ms 
2026-05-13T11:42:26.910 [INFO] requestId:[                                    ] thread:[scheduling-1             ] c.s.testHibernate.logging.LoggingAspect.logExecution@28:
   Entering com.saber.testHibernate.service.PriceSimulatorService.generatePrice with args=[] 
2026-05-13T11:42:26.911 [INFO] requestId:[                                    ] thread:[scheduling-1             ] c.s.t.service.PriceSimulatorService.generatePrice@55:
   Price event sent | symbol=AAPL price=126.1570 topic=prices 
2026-05-13T11:42:26.912 [INFO] requestId:[                                    ] thread:[scheduling-1             ] c.s.testHibernate.logging.LoggingAspect.logExecution@33:
   Exiting com.saber.testHibernate.service.PriceSimulatorService.generatePrice | executionTime=2 ms 
2026-05-13T11:43:26.909 [INFO] requestId:[                                    ] thread:[scheduling-1             ] c.s.testHibernate.logging.LoggingAspect.logExecution@28:
   Entering com.saber.testHibernate.service.PriceSimulatorService.generatePrice with args=[] 
2026-05-13T11:43:26.912 [INFO] requestId:[                                    ] thread:[scheduling-1             ] c.s.t.service.PriceSimulatorService.generatePrice@55:
   Price event sent | symbol=BTC price=60674.7838 topic=prices 
2026-05-13T11:43:26.913 [INFO] requestId:[                                    ] thread:[scheduling-1             ] c.s.testHibernate.logging.LoggingAspect.logExecution@33:
   Exiting com.saber.testHibernate.service.PriceSimulatorService.generatePrice | executionTime=4 ms 
2026-05-13T11:44:26.906 [INFO] requestId:[                                    ] thread:[scheduling-1             ] c.s.testHibernate.logging.LoggingAspect.logExecution@28:
   Entering com.saber.testHibernate.service.PriceSimulatorService.generatePrice with args=[] 
2026-05-13T11:44:26.908 [INFO] requestId:[                                    ] thread:[scheduling-1             ] c.s.t.service.PriceSimulatorService.generatePrice@55:
   Price event sent | symbol=BTC price=64622.5086 topic=prices 
2026-05-13T11:44:26.908 [INFO] requestId:[                                    ] thread:[scheduling-1             ] c.s.testHibernate.logging.LoggingAspect.logExecution@33:
   Exiting com.saber.testHibernate.service.PriceSimulatorService.generatePrice | executionTime=2 ms 
2026-05-13T11:45:26.910 [INFO] requestId:[                                    ] thread:[scheduling-1             ] c.s.testHibernate.logging.LoggingAspect.logExecution@28:
   Entering com.saber.testHibernate.service.PriceSimulatorService.generatePrice with args=[] 
2026-05-13T11:45:26.912 [INFO] requestId:[                                    ] thread:[scheduling-1             ] c.s.t.service.PriceSimulatorService.generatePrice@55:
   Price event sent | symbol=BTC price=58823.0280 topic=prices 
2026-05-13T11:45:26.913 [INFO] requestId:[                                    ] thread:[scheduling-1             ] c.s.testHibernate.logging.LoggingAspect.logExecution@33:
   Exiting com.saber.testHibernate.service.PriceSimulatorService.generatePrice | executionTime=3 ms 
2026-05-13T11:46:26.913 [INFO] requestId:[                                    ] thread:[scheduling-1             ] c.s.testHibernate.logging.LoggingAspect.logExecution@28:
   Entering com.saber.testHibernate.service.PriceSimulatorService.generatePrice with args=[] 
2026-05-13T11:46:26.916 [INFO] requestId:[                                    ] thread:[scheduling-1             ] c.s.t.service.PriceSimulatorService.generatePrice@55:
   Price event sent | symbol=GOOG price=168.6017 topic=prices 
2026-05-13T11:46:26.917 [INFO] requestId:[                                    ] thread:[scheduling-1             ] c.s.testHibernate.logging.LoggingAspect.logExecution@33:
   Exiting com.saber.testHibernate.service.PriceSimulatorService.generatePrice | executionTime=4 ms 
2026-05-13T11:47:26.907 [INFO] requestId:[                                    ] thread:[scheduling-1             ] c.s.testHibernate.logging.LoggingAspect.logExecution@28:
   Entering com.saber.testHibernate.service.PriceSimulatorService.generatePrice with args=[] 
2026-05-13T11:47:26.911 [INFO] requestId:[                                    ] thread:[scheduling-1             ] c.s.t.service.PriceSimulatorService.generatePrice@55:
   Price event sent | symbol=ETH price=3399.2142 topic=prices 
2026-05-13T11:47:26.912 [INFO] requestId:[                                    ] thread:[scheduling-1             ] c.s.testHibernate.logging.LoggingAspect.logExecution@33:
   Exiting com.saber.testHibernate.service.PriceSimulatorService.generatePrice | executionTime=5 ms 
2026-05-13T11:48:26.914 [INFO] requestId:[                                    ] thread:[scheduling-1             ] c.s.testHibernate.logging.LoggingAspect.logExecution@28:
   Entering com.saber.testHibernate.service.PriceSimulatorService.generatePrice with args=[] 
2026-05-13T11:48:26.917 [INFO] requestId:[                                    ] thread:[scheduling-1             ] c.s.t.service.PriceSimulatorService.generatePrice@55:
   Price event sent | symbol=GOOG price=177.6466 topic=prices 
2026-05-13T11:48:26.917 [INFO] requestId:[                                    ] thread:[scheduling-1             ] c.s.testHibernate.logging.LoggingAspect.logExecution@33:
   Exiting com.saber.testHibernate.service.PriceSimulatorService.generatePrice | executionTime=3 ms 
2026-05-13T11:49:26.905 [INFO] requestId:[                                    ] thread:[scheduling-1             ] c.s.testHibernate.logging.LoggingAspect.logExecution@28:
   Entering com.saber.testHibernate.service.PriceSimulatorService.generatePrice with args=[] 
2026-05-13T11:49:26.907 [INFO] requestId:[                                    ] thread:[scheduling-1             ] c.s.t.service.PriceSimulatorService.generatePrice@55:
   Price event sent | symbol=BTC price=58967.3427 topic=prices 
2026-05-13T11:49:26.907 [INFO] requestId:[                                    ] thread:[scheduling-1             ] c.s.testHibernate.logging.LoggingAspect.logExecution@33:
   Exiting com.saber.testHibernate.service.PriceSimulatorService.generatePrice | executionTime=2 ms 
2026-05-13T11:50:12.350 [INFO] requestId:[                                    ] thread:[ngApplicationShutdownHook] o.a.kafka.clients.producer.KafkaProducer.close@1310:
   [Producer clientId=producer-1] Closing the Kafka producer with timeoutMillis = 30000 ms. 
2026-05-13T11:50:12.358 [INFO] requestId:[                                    ] thread:[ngApplicationShutdownHook] org.apache.kafka.common.metrics.Metrics.close@693:
   Metrics scheduler closed 
2026-05-13T11:50:12.359 [INFO] requestId:[                                    ] thread:[ngApplicationShutdownHook] org.apache.kafka.common.metrics.Metrics.close@697:
   Closing reporter org.apache.kafka.common.metrics.JmxReporter 
2026-05-13T11:50:12.359 [INFO] requestId:[                                    ] thread:[ngApplicationShutdownHook] org.apache.kafka.common.metrics.Metrics.close@703:
   Metrics reporters closed 
2026-05-13T11:50:12.360 [INFO] requestId:[                                    ] thread:[ngApplicationShutdownHook] o.a.kafka.common.utils.AppInfoParser.unregisterAppInfo@83:
   App info kafka.producer for producer-1 unregistered 
